model,scenario,variable,unit,region,2015,2020,2025,2030,2035,2040,2045,2050,2055,2060,2065,2070,2075,2080,2085,2090,2095,2100
model_a,scenario_a,Emissions|BC,Mt BC/yr,World,19.01125568365128,21.43279828777472,23.20962937820649,21.87128243923566,24.00869677309445,21.71946519602402,23.033341738046417,20.487118514359587,18.47954252764982,19.526553544036116,19.250983424180216,20.98327835477152,19.933529349163866,23.405842116031042,19.433723717371166,22.878514284494926,21.13954872598766,23.41144311296875
model_a,scenario_a,Emissions|BC|AFOLU,Mt BC/yr,World,7.616295865131546,9.823348367075948,9.618524964121715,9.287023808396688,9.510564805920268,9.918602170880135,9.663234325115889,9.321560806957994,8.03431127457667,8.86897358935622,7.074105902753295,8.169088979735047,10.242146463067474,9.551872268403859,8.532126290546888,9.420335371389971,9.734964892462024,9.459990610020217
model_a,scenario_a,Emissions|BC|AFOLU|Agricultural Waste Burning,Mt BC/yr,World,0.44092658167563903,0.9383075958685768,1.162681174765686,0.8592915390344668,1.3255466808600973,0.5676786942432479,1.5969472059825214,1.297408273274202,1.003162521286976,0.7013712319975521,0.6447510528197579,0.2029427017978339,0.8052465834637701,0.7075275234600941,0.8026633875911968,0.8510352764802833,1.1140709671148372,1.4554515477688423
model_a,scenario_a,Emissions|BC|AFOLU|Agriculture,Mt BC/yr,World,1.5283544207013025,0.7500953428327571,0.8546776631438554,0.7527848648794927,0.6473982760601736,0.6797619824829019,1.4048661366365156,1.1152217591227842,0.9673485904660847,1.1493584251237303,0.8034888282854199,1.0416210264223538,0.9256646730887037,1.2472304530267553,0.8522685484254182,0.48540295865271144,1.674017689002024,0.6492254811169749
model_a,scenario_a,Emissions|BC|AFOLU|Land,Mt BC/yr,World,5.647014862754605,8.134945428374612,7.601166126212172,7.674947404482728,7.537619848999997,8.671161494153985,6.6614209824968516,6.908930774561009,6.063800162823609,7.018243932234938,5.625866021648116,6.924525251514861,8.511235206515,7.597114291917009,6.877194354530275,8.083897136256976,6.946876236345164,7.3553135811344
model_a,scenario_a,Emissions|BC|AFOLU|Land|Fires,Mt BC/yr,World,2.843784277096168,3.430748720752385,3.367546844277749,3.4698254442872245,3.134188268006173,3.4996069723645085,2.367866850709436,2.936478884973186,2.8843761123658,3.361646449854369,3.274760878628875,3.571669457486274,3.3857999558695777,3.441051543278739,2.945567673688349,3.9658942275336404,3.1698473991264375,2.885408920458553
model_a,scenario_a,Emissions|BC|AFOLU|Land|Fires|Forest Burning,Mt BC/yr,World,0.9176104016369787,0.9483103249874905,1.0348434087327627,0.9401931253402289,1.5097175831127125,1.357128418654522,1.7532709156143977,1.120558454259867,0.5050543845829744,0.23328604287213883,0.5285454026532229,0.8270877594721356,1.7113951003693333,0.6363925477374742,0.561197250393177,1.0358107092730422,1.5161446614582352,1.0073517775682999
model_a,scenario_a,Emissions|BC|AFOLU|Land|Fires|Grassland Burning,Mt BC/yr,World,1.0601283765570613,1.8754770106026357,1.2391972830679439,1.6777404126227689,0.8436847617250203,1.5011261320918958,0.48738750424435706,0.8965498793780527,1.257414366037887,1.9430569352928742,1.2600823368959162,1.0780696336546929,0.9477805053715879,1.3637178221218353,1.153055220149068,1.2105696064404965,1.1729919213162505,0.5842455965555498
model_a,scenario_a,Emissions|BC|AFOLU|Land|Fires|Peat Burning,Mt BC/yr,World,0.8660454989021279,0.6069613851622588,1.0935061524770422,0.8518919063242266,0.7807859231684399,0.6413524216180906,0.12720843085068123,0.9193705513352666,1.121907361744939,1.1853034716893558,1.4861331390797359,1.666512064359446,0.7266243501286567,1.4409411734194297,1.2313152031461043,1.7195139118201022,0.4807108163519519,1.2938115463347035
model_a,scenario_a,Emissions|BC|AFOLU|Land|Harvested Wood Products,Mt BC/yr,World,0.9295352318231577,1.3581916869432122,0.5693206255840761,1.0757958446751568,0.6948904826083306,1.297568361150407,1.5448095682477008,1.2550964836532885,1.101841822523876,0.6714999685593258,1.3572147914878232,0.9563424943386288,1.311105003019431,0.7060495514732308,0.3307906171246584,1.0172764961807366,0.9041460225813446,0.7080955029875072
model_a,scenario_a,Emissions|BC|AFOLU|Land|Land Use and Land-Use Change,Mt BC/yr,World,0.8494848891628564,1.3841376301169444,1.3725389411233304,1.2904674936936553,1.5494438602796552,1.0167663677709564,0.5326400003722729,0.5671904988036014,0.6738488243343966,1.3701218480447754,0.4211341194850674,1.158171527416014,1.4318583110893994,1.4579177575318512,0.9820387258118403,1.5822139642848874,0.5522712393513571,1.3680454537537754
model_a,scenario_a,Emissions|BC|AFOLU|Land|Other,Mt BC/yr,World,0.5434290540344274,1.1016469510850695,1.338505381160799,0.6127512252481017,1.2700310060176374,1.7213825221886712,1.325220793660203,1.1891182485738563,0.8497866029451524,1.1724843537168317,0.344157319912877,1.0923760268006677,1.8648141255411195,1.4032454339864877,0.9030736557609913,1.0830089774382008,1.0786046189141039,0.9617514533089563
model_a,scenario_a,Emissions|BC|AFOLU|Land|Wetlands,Mt BC/yr,World,0.48078141063799584,0.8602204394770011,0.9532543340662182,1.2261073965785898,0.8890662320882006,1.135837270679442,0.8908837695072395,0.961046658557076,0.5539468006543837,0.4424913120596362,0.22859891213347316,0.1459657454732768,0.5176578109954716,0.5888500056467002,1.7157236821444353,0.435503470819511,1.2420069563719216,1.4320122506256086
model_a,scenario_a,Emissions|BC|Energy,Mt BC/yr,World,8.220171221780342,7.011520678069906,9.288575401558072,8.602265355508923,9.5054972225945,8.869782842833303,9.317574027119164,6.936731048400324,6.8167210006030095,7.32371609582366,7.887883204292259,9.365207548541768,5.966301444222166,9.770152274686344,7.0684890460560705,8.662532231290992,6.679964285151893,8.92997346686276
model_a,scenario_a,Emissions|BC|Energy|Demand,Mt BC/yr,World,7.499543981219931,6.448109915263929,8.338524930528754,7.8254769749602495,8.351736078425928,8.220641321839413,8.216086036925919,6.580191802332733,6.063437800403182,6.453330821702218,7.433483900871611,7.967151533434296,5.381435290604594,8.866380507796242,5.936263790096881,8.033260859128347,5.414697779961971,7.965061690757395
model_a,scenario_a,Emissions|BC|Energy|Demand|Bunkers,Mt BC/yr,World,1.9414464163790037,1.044611306263198,1.9390163738470383,2.7131732809892055,2.2874237065060132,1.3831284215073438,2.011535898210309,2.4611714374225877,1.8576831511250915,1.5579396069421199,2.044463873890412,1.9418019512952591,1.9573353308244084,2.7682309258627384,0.9597412848312654,2.182693211236245,2.2055935709009815,2.9700058125155544
model_a,scenario_a,Emissions|BC|Energy|Demand|Bunkers|International Aviation,Mt BC/yr,World,0.5682776248294817,0.09766127199563668,1.0108574829892238,1.0773261212814398,0.8806262022160856,0.5820657713683751,1.07772822820408,0.9818370537174974,1.0617733046586209,0.7884378732270398,0.8458398590965103,1.1763544736029992,1.0124890496478998,1.533555947072944,0.5086473887145544,0.9176388331231918,1.6005430417331659,1.3461912403863945
model_a,scenario_a,Emissions|BC|Energy|Demand|Bunkers|International Shipping,Mt BC/yr,World,1.3731687915495219,0.9469500342675614,0.9281588908578143,1.635847159707766,1.406797504289928,0.8010626501389686,0.9338076700062289,1.4793343837050903,0.7959098464664706,0.76950173371508,1.1986240147939018,0.7654474776922598,0.9448462811765084,1.2346749787897946,0.451093896116711,1.2650543781130528,0.6050505291678159,1.6238145721291601
model_a,scenario_a,Emissions|BC|Energy|Demand|Industry,Mt BC/yr,World,1.358520825691117,0.6491284386266356,1.3433666913527857,0.8978318504142787,0.8434138596103414,0.9409433557180137,1.47602790086989,0.5950233571030374,0.7297244181203512,0.9886156269510429,1.0132129484382733,1.3978519858338996,0.4355852754227848,1.4608813030552563,0.7974547092212919,0.7725031383430774,0.5374325458577915,0.2531392778714495
model_a,scenario_a,Emissions|BC|Energy|Demand|Other Sector,Mt BC/yr,World,1.1364574519371193,0.9374979399733345,0.8874021684563151,1.185053468179374,1.8457348020332098,1.3298497344241333,1.4446508194363674,0.6215511810360077,0.5036112507942196,0.7785456777204403,0.8864512752292018,1.0131247681224456,0.6201202297298712,1.4677284667087447,0.9047122723721898,1.2931570321475634,0.8088486775376401,1.2364294750041056
model_a,scenario_a,Emissions|BC|Energy|Demand|Residential and Commercial and AFOFI,Mt BC/yr,World,0.9623624390544112,1.0243379605151688,1.3223795545909205,0.9153883814336357,1.023566857556668,1.435726257796096,0.8398696964264872,1.1907209284318765,0.9295282570318665,1.1044758210339187,0.7229090750771612,1.4156712242586134,0.42196238144391807,1.750707142357744,1.0699441688672096,1.4131920769992994,0.5613125508175514,1.7840244384928572
model_a,scenario_a,Emissions|BC|Energy|Demand|Transportation,Mt BC/yr,World,2.10075684815828,2.7925342698855924,2.8463601422816946,2.1140299939437552,2.351596852719695,3.130993552393826,2.444001721982864,1.7117248983392244,2.042890723331654,2.0237540890546963,2.766446728236562,2.1987016039240785,1.9464320731836122,1.4188326698117582,2.204411354804924,2.3717154004021634,1.3015104348480069,1.7214626868734282
model_a,scenario_a,Emissions|BC|Energy|Demand|Transportation|Domestic Aviation,Mt BC/yr,World,1.2698733390149675,1.7105494315870338,1.5990213322556321,0.9501769290204667,1.3088363967859427,1.7021699468610914,0.9665621249381928,0.8738009570508312,1.038260246885239,0.8486604123746079,1.4462651870468906,0.6002051124477101,1.2897293142428818,0.4279461874517715,1.5547191411336168,1.1973069186606198,0.14843018805323138,1.2130996567298116
model_a,scenario_a,Emissions|BC|Energy|Demand|Transportation|Rail,Mt BC/yr,World,0.8308835091433127,1.0819848382985586,1.2473388100260625,1.1638530649232885,1.0427604559337524,1.4288236055327348,1.477439597044671,0.8379239412883932,1.004630476446415,1.1750936766800884,1.3201815411896716,1.5984964914763684,0.6567027589407303,0.9908864823599864,0.6496922136713074,1.1744084817415437,1.1530802467947754,0.5083630301436168
model_a,scenario_a,Emissions|BC|Energy|Supply,Mt BC/yr,World,0.72062724056041,0.5634107628059767,0.9500504710293177,0.7767883805486728,1.1537611441685716,0.6491415209938894,1.1014879901932448,0.35653924606759013,0.7532832001998268,0.8703852741214428,0.4543993034206484,1.3980560151074708,0.584866153617572,0.903771766890103,1.1322252559591894,0.6292713721626441,1.265266505189922,0.9649117761053654
model_a,scenario_a,Emissions|BC|Industrial Processes,Mt BC/yr,World,0.7027847501510371,0.8586668887551923,0.7276156222338263,0.7563789145976548,1.0121063970960216,1.1969381839755382,0.8752269889916016,1.0558978733370084,0.6569533198984286,1.3662487513810828,1.443779255881377,0.16933900705785843,1.0380934981054004,1.7031874023902671,1.1852662140848174,1.3223984610969628,1.4300888259599853,1.6557352056958021
model_a,scenario_a,Emissions|BC|Other,Mt BC/yr,World,0.7403742123143743,0.6882381834741634,1.106514887858164,1.0556537795407155,1.203944179077805,0.6890191621732353,1.5321785769995602,0.9763580336920616,0.9701562081402899,0.8221392495352912,0.8151565408751974,0.8231035896180715,0.8256253499233369,0.3280230611922269,0.7808948677117074,1.0658293368151792,0.8270776765343939,0.9538821569625126
model_a,scenario_a,Emissions|BC|Product Use,Mt BC/yr,World,0.4139231380669287,1.2955160920339368,1.4177495035612195,1.4851360181762072,0.9285618339863055,0.6833212606146353,0.9103785222722708,0.8866248892554793,1.4332622285301166,0.6558244787764854,1.3495104243962797,0.9428203268279323,1.5051506943047555,1.0366779389545484,1.091350203239689,1.6022027603644486,1.1624973565406593,0.9149565351435276
model_a,scenario_a,Emissions|BC|Waste,Mt BC/yr,World,1.3177064962070544,1.7555080783655757,1.0506489988734942,0.6848245630154742,1.8480223344195512,0.3618015755471743,0.7347492975479293,1.3099458627167175,0.5681384959013007,0.4896513791633761,0.6805480959818088,1.5137189029908438,0.35621189954073584,1.0159291704037972,0.7755970957319941,0.8052161235373738,1.3049556893387007,1.4969051382839305
model_a,scenario_a,Emissions|CH4,Mt CH4/yr,World,19.946207853437297,22.863977291614326,22.499942272422985,23.01521594221704,19.38243349607842,25.093471737512576,19.301241606862106,20.77206831782531,18.94561298529132,21.377676850305814,18.651904830323815,22.74851534600443,23.75325835926738,19.142465093795835,23.444091297307743,21.261899310455618,23.13004852037798,21.069837258951296
model_a,scenario_a,Emissions|CH4|AFOLU,Mt CH4/yr,World,8.902706131782613,9.28833323250291,11.506645685507676,9.894876963036534,7.296933049788904,10.502716487201198,10.165122894677388,9.34215300484775,9.047635722479882,9.145734516138532,6.542922388602695,9.288522867017273,10.391985196086477,7.485611562684081,10.746033634404084,8.60063942723597,11.87302026605018,7.176598236710703
model_a,scenario_a,Emissions|CH4|AFOLU|Agricultural Waste Burning,Mt CH4/yr,World,1.037608608621309,1.4281993406454454,1.3856848346502941,1.0720121799090476,1.109100708122157,1.4201109579310511,0.9352675107547178,0.7595849115739881,0.7740527251113455,1.2478616578935617,0.9780533060066559,1.0544904761543736,0.2045507054347554,0.43184701688761595,1.1756501827399697,0.691927857736226,1.4721571937226634,0.3741722314049639
model_a,scenario_a,Emissions|CH4|AFOLU|Agriculture,Mt CH4/yr,World,1.6395827962728227,0.6757305116244615,1.2359783034651404,1.2742659359069113,0.6040459739611164,1.2218093108118793,1.1394173457993824,0.6590087997971228,1.3072129289108396,1.4395056891475368,1.0797990065663874,0.991262237069336,1.0831527274784967,0.3064211753686411,0.9672061099367582,1.3751357704366827,1.3350775343873782,0.5247327993049872
model_a,scenario_a,Emissions|CH4|AFOLU|Land,Mt CH4/yr,World,6.225514726888481,7.184403380233005,8.88498254739224,7.548598847220575,5.58378636770563,7.860796218458267,8.090438038123288,7.9235592934766395,6.966370068457698,6.458367169097434,4.485070076029651,7.242770153793563,9.104281763173223,6.747343370427824,8.603177341727356,6.533575799063062,9.065785537940139,6.277693206000752
model_a,scenario_a,Emissions|CH4|AFOLU|Land|Fires,Mt CH4/yr,World,2.566198529030255,3.4685662871757654,4.355624413568725,3.107131262190924,1.8392309564903613,3.763624647051313,3.2931173052403295,3.003012925139443,3.774988245360731,3.7696866311449897,0.7643359449802918,2.5195570403014664,4.604339805942467,3.278135066676631,2.4842943038865224,2.119266936670751,3.4856251143658854,2.8550893801836112
model_a,scenario_a,Emissions|CH4|AFOLU|Land|Fires|Forest Burning,Mt CH4/yr,World,0.3117597306149823,1.008837995732522,1.3740645480440241,1.0915948239530304,0.3974988345341006,1.2003645776399061,0.9132809614140921,1.1343954996036456,1.6722716041567103,1.1857854107314452,0.2714886553557839,0.6462465316085055,1.9869600550242685,0.9191264686538276,0.883076548645818,0.7330021924243136,0.8031621148113208,0.21219842906756814
model_a,scenario_a,Emissions|CH4|AFOLU|Land|Fires|Grassland Burning,Mt CH4/yr,World,1.3010659489877763,1.4480684944085866,1.420583028532032,0.8636570164520306,0.4220726467942717,1.3870559382364909,1.1489475959596591,1.0302645196058235,0.6507167292401532,1.7064042305894094,0.1939546304730655,0.6764583020155222,1.7268277402787673,1.1394997588211933,1.0512114533544348,0.8999635273647114,1.2787781165208298,1.5145064058609705
model_a,scenario_a,Emissions|CH4|AFOLU|Land|Fires|Peat Burning,Mt CH4/yr,World,0.9533728494274964,1.0116597970346572,1.560976836992669,1.151879421785863,1.0196594751619887,1.1762041311749163,1.2308887478665782,0.8383529059299739,1.4519999119638676,0.8774969898241355,0.29889265915144236,1.1968522066774385,0.8905520106394309,1.2195088392016102,0.5500063018862695,0.4863012168817258,1.4036848830337347,1.128384545255073
model_a,scenario_a,Emissions|CH4|AFOLU|Land|Harvested Wood Products,Mt CH4/yr,World,0.6747126308754923,0.7028500789144705,0.38295092697051514,0.948608635922137,0.9656490014009576,0.9654700593929227,1.5955018943503514,0.8939193715596759,1.2297524968544444,0.643528095348654,1.161865054043902,1.1414354527423227,0.8511626147359661,1.1066592175755101,1.7302798784015097,1.848082207967194,1.471672319379456,1.4067458407971103
model_a,scenario_a,Emissions|CH4|AFOLU|Land|Land Use and Land-Use Change,Mt CH4/yr,World,1.0736131991066964,0.9703075465266262,1.2779101284748107,0.9626814193539572,1.218536607397521,1.4690628221028723,1.0463438253780055,1.3557527427695408,0.5217869875593847,0.5052687026548077,0.5805490293313458,1.0228221460599425,0.7848878420747634,0.5227020558378621,1.5753344752749672,0.8248292446703983,1.4667498877569316,0.3617859648099926
model_a,scenario_a,Emissions|CH4|AFOLU|Land|Other,Mt CH4/yr,World,0.9946448517660239,0.9075476997998324,1.838243985035056,1.4362335320611281,0.39735332292731473,1.1530456290047895,1.682341207414084,0.8568258928118161,0.8276345449978217,0.7942249898807281,0.9023535746007487,1.8647217513867473,1.279069103310281,0.8302179335120901,1.357665038336449,1.0116907284086865,1.219008134591907,0.5139105955669068
model_a,scenario_a,Emissions|CH4|AFOLU|Land|Wetlands,Mt CH4/yr,World,0.9163455161100131,1.1351317678163102,1.0302530933431349,1.0939439976924272,1.163016479489476,0.5095930609063698,0.4731338057405168,1.8140483611961633,0.612207793685316,0.7456587500682548,1.0759664730733631,0.6942337633030827,1.584822397109746,1.0096290968257309,1.455603645827908,0.7297066813460323,1.4227300818459585,1.1401614246431304
model_a,scenario_a,Emissions|CH4|Energy,Mt CH4/yr,World,7.323898997453108,8.419871541493478,7.6350746290657145,8.551907790804576,9.023420812590572,10.92589562551483,5.816287164415911,7.242640125235704,6.006025185635436,9.14957273516683,8.037823547319363,8.28245809847947,9.250977209043722,7.775477651270839,8.391258370668988,9.316532351372151,7.490257855381542,8.519560358179412
model_a,scenario_a,Emissions|CH4|Energy|Demand,Mt CH4/yr,World,6.31792226736237,7.434332484414185,6.2889014506065966,7.2458100331156,8.215435578308831,9.509238526645145,4.755366639357754,6.349751879575303,5.4418417331768705,7.94141222511316,6.279947510181007,6.67616156639487,8.099562977820964,6.518877100985176,7.054406360215081,8.490257085234859,6.298043286559794,7.579422678660967
model_a,scenario_a,Emissions|CH4|Energy|Demand|Bunkers,Mt CH4/yr,World,2.3315509239512178,1.8952950771143395,1.259476264258037,2.1718375994691947,2.2843839606239484,1.3941213478421886,1.0288540424210746,2.4065145686838303,1.3392541352776117,1.894810109047995,2.341898422499825,2.684968162572215,1.820069122451042,2.1063809527635735,2.7389670997753637,2.8496633641500844,1.7739331765304542,2.4372144855655082
model_a,scenario_a,Emissions|CH4|Energy|Demand|Bunkers|International Aviation,Mt CH4/yr,World,1.29188739123442,0.5729175983806332,0.7971830605790912,1.407360311370609,1.2622657989681167,0.7606518316787104,0.0315297473766748,0.5751582576216105,0.8421122671727829,0.944628635534016,0.7570377980154268,1.0599966058808685,0.8848215622600816,1.0277116676834823,1.222120473334011,1.4626064754463846,0.7687391492519225,1.577651415856948
model_a,scenario_a,Emissions|CH4|Energy|Demand|Bunkers|International Shipping,Mt CH4/yr,World,1.0396635327167978,1.3223774787337064,0.462293203678946,0.7644772880985855,1.0221181616558315,0.6334695161634782,0.9973242950443997,1.83135631106222,0.49714186810482897,0.9501814735139791,1.5848606244843984,1.6249715566913459,0.9352475601909602,1.0786692850800912,1.5168466264413525,1.3870568887036998,1.0051940272785318,0.8595630697085602
model_a,scenario_a,Emissions|CH4|Energy|Demand|Industry,Mt CH4/yr,World,1.3152578146643514,0.7900138867718008,1.626699889300422,1.570948301151351,1.2444381668381317,1.7076021961171557,1.4084299051490885,0.7720282087600621,0.7208675241832889,1.048382855147998,1.4472257165086764,0.8350572165151352,0.9960437349576939,1.5518417001512943,1.3700117067704856,1.0099302200630067,1.2675655554590692,1.36936794767011
model_a,scenario_a,Emissions|CH4|Energy|Demand|Other Sector,Mt CH4/yr,World,0.885417285992482,0.8035884380253325,1.1079278250456683,1.0303300035878988,1.0570143908147744,1.6106933582470389,0.6555138525131088,0.6998459872222408,0.3512722108608284,1.4638053354407399,0.8138387263899199,0.466995058867812,0.649638786496843,0.37013946598505376,0.9864612483806383,1.009305932434677,0.40656743418408503,0.9559313058801795
model_a,scenario_a,Emissions|CH4|Energy|Demand|Residential and Commercial and AFOFI,Mt CH4/yr,World,0.3538162395236236,1.7000796928075688,0.8177111301791882,0.6521754676307301,0.878812864452577,1.8208748819639675,0.780057502814128,0.6762632013531048,0.7847763833311813,1.148788388144339,0.4681190981005793,0.33334797034314745,1.271469564955619,0.9924723007035665,0.8916254843009671,1.7676762161407393,0.7392756052086138,1.1276716351280542
model_a,scenario_a,Emissions|CH4|Energy|Demand|Transportation,Mt CH4/yr,World,1.4318800032306949,2.2453553896951424,1.4770863418232807,1.8205186612764255,2.7507861955794013,2.9759467424747945,0.8825113364603537,1.7950999135560648,2.24567147952396,2.385625537332088,1.208865546682006,2.355793158096561,3.3623417689597668,1.4980426813816892,1.067340820987626,1.8536813524463516,2.1107015151775714,1.6892373044171154
model_a,scenario_a,Emissions|CH4|Energy|Demand|Transportation|Domestic Aviation,Mt CH4/yr,World,0.5818394353524604,0.9578916864309097,0.9895594042555682,0.8417681337199365,0.9294222077905395,1.2922908551114065,0.4788397344427673,0.8045467081777192,0.7990585648463544,1.0642322567419809,0.6549483033910333,0.8173601807595432,1.6675745340244832,0.7911990034632864,0.8435984744809764,1.1306208549728813,1.5102581160848223,0.5566382804103578
model_a,scenario_a,Emissions|CH4|Energy|Demand|Transportation|Rail,Mt CH4/yr,World,0.8500405678782343,1.2874637032642327,0.48752693756771237,0.9787505275564891,1.8213639877888619,1.6836558873633878,0.40367160201758645,0.9905532053783455,1.4466129146776052,1.321393280590107,0.5539172432909727,1.5384329773370178,1.6947672349352836,0.7068436779184027,0.2237423465066497,0.7230604974734703,0.600443399092749,1.1325990240067576
model_a,scenario_a,Emissions|CH4|Energy|Supply,Mt CH4/yr,World,1.0059767300907385,0.9855390570792927,1.3461731784591189,1.3060977576889752,0.8079852342817402,1.4166570988696845,1.0609205250581577,0.892888245660401,0.5641834524585655,1.2081605100536696,1.7578760371383562,1.606296532084601,1.1514142312227569,1.2566005502856625,1.3368520104539066,0.8262752661372924,1.1922145688217485,0.940137679518444
model_a,scenario_a,Emissions|CH4|Industrial Processes,Mt CH4/yr,World,1.0313244511451458,0.9970075561804121,0.926116055798575,1.5497022717123299,0.9694156802471091,1.544149908509974,0.3848375429611419,0.8705772848627802,0.5834804057594676,0.4714671684918458,1.3895525377817353,1.5046024700834024,1.258533447591567,0.3843547496841413,1.2950170314305116,0.5232257187495597,0.7492988053331464,1.2276996510763656
model_a,scenario_a,Emissions|CH4|Other,Mt CH4/yr,World,0.9389664575157542,0.9983236355105773,0.5086516798034671,0.3441984793937277,0.12832433215750083,0.539584661898622,1.330440930271918,0.7463143383336588,0.7340343381095576,0.8836436435269103,1.2007374870401155,1.3525384919397418,0.293931479109208,1.0259413737339942,1.303685542451107,1.2317862000315578,1.2966048209176035,1.5504646578036172
model_a,scenario_a,Emissions|CH4|Product Use,Mt CH4/yr,World,0.889110727330533,1.5798089159767117,1.1747648429294417,1.0410070989085303,1.0732368489479576,0.6371286077980121,0.12782721193015134,1.0744436064396625,1.3317276391614619,0.7891512598553486,0.5153801430025732,1.434102622842051,1.6518620489883578,1.4734711700007335,0.7817695578401117,1.287852573330654,0.41852724997667434,1.0595319558930338
model_a,scenario_a,Emissions|CH4|Waste,Mt CH4/yr,World,0.860201088210143,1.5806324099502345,0.7486893793181096,1.6335233383613408,0.8911027723463756,0.94399644658994,1.4767258626055964,1.4959399581057529,1.2427096941455145,0.9381075271263479,0.9654887265773354,0.8862907956424909,0.9059689784480516,0.9976085864220436,0.9263271605129433,0.30186303973572426,1.3023395227188326,1.535982399288165
model_a,scenario_a,Emissions|CO,Mt CO/yr,World,20.962208706544025,20.60056371863416,21.802341765131853,19.244238256010505,18.929091153470516,17.97317835353235,18.31560328167535,20.603353163147226,23.716117385734307,22.170254087727848,22.295352328109402,22.240249298004656,20.515080814338056,22.335890364307627,24.821635380741142,16.958185461844913,19.776560572985623,21.331297567190067
model_a,scenario_a,Emissions|CO2,Mt CO2/yr,World,16.787790888653845,20.067150851401152,17.979055508054877,14.91523248453517,18.201423152626013,19.25575277545077,19.017993016636154,18.743560778328458,18.773426630287982,20.071804451783358,19.577261302021903,18.63221823104802,17.71709914302931,20.12007008438351,18.48804763533152,18.807472793524482,21.898331847460867,17.543832349808625
model_a,scenario_a,Emissions|CO2|AFOLU,Mt CO2/yr,World,7.069847607360915,6.4157467924398714,7.74455556977261,4.868061730119967,4.349974506167944,8.017617771239383,7.8677254882205325,6.827414844299568,7.724856332994171,7.917244157405909,5.8754645973211534,8.743344227147686,5.5623414698458085,7.413787802211964,6.60923732284413,6.443577655746013,9.203037749912983,6.582817248156029
model_a,scenario_a,Emissions|CO2|AFOLU|Agricultural Waste Burning,Mt CO2/yr,World,1.367030977819129,0.3431040374104264,1.140551863517755,0.8561282881689096,0.4150101771391199,1.0890305018542428,0.7329474047940512,0.9965826504221668,1.3865483539984629,1.7957237880278045,0.3517719103419218,1.2849770901678,1.3297828280358441,1.2004885864427681,0.5636796835067415,0.37977951655853703,0.826095838630422,0.9910753741602187
model_a,scenario_a,Emissions|CO2|AFOLU|Agriculture,Mt CO2/yr,World,1.364871353684424,1.4957896190155955,1.118602648081321,0.39418986729982675,0.11964105464382768,0.900522494006529,1.2363904925255467,1.361278939550589,1.7758610759297544,1.4101202889697144,0.8196577202827627,1.027822831963603,1.1841418770009606,1.4751040275647043,0.6185714094064361,1.243815418137551,1.5010085515628635,1.3363895628208193
model_a,scenario_a,Emissions|CO2|AFOLU|Land,Mt CO2/yr,World,4.337945275857362,4.57685313601385,5.485401058173533,3.6177435746512305,3.815323274384996,6.028064775378611,5.898387590900935,4.4695532543268115,4.562446903065954,4.7114000804083895,4.70403496669647,6.430544305016284,3.048416764809004,4.738195188204491,5.426986229930954,4.819982721049925,6.8759333597196965,4.25535231117499
model_a,scenario_a,Emissions|CO2|AFOLU|Land|Fires,Mt CO2/yr,World,0.3464984825425026,1.279449103450692,0.3472758925737074,0.9850996453230632,0.49186538217870834,1.4564370540904932,0.5347595665401383,1.3524769201870246,0.9847676382121279,0.7061682611703648,0.22719322757191396,1.4653007469482295,1.0400389624633646,0.9902667299535264,0.5261137242911285,0.9166589519617294,0.7399079071141079,0.48178594201850655
model_a,scenario_a,Emissions|CO2|AFOLU|Land|Fires|Forest Burning,Mt CO2/yr,World,0.0,0.0,0.0,0.0,0.0,0.0,0.0,0.0,0.0,0.0,0.0,0.0,0.0,0.0,0.0,0.0,0.0,0.0
model_a,scenario_a,Emissions|CO2|AFOLU|Land|Fires|Grassland Burning,Mt CO2/yr,World,0.0,0.0,0.0,0.0,0.0,0.0,0.0,0.0,0.0,0.0,0.0,0.0,0.0,0.0,0.0,0.0,0.0,0.0
model_a,scenario_a,Emissions|CO2|AFOLU|Land|Fires|Peat Burning,Mt CO2/yr,World,0.3464984825425026,1.279449103450692,0.3472758925737074,0.9850996453230632,0.49186538217870834,1.4564370540904932,0.5347595665401383,1.3524769201870246,0.9847676382121279,0.7061682611703648,0.22719322757191396,1.4653007469482295,1.0400389624633646,0.9902667299535264,0.5261137242911285,0.9166589519617294,0.7399079071141079,0.48178594201850655
model_a,scenario_a,Emissions|CO2|AFOLU|Land|Harvested Wood Products,Mt CO2/yr,World,1.0132915110578622,0.863486250053391,1.543979355704562,0.2785366132112286,0.9342247996860997,0.1149094974257574,1.83724717996735,1.0792674028492386,1.9111549389666784,1.2856638798355444,1.4490692833476828,0.9370018344622665,0.8596897296528179,0.9401018055765153,1.2204392349742432,0.9517248586621634,1.7696297679738127,1.6872029105054624
model_a,scenario_a,Emissions|CO2|AFOLU|Land|Land Use and Land-Use Change,Mt CO2/yr,World,1.371159942988009,0.1531013860298207,1.2744453539445453,1.2926660782764547,0.49098174809127015,1.055522320768202,1.118503785210471,0.24198612218332294,0.6197221922212318,1.072142143735931,1.2241784440685062,0.9610447125947482,0.14985506880551192,0.8083665152176551,1.2495409731327054,1.4398032851189724,1.2016959518831918,0.20802735183034515
model_a,scenario_a,Emissions|CO2|AFOLU|Land|Other,Mt CO2/yr,World,0.7288899354279447,1.1859655790144146,1.3842139741976207,0.6489778668510735,0.9520114148650454,1.5972253919607606,0.9882868782400497,1.0208619411525341,0.12003435884692071,0.5879734400424603,0.53320752242648,1.5994270898226404,0.5098968958897884,0.29213446335833015,1.7160723438179815,0.7736390559532081,1.4757986657363222,1.2674385703472262
model_a,scenario_a,Emissions|CO2|AFOLU|Land|Wetlands,Mt CO2/yr,World,0.8781054038410431,1.0948508174655314,0.9354864817530979,0.41246337098941066,0.9462399295638726,1.8039705111333975,1.4195901809429259,0.7749608679546921,0.926767774818995,1.0594523556240891,1.2703864892818864,1.467769921188399,0.4889361079975212,1.7073256740984646,0.7148199537148949,0.7381565693538517,1.688901067012262,0.6108975364734502
model_a,scenario_a,Emissions|CO2|Energy,Mt CO2/yr,World,7.003205780614053,9.810730168080955,7.894238202017781,7.262274419933181,8.93357354130342,8.145712460689053,6.971207360634093,9.178897794886293,6.898452937303919,7.6982265558244425,8.82546246423616,5.79708356021725,9.157887046672656,9.472936906154175,8.486680809087142,7.641214836230714,8.305144257085876,7.126776429747563
model_a,scenario_a,Emissions|CO2|Energy|Demand,Mt CO2/yr,World,6.190844004089301,8.471790462435116,6.673080413457679,7.065595020035221,7.06746103957202,7.472429684478514,5.803099628752218,7.912037618909718,5.376621108813108,6.653715867814411,7.754126012801042,4.819269979465664,7.5255774903106705,8.481299372990321,7.045741666937417,6.7319515551722695,7.648592113260898,6.459777971736405
model_a,scenario_a,Emissions|CO2|Energy|Demand|Bunkers,Mt CO2/yr,World,0.8777620942807091,2.5248137822867873,1.3553724432322338,1.2070527587929332,2.566427968074687,2.8821431251205833,1.2113532650076249,1.9177931439614002,2.1256899556901647,2.76766785616269,1.4085934520100234,0.6101438636340479,2.2305035727918994,2.2189484437661537,1.7107370769790171,1.8092333518142483,2.4275850507723744,0.8485758020988723
model_a,scenario_a,Emissions|CO2|Energy|Demand|Bunkers|International Aviation,Mt CO2/yr,World,0.42064416558524076,1.0071796246790994,0.8197408790057549,1.0929060930526848,1.0859683007530383,1.2419424443847107,0.8386241080120452,0.8356602735415095,1.4223949831090201,1.464618649186699,0.7009655304950786,0.3683633735645646,1.1798635677128528,1.3688272849373417,0.4956290648932391,0.4118382021354744,1.5135387233225945,0.6900506541946834
model_a,scenario_a,Emissions|CO2|Energy|Demand|Bunkers|International Shipping,Mt CO2/yr,World,0.4571179286954683,1.517634157607688,0.535631564226479,0.11414666574024834,1.4804596673216488,1.6402006807358722,0.3727291569955796,1.0821328704198905,0.7032949725811446,1.3030492069759907,0.7076279215149447,0.24178049006948332,1.0506400050790465,0.850121158828812,1.215108012085778,1.3973951496787738,0.9140463274497802,0.15852514790418892
model_a,scenario_a,Emissions|CO2|Energy|Demand|Industry,Mt CO2/yr,World,1.2207040306648254,1.283255354205692,0.3007195501795762,1.9135647423989293,0.6948148719107725,1.062936013582414,1.143791231521564,1.7473910153810452,0.8288332213124521,0.9395282717594592,1.4157136631632898,1.113283614930018,0.40191685310843905,0.9953286019781602,0.33398169888595364,1.9043588212506344,0.811875837158812,1.1690135189391977
model_a,scenario_a,Emissions|CO2|Energy|Demand|Other Sector,Mt CO2/yr,World,1.2548013480293316,1.1717261186248593,1.1140707185775436,0.7203795553996577,1.2485861008367365,0.539064235043078,1.1094190991733666,1.1298809152367142,0.7776135623751713,0.6675847815162242,1.1426280751728841,1.107892038840912,1.373644971806086,1.4751515064087144,1.5314377983060448,1.2724771962899168,0.39311576635341716,0.7406238252432248
model_a,scenario_a,Emissions|CO2|Energy|Demand|Residential and Commercial and AFOFI,Mt CO2/yr,World,1.2247077047751156,1.1851592208484867,1.4667734297745931,0.9465920191309147,0.5125195264334641,0.9193731393760776,0.2015272775346132,0.8415040541722862,0.6983894812720857,0.9778833401753276,1.4472181896571565,0.8493287457060037,1.7851523720805693,1.8944437033055914,0.920038914634971,0.2394054374904968,1.2317490332087258,1.0725681299581202
model_a,scenario_a,Emissions|CO2|Energy|Demand|Transportation,Mt CO2/yr,World,1.6128688263393198,2.3068359864692902,2.436144271693733,2.2780059443127865,2.04511257231636,2.068913171356361,2.1370087555150494,2.275468490158272,0.9460948881632336,1.3010516182007086,2.3399726327976893,1.1386217163546823,1.7343597205236765,1.8974271175317017,2.54954617813143,1.5064767483269739,2.7842664257675684,2.6289966954969897
model_a,scenario_a,Emissions|CO2|Energy|Demand|Transportation|Domestic Aviation,Mt CO2/yr,World,0.709900006695605,1.3375157466360879,1.1123089779990796,0.6024123007163311,0.39038008099145816,0.8823314300967557,1.2365351766817887,1.2279196427280845,0.6411978380688069,0.8620760911704971,1.3906199817401763,0.7603299326068022,0.4237077664832747,1.1837541473389084,1.638468053727725,0.6470581692946995,1.4014495713186959,1.1708944809560098
model_a,scenario_a,Emissions|CO2|Energy|Demand|Transportation|Rail,Mt CO2/yr,World,0.9029688196437148,0.9693202398332024,1.3238352936946531,1.6755936435964554,1.6547324913249017,1.1865817412596051,0.900473578833261,1.0475488474301873,0.3048970500944267,0.4389755270302116,0.9493526510575125,0.3782917837478801,1.3106519540404018,0.7136729701927932,0.911078124403705,0.8594185790322741,1.3828168544488726,1.4581022145409803
model_a,scenario_a,Emissions|CO2|Energy|Supply,Mt CO2/yr,World,0.8123617765247526,1.3389397056458385,1.2211577885601015,0.1966793998979608,1.8661125017314013,0.6732827762105388,1.1681077318818756,1.2668601759765747,1.5218318284908106,1.0445106880100328,1.0713364514351187,0.9778135807515864,1.6323095563619856,0.9916375331638513,1.440939142149726,0.9092632810584448,0.6565521438249781,0.6669984580111581
model_a,scenario_a,Emissions|CO2|Industrial Processes,Mt CO2/yr,World,0.8872368771434102,1.1202036757310507,0.5516820569806052,1.2971032268820586,1.3630543955453454,1.1025794530844037,1.7151328057159216,0.46918940924575936,1.208340872760568,0.5853939929726434,0.8625962438250784,0.9037497896919979,0.6106500759446416,0.7326885502735797,0.829514196740183,1.0331673386568125,1.2834277245318602,0.8503949173037098
model_a,scenario_a,Emissions|CO2|Other,Mt CO2/yr,World,0.268802423708576,0.8826115605337199,0.4132015953458765,0.5032113538114197,1.3994304784018932,0.8165302233495745,0.9540455294193021,1.0701591938572692,1.005276203524772,0.7588977772449957,1.3148808131690002,0.5760363308859193,0.9276267593706917,1.18401828401106,0.6614632778219818,1.4425700009484843,1.0781644022509298,0.2838914660764542
model_a,scenario_a,Emissions|CO2|Product Use,Mt CO2/yr,World,1.0368509354530389,0.7740234605750759,1.1133002686466438,0.323947437877654,1.0064242159987373,0.6486599580376619,0.33671469149880195,1.123326197090157,1.6949156300085186,1.7725757960311288,1.0726563936571045,1.1343288120449508,0.3118191958283899,0.5365074136944226,0.890103020023889,1.5505163193681901,1.0343930601331164,1.3314565515669676
model_a,scenario_a,Emissions|CO2|Waste,Mt CO2/yr,World,0.5218472643738522,1.0638351940404784,0.26207781529136376,0.6606343159108914,1.1489660152086705,0.5246529090506942,1.1731671411475006,0.07457333894941531,0.24158465369603566,1.3394661723042376,1.6262007898134068,1.477675511060215,1.1467745953671225,0.7801311280383099,1.0110490088141932,0.6964266425742694,0.9941646535461006,1.3684957369579032
model_a,scenario_a,Emissions|CO|AFOLU,Mt CO/yr,World,10.292395495110085,10.044632441326932,9.36693314989547,8.780874395450644,8.295935826292986,9.506138614376734,7.991547460467821,9.44825919517966,11.662816709067684,9.312066929638814,9.27738918806056,9.146838197221122,8.215582507158043,8.05535733157684,11.97348273325123,5.471943694958476,8.01787316713629,9.251445391008808
model_a,scenario_a,Emissions|CO|AFOLU|Agricultural Waste Burning,Mt CO/yr,World,0.4961137757592915,1.2081426107240731,1.029609257675739,1.2555124667067172,0.7431655364355341,1.7119724050697454,0.8660561193582996,0.8795951966008739,1.839921743083896,1.1793851110425484,1.0443437883205826,0.7270367522495835,1.5260745866003411,0.7414818247494146,1.5249086229408078,1.1004274790577586,1.2650616726266417,1.3667037634095938
model_a,scenario_a,Emissions|CO|AFOLU|Agriculture,Mt CO/yr,World,0.9065313694105722,0.8894012481344513,1.2404826857996247,1.8293201272271222,0.4395972877142307,1.12936311442154,1.5534558504744491,1.5248986995191358,1.0773801676421273,1.19234218605624,0.8575331101232603,0.9369551381637746,1.4328613013154672,1.0943730882743146,1.1287720335012523,0.46806423248753926,0.9506038277695711,1.001093970793788
model_a,scenario_a,Emissions|CO|AFOLU|Land,Mt CO/yr,World,8.88975034994022,7.947088582468407,7.0968412064201045,5.696041801516804,7.113173002143221,6.664803094885448,5.5720354906350735,7.0437652990596495,8.74551479834166,6.9403396325400255,7.375512289616717,7.482846306807764,5.256646619242235,6.219502418553111,9.319802076809168,3.903451983413178,5.8022076667400775,6.883647656805428
model_a,scenario_a,Emissions|CO|AFOLU|Land|Fires,Mt CO/yr,World,3.3176787947451363,2.909646616233238,3.496290505091569,2.3260218853164263,3.871614545519088,3.326236954619601,1.8531474380324675,3.590689293554343,3.4568439070786914,2.7186305193357243,2.728282410170211,3.533620273470972,2.6612298852801035,2.4255479554200727,3.9104355813991125,2.193405528449926,3.5113330485053567,3.2774124361990076
model_a,scenario_a,Emissions|CO|AFOLU|Land|Fires|Forest Burning,Mt CO/yr,World,1.3697699609536862,0.7855220185914539,1.1342137663970564,1.2398926075207166,0.7668959061903454,1.5363996866393712,0.26054818016769943,1.5495778487780036,0.4419026936049456,0.5893376805963683,0.27870300107175583,1.1987856182363945,0.6537735474766462,1.4067089451097563,1.6588215524750782,0.5873731937736588,1.427700843519784,1.0128235989859746
model_a,scenario_a,Emissions|CO|AFOLU|Land|Fires|Grassland Burning,Mt CO/yr,World,0.7312491703161442,1.049693798139064,0.8950050252607371,0.7540538440170057,1.3888785794892375,1.3000958125672355,0.7966705657744962,0.8424964893433844,1.084487839285539,1.1311320474256799,1.0697466854309412,0.849977556112688,1.1622804159267293,0.4805108841391146,1.069284656864838,1.3636747169214418,0.989425213052557,0.8940156219746264
model_a,scenario_a,Emissions|CO|AFOLU|Land|Fires|Peat Burning,Mt CO/yr,World,1.2166596634753057,1.0744307995027205,1.4670717134337754,0.3320754337787041,1.7158400598395047,0.48974145541299474,0.7959286920902718,1.198614955432955,1.9304533741882066,0.9981607913136764,1.379832723667514,1.4848570991218892,0.8451759218767281,0.5383281261712017,1.182329372059196,0.24235761775482534,1.0942069919330157,1.3705732152384067
model_a,scenario_a,Emissions|CO|AFOLU|Land|Harvested Wood Products,Mt CO/yr,World,1.0676157475840837,0.9501574836557725,0.9218942120176874,1.5468848813749108,1.1151554007197038,0.4154105103122969,1.2891242363677138,1.1535230174210436,1.5041020872569217,0.7397282192928601,1.8534353087971878,0.8119100599882335,0.3846543544338452,0.7530041879827691,1.4956908251934922,0.49540721230975293,0.4804058741839671,0.9330258985337502
model_a,scenario_a,Emissions|CO|AFOLU|Land|Land Use and Land-Use Change,Mt CO/yr,World,1.4467440130303135,1.7623529770647126,0.8391241302286363,0.3718755975496322,0.5566605454970007,1.0976364499451907,0.9738386704353577,0.9851251977481567,1.55613517445574,0.8038411278083876,0.786774476930774,1.3744906736081084,1.1335498845961902,1.0715272682087948,1.4511663732176485,0.5412871627898117,0.3797357987187615,1.0954444764013551
model_a,scenario_a,Emissions|CO|AFOLU|Land|Other,Mt CO/yr,World,1.3920848147151375,1.0448916787682183,0.6878883949054375,0.47912136059686494,0.9162919338832602,1.1041493499078157,0.2526890126017456,0.6318457300847475,1.1017248424365471,0.9253711212340121,0.8005929111981902,0.9054106489971095,0.6893959219397453,0.95145902007602,0.7653929566767048,0.12902299840969855,0.2121835121614175,0.9064459097405664
model_a,scenario_a,Emissions|CO|AFOLU|Land|Wetlands,Mt CO/yr,World,1.6656269798655488,1.2800398267464654,1.151643964176774,0.9721380766789702,0.6534505765241688,0.7213698301005445,1.2032361331977888,0.6825820602513589,1.1267087871137602,1.752768644869041,1.206427182520355,0.8574146507433409,0.38781657299235084,1.0179639868654542,1.6971163403222107,0.5443290814539893,1.2185494331705746,0.6713189359307481
model_a,scenario_a,Emissions|CO|Energy,Mt CO/yr,World,6.8420105656965955,6.878835858600146,7.7765680351664335,7.157378507791098,7.032593274056902,6.5585956066675655,7.1710915837626805,7.543569396840134,7.871533752128533,8.097377627808612,8.641981218516623,8.995331512452902,9.414661464617222,9.408949128457724,7.459341546136764,7.915952261476546,7.957341852241589,7.949522799278168
model_a,scenario_a,Emissions|CO|Energy|Demand,Mt CO/yr,World,5.845412681433813,5.266363784948227,6.244895960146367,5.857742844370218,6.191398725236904,6.123430549864235,6.2879302989658,5.971494001840281,5.9109139372295845,7.254264232043604,8.317810877331267,7.4193240513341525,8.097068765056854,7.988213366680239,5.939559910387637,6.920870331741743,6.747759934070727,7.313133428674393
model_a,scenario_a,Emissions|CO|Energy|Demand|Bunkers,Mt CO/yr,World,2.5281654318707627,1.3329120510974757,1.4471377370879157,1.298192155319285,1.4527501584616225,2.591602691469846,1.156707041749022,1.528299384593376,1.5433078954420956,1.8779230166190077,1.7154081020637881,2.976054641616416,1.6075326049775187,2.8690833983561186,1.3209031127311905,2.9236530053290513,0.9655973787604412,1.4347408801593948
model_a,scenario_a,Emissions|CO|Energy|Demand|Bunkers|International Aviation,Mt CO/yr,World,1.7868533640648936,0.3791787037633938,0.47241561742373095,0.42637462389006764,0.5126577832663828,1.2847449324291047,0.9840445745921635,0.5591500235976996,1.1431617226519142,0.7657629319252208,0.3841020142646505,1.8586801120791598,0.4637218992303782,1.3780215168371142,0.779411543443504,1.5376654519239992,0.41682988694233625,0.8577920655004309
model_a,scenario_a,Emissions|CO|Energy|Demand|Bunkers|International Shipping,Mt CO/yr,World,0.7413120678058691,0.9537333473340819,0.9747221196641848,0.8718175314292174,0.9400923751952398,1.3068577590407413,0.1726624671568584,0.9691493609956764,0.4001461727901813,1.112160084693787,1.3313060877991376,1.1173745295372561,1.1438107057471405,1.4910618815190042,0.5414915692876866,1.385987553405052,0.5487674918181049,0.576948814658964
model_a,scenario_a,Emissions|CO|Energy|Demand|Industry,Mt CO/yr,World,0.42388514703389746,0.4563590620080361,1.2985477989169123,0.3431684321408346,1.1173914965007237,0.2689678187070951,0.27856750018666954,0.7657550981947426,1.278198850444742,1.0453630747185028,1.3110424719101537,0.4735638700209899,1.6804394023425668,1.3118181671051201,1.0405696122665469,0.10860803114549777,1.4131998192182653,1.446920188263892
model_a,scenario_a,Emissions|CO|Energy|Demand|Other Sector,Mt CO/yr,World,0.17583942648682782,0.28328512423008534,1.3852811480455387,0.5678768234288488,0.994723781874799,0.2765692770241598,0.8717251950099589,0.7033437240864613,0.24977996268917324,0.6910736494479655,1.193568611793514,1.4163850812166747,1.1849314570573428,0.8999383528774668,1.443803830238811,0.77088859040902,1.2542468042255441,1.0767602955386268
model_a,scenario_a,Emissions|CO|Energy|Demand|Residential and Commercial and AFOFI,Mt CO/yr,World,0.48898001797203283,1.1478950829302144,0.6295488012241925,0.7943896230800946,0.7532139356028303,1.0419374854178605,1.6714546005741615,1.1484940208310617,0.7373407954753114,0.5250968811610661,1.3955207236171314,0.6201938209732129,1.075588237091938,0.7545458390387598,0.6518032225781974,1.076439077894159,0.7472533545302946,0.4014303604098356
model_a,scenario_a,Emissions|CO|Energy|Demand|Transportation,Mt CO/yr,World,2.2285426580702916,2.045912464682416,1.4843804748718075,2.8541158104011553,1.8733193527969276,1.9443532772452743,2.309475961445988,1.8256017741346398,2.1022864331782625,3.1148076100970616,2.7022709679466805,1.9331266375068585,2.548577063587487,2.152827609302774,1.4824801325728916,2.0412816269640155,2.3674625773361813,2.9532817043026443
model_a,scenario_a,Emissions|CO|Energy|Demand|Transportation|Domestic Aviation,Mt CO/yr,World,0.8759735198710243,0.897745008859217,0.7096278248324555,0.9548972698102541,0.5564992527216472,0.5947038679489075,1.0429224477071608,0.815453968108433,0.9270206533902646,1.7750939442129954,1.5065079324333228,0.5224419656938232,1.184026485191728,1.5521838361535751,0.520430466252054,0.9627128084305355,1.5753998425915121,1.3672410253154763
model_a,scenario_a,Emissions|CO|Energy|Demand|Transportation|Rail,Mt CO/yr,World,1.3525691381992675,1.1481674558231991,0.7747526500393521,1.8992185405909008,1.3168201000752804,1.349649409296367,1.266553513738827,1.0101478060262068,1.1752657797879982,1.3397136658840663,1.195763035513358,1.4106846718130355,1.3645505783957592,0.6006437731491986,0.9620496663208373,1.0785688185334799,0.7920627347446694,1.586040678987168
model_a,scenario_a,Emissions|CO|Energy|Supply,Mt CO/yr,World,0.9965978842627827,1.6124720736519187,1.5316720750200665,1.2996356634208792,0.8411945488199978,0.4351650568033303,0.8831612847968806,1.5720753949998536,1.9606198148989487,0.8431133957650077,0.32417034118535537,1.57600746111875,1.3175926995603668,1.4207357617774843,1.5197816357491265,0.9950819297348028,1.2095819181708622,0.6363893706037741
model_a,scenario_a,Emissions|CO|Industrial Processes,Mt CO/yr,World,0.9843538708446503,0.6571525597667625,0.947761243525356,1.7940407963947946,0.9491531879125231,1.102182268490842,0.5388105668830869,1.003281880954112,0.4666207843811905,1.1082257008163272,1.7469264375657003,1.112678928053788,0.8668807955860186,1.4841945975003559,1.5258423054485803,0.3908048283898141,0.7317311740246943,0.3348364818244627
model_a,scenario_a,Emissions|CO|Other,Mt CO/yr,World,0.6748313217616743,1.1750157266645007,1.130562315632361,0.3159891471585312,1.2079284721627237,0.40624415490445054,1.1265624647882269,0.3780190627846006,1.508126915126513,1.057337697039892,1.3211982328691463,0.9373618670758534,0.3114027039721514,0.9252451733271602,1.4655017004869437,1.1459806229970422,1.3791384553375945,1.331079510776396
model_a,scenario_a,Emissions|CO|Product Use,Mt CO/yr,World,1.128441157100404,0.5218740912548111,1.4145590882817416,0.20866938773819999,0.8820853207949156,0.13510120170635131,1.0118634844931658,1.7553645435421164,1.1679043362740853,0.9769261399698891,0.5113460484693598,1.5600540523732536,0.5945672175262211,1.2149789427833713,1.5382908023030262,0.9308790273196573,0.8130743237424511,0.9455391820680601
model_a,scenario_a,Emissions|CO|Waste,Mt CO/yr,World,1.0401762960306153,1.3230530410210086,1.1659579326304925,0.9872860214772399,0.5613950722504659,0.26491650738640793,0.4757277212803718,0.4748590838466039,1.0391148887563013,1.6183199924543146,0.7965112026280147,0.48798474082773535,1.1119861254783974,1.247165190662179,0.8591762931145973,1.1026250267033757,0.8774016005030063,1.518874202234172
model_a,scenario_a,Emissions|N2O,kt N2O/yr,World,20.704816264438946,21.871322762685327,21.462074441407157,18.754241999370052,23.106913874516152,20.46807495626377,16.346954180210716,22.805166462598077,18.914453985137598,24.451413022305154,21.5501556773166,22.001948663729635,17.45753899353048,20.50833346934325,20.563511157962772,20.816070233788103,19.614091789363428,20.018109265013287
model_a,scenario_a,Emissions|N2O|AFOLU,kt N2O/yr,World,9.670990009037201,10.250309779546791,10.200694545769153,9.180980331654492,10.137791062712633,8.444813785397018,7.710079212884249,10.040902980632477,7.8966434516071455,10.171306477539357,9.493776121383393,10.144292412311382,7.2471459434717005,7.085410714781734,8.652387206699643,8.481771055650398,9.415122136392828,8.45795815261133
model_a,scenario_a,Emissions|N2O|AFOLU|Agricultural Waste Burning,kt N2O/yr,World,0.9523218356677657,1.7273881288759112,1.1359207056238245,1.4559856867005494,1.2809336676505518,0.4048623772828841,0.7242355573185402,0.48249713309919995,1.4031425279435643,1.3863604470687254,0.8945099629522233,0.6056351040295713,1.2632997238563815,0.318690604801782,0.7837871261639914,1.108691338155746,1.4944861636406208,1.3498355535329103
model_a,scenario_a,Emissions|N2O|AFOLU|Agriculture,kt N2O/yr,World,0.7693301603700331,1.0375406418137727,1.5542815780685104,0.3012068143286153,1.529868125576698,0.7207762422370912,0.6860783807121396,0.9049760886001702,0.6733103042760226,1.0879010528636766,1.0744427444873543,1.8682345563996166,0.26376053133695954,0.8141857477286574,0.3368832059601472,1.4296104165012717,0.9261621452823011,0.658616893216269
model_a,scenario_a,Emissions|N2O|AFOLU|Land,kt N2O/yr,World,7.949338012999403,7.485381008857107,7.510492262076818,7.423787830625329,7.326989269485385,7.319175165877043,6.299765274853569,8.653429758933108,5.820190619387559,7.697044977606954,7.524823413943816,7.670422751882194,5.720085688278359,5.952534362251294,7.531716874575503,5.94346930099338,6.994473827469907,6.449505705862151
model_a,scenario_a,Emissions|N2O|AFOLU|Land|Fires,kt N2O/yr,World,3.6173345519955493,2.5085349384101,2.6399648108422182,2.6247344888672712,3.078209826172201,3.357682974063418,2.1574885066577845,2.8709405172245854,2.713664849419518,3.23497875489434,2.8474734039638916,2.734366503593276,1.773344109581979,2.358340923240012,3.037815082935811,2.765272980969509,2.8732778410096227,3.403021636651207
model_a,scenario_a,Emissions|N2O|AFOLU|Land|Fires|Forest Burning,kt N2O/yr,World,1.3111980579130003,0.8893986803465586,0.6061372625664595,0.9020843286664488,0.5871283611333555,0.9625834451044238,0.7343007684947589,0.6906754923729491,0.9763292912761092,0.6121160329340952,0.7229372889311518,0.8566574748607807,0.5564547834151536,0.3275404359547448,1.2688203748492364,1.3948554471307024,0.7729190937536837,0.8316301429695783
model_a,scenario_a,Emissions|N2O|AFOLU|Land|Fires|Grassland Burning,kt N2O/yr,World,1.083082785199303,1.0890392775161493,0.8978813703685283,0.7843222411917681,1.58048458693724,1.0893867318646098,0.5482166924913171,1.419433005603297,1.4050008858723502,1.3379815310745105,1.3608229256165447,0.6833850846065401,0.9730634190076501,0.3039173332205741,1.021247564702759,0.6462833906008515,0.5495545526293824,0.7254058798211754
model_a,scenario_a,Emissions|N2O|AFOLU|Land|Fires|Peat Burning,kt N2O/yr,World,1.2230537088832463,0.5300969805473918,1.1359461779072304,0.938327919009054,0.9105968781016058,1.3057127970943845,0.8749710456717086,0.7608320192483395,0.3323346722710585,1.2848811908857343,0.7637131894161953,1.1943239441259554,0.2438259071591753,1.726883154064693,0.7477471433838159,0.7241341432379552,1.5508041946265567,1.8459856138604538
model_a,scenario_a,Emissions|N2O|AFOLU|Land|Harvested Wood Products,kt N2O/yr,World,1.4163332344084547,0.7121258884169318,1.1379438953780272,1.647226450589216,1.6473134733698367,0.3799432477389777,0.673530139052304,1.5840456652525927,0.36776521636759407,0.8591606179759577,1.3510392927262664,1.1846864836980324,0.4196036523729928,0.8126166895532002,0.8729240833115737,0.5936962600104269,1.2031757027896708,1.0577734847184401
model_a,scenario_a,Emissions|N2O|AFOLU|Land|Land Use and Land-Use Change,kt N2O/yr,World,1.1248736030263782,1.4199613992690572,0.9826109004455732,1.9165602291920727,0.7817175782405191,1.0033769009533664,0.9917844951235486,1.4919079906847,0.8281415284773875,1.5899783590058618,0.9469387285534003,0.749146070059079,0.4892654379917083,1.525389948082981,1.6673007679270406,1.2569695257455362,0.7177090177430054,0.9622893492274964
model_a,scenario_a,Emissions|N2O|AFOLU|Land|Other,kt N2O/yr,World,0.6907090594010032,1.310622449813975,1.6307870863971645,0.7294565769604661,0.7563027525338706,0.9894652098998848,1.5102639920920806,0.9277922991670844,1.065259746818111,1.5120606255978712,1.3821211565022289,1.1727338144576827,1.7353264424254822,0.4883198425008215,0.8003240970092378,0.9100484127134573,1.3059489713249643,0.6589115126641465
model_a,scenario_a,Emissions|N2O|AFOLU|Land|Wetlands,kt N2O/yr,World,1.1000875641680175,1.5341363329470439,1.1191855690138361,0.5058100850163034,1.0634456391689568,1.5887068332213956,0.9666981419278514,1.7787432866041448,0.8453592783049485,0.5008666201329236,0.9972508321980283,1.8294898800741235,1.3025460459061968,0.7678669588742794,1.1533528433918403,0.4174821215544502,0.8943622946026436,0.36750972260086034
model_a,scenario_a,Emissions|N2O|Energy,kt N2O/yr,World,7.392559458630713,7.247489655271901,7.852946059487831,6.277342494759082,9.002863527096954,8.694099983602666,4.9106189314092,8.843491592173516,7.344910917409152,10.208868019128976,7.525195192806123,8.051942733869442,7.311487720527446,9.350224775208645,7.628066398811531,7.764812262399428,7.484336883412775,7.389303864733234
model_a,scenario_a,Emissions|N2O|Energy|Demand,kt N2O/yr,World,6.169195080140762,6.69976820212682,6.911962086604378,5.420866247355065,7.9796795571254995,7.037983166353895,4.822811735282816,8.07700173669369,6.246096508914803,8.881220990628147,6.087067377117181,6.723250453638039,5.905028148016991,8.129691240116768,7.451487146226783,6.765630029700185,6.264842145135894,6.511102515960605
model_a,scenario_a,Emissions|N2O|Energy|Demand|Bunkers,kt N2O/yr,World,2.071702930681403,1.6477863453587798,2.237085824221178,2.0218384095456714,1.6960328973889873,2.6606413543967555,0.9816281082760178,1.9081970222863158,1.962800277661908,2.226397931458247,0.7616087842042243,2.714325720900535,1.3418695674578747,1.9047641740281511,2.099869430777443,1.365790092219457,1.5964213393124203,1.6936717566382105
model_a,scenario_a,Emissions|N2O|Energy|Demand|Bunkers|International Aviation,kt N2O/yr,World,1.2792825673135289,0.6531933635100379,1.122416089593496,1.3405794632532613,0.38218587409841154,1.1066616804080427,0.6068656609290102,1.0218144409407062,1.4816846904620042,1.302932440643787,0.37045867025000945,1.0175859287585882,0.8638239521004138,0.751884151787773,1.065883576312582,0.4599487925903146,0.5204121747517787,0.8065137692195377
model_a,scenario_a,Emissions|N2O|Energy|Demand|Bunkers|International Shipping,kt N2O/yr,World,0.7924203633678741,0.9945929818487419,1.114669734627682,0.6812589462924102,1.3138470232905757,1.553979673988713,0.3747624473470076,0.8863825813456098,0.4811155871999039,0.92346549081446,0.39115011395421484,1.6967397921419467,0.4780456153574608,1.152880022240378,1.033985854464861,0.9058412996291423,1.0760091645606416,0.8871579874186728
model_a,scenario_a,Emissions|N2O|Energy|Demand|Industry,kt N2O/yr,World,0.8424365261398846,1.0966220819475192,0.9675142193218474,0.3853549094164542,1.3502620917808206,0.8462652750369896,0.6439422337697388,1.2993431667426123,0.7825839756493724,1.2044246398240688,1.6687542921962093,0.5536374184240485,0.9503969966517277,0.8443086061230236,1.4862787495146272,0.8696335923585297,0.907849863446229,1.1908903688339803
model_a,scenario_a,Emissions|N2O|Energy|Demand|Other Sector,kt N2O/yr,World,1.4405662056397004,1.295550140350592,0.43716748008096196,0.5101323888142012,1.3978235860412194,0.6610165345917494,0.7706465845203284,1.5775723299693987,1.2249594438661207,1.6316398839462338,0.681576360041778,1.0418237708033917,1.1511726355495828,0.787814591623037,1.167372268925371,1.1145100775062795,0.7414402912882382,1.6104489267579705
model_a,scenario_a,Emissions|N2O|Energy|Demand|Residential and Commercial and AFOFI,kt N2O/yr,World,0.2598553339087071,0.9183731935448952,0.8170114548471541,0.6374654238401091,1.3371919075637153,0.8173203492421229,0.8929301155325994,1.3880013362710732,1.7580010984376613,1.282673515569948,0.3041801909162968,0.7098005348606377,0.1684948855884011,1.7003984303308624,1.2250825173721624,0.9861938067059396,0.8497528458646746,0.7195103049042114
model_a,scenario_a,Emissions|N2O|Energy|Demand|Transportation,kt N2O/yr,World,1.5546340837710662,1.741436440925034,2.4531831081332367,1.866075115738629,2.198369074350757,2.052739653086278,1.5336646931841318,1.9038878814242906,0.5177517132997406,2.5360850198296507,2.670947749758673,1.7036630086494267,2.2930940627694048,2.892405438011694,1.4728841796371792,2.42950246090998,2.1693778052243315,1.2965811588262328
model_a,scenario_a,Emissions|N2O|Energy|Demand|Transportation|Domestic Aviation,kt N2O/yr,World,0.5851419174130064,0.7625713216369026,0.9161078852627601,0.54855413153816,0.3520786369178506,1.0796922289824238,0.8716544399796132,0.8146259970271329,0.3372805998765468,1.6492927267134407,1.7170147292167224,0.9804098572836564,0.6905390107185275,1.7672190672945294,1.005976986969897,1.2504370508583686,0.8649678071300361,0.6897496208675976
model_a,scenario_a,Emissions|N2O|Energy|Demand|Transportation|Rail,kt N2O/yr,World,0.9694921663580599,0.9788651192881314,1.5370752228704763,1.317520984200469,1.8462904374329066,0.973047424103854,0.6620102532045187,1.0892618843971578,0.18047111342319377,0.8867922931162101,0.9539330205419504,0.7232531513657704,1.6025550520508776,1.1251863707171648,0.4669071926672823,1.179065410051611,1.3044099980942956,0.6068315379586353
model_a,scenario_a,Emissions|N2O|Energy|Supply,kt N2O/yr,World,1.2233643784899515,0.5477214531450798,0.940983972883452,0.8564762474040167,1.0231839699714544,1.6561168172487706,0.08780719612638344,0.7664898554798261,1.0988144084943487,1.3276470285008277,1.4381278156889423,1.3286922802314027,1.4064595725104547,1.2205335350918753,0.17657925258474771,0.9991822326992426,1.2194947382768817,0.8782013487726281
model_a,scenario_a,Emissions|N2O|Industrial Processes,kt N2O/yr,World,1.0452375346572678,0.8839273897089199,0.8232897110448112,0.7605721789863468,0.8247576168543669,1.0198283438619113,0.4565354811217912,0.8327629594693506,1.3520628221931486,0.625717874989446,0.486194530975821,1.3282051210081967,0.5143510068633056,0.384744287448089,1.1471413476899612,0.6528069936472205,0.5865333900604478,0.8242655465602167
model_a,scenario_a,Emissions|N2O|Other,kt N2O/yr,World,1.0309927274454482,0.6300052608148003,1.41068630281215,0.7617577597712625,1.2719880783752786,0.9079340409202078,1.2012166090061986,1.108370751317397,0.8072529939127918,1.1857955286183566,1.0168881136185641,0.7998565219682764,0.9756921687841594,1.7952633457224885,0.8198209957244921,1.6283189937312796,0.7127645224696333,0.5567286764256753
model_a,scenario_a,Emissions|N2O|Product Use,kt N2O/yr,World,1.05470074980246,1.195029570934131,0.8097732433780701,0.6164997431779153,0.9295713710001695,0.9498899650893501,0.8859904372028731,1.2690362985698003,1.1039322997368402,1.0305065216132685,1.7719270637108173,0.5186957702650802,0.7388469139852556,1.28367945370431,1.843293962940011,1.5980066045023797,0.7860488061943435,1.0236301563730354
model_a,scenario_a,Emissions|N2O|Waste,kt N2O/yr,World,0.5103357848658542,1.664561106408784,0.3646845789151425,1.1570894910209542,0.9399422184767512,0.4515088373926174,1.182513508586406,0.7106018804355372,0.40965150027851727,1.2292186004157517,1.2561746548218802,1.1589561043072585,0.6700152398986137,0.6090108924779836,0.4728012460971338,0.6903543238573976,0.6292860508333992,1.7662228683097978
model_a,scenario_a,Emissions|NH3,Mt NH3/yr,World,22.151304239943855,22.30927261988165,24.85686650742562,22.635315916833086,17.740221095405552,22.643150315239282,24.16111265917432,24.007768731197345,19.855200497212522,23.325345609915033,19.515436598976976,24.461376277374,21.556234465738573,23.72482071035728,20.47428573475647,23.351560643939713,20.042781122853903,22.44261453072045
model_a,scenario_a,Emissions|NH3|AFOLU,Mt NH3/yr,World,9.030157662058581,7.762279398937913,11.515586531600592,7.528851487315739,9.258266364450147,8.812747924380657,10.109806782553571,9.346174416211428,9.220675963200245,10.818417064795462,7.477565579477602,9.295741335109383,10.17594296686267,9.218234358148464,6.453900954141361,9.487746979301061,8.562078095575231,11.193064298566139
model_a,scenario_a,Emissions|NH3|AFOLU|Agricultural Waste Burning,Mt NH3/yr,World,0.13014039248955467,1.2780583981535925,1.4628759438241286,0.5964863653049343,1.4240868287488255,0.6860337602183809,1.0513232030026796,0.337728873167488,0.9909387165115449,1.1692150674834,0.4477892014850279,1.5074289207515448,1.1737460022051875,0.3740670592220766,1.0771750062659624,0.428743489701916,1.0196154130878854,1.3849707930945807
model_a,scenario_a,Emissions|NH3|AFOLU|Agriculture,Mt NH3/yr,World,0.7565651523709614,0.8812524308327832,1.860263358857965,0.5325659575521166,0.49676447236375665,1.0621721812120328,1.3289513116583842,1.5436597945549126,1.0341557636760352,1.0038326891414977,1.4787027182535812,1.1666089697447906,1.469727322070981,1.5708353248052909,0.7211320167520361,0.9169338591332851,0.9637214469067792,0.8146072967391887
model_a,scenario_a,Emissions|NH3|AFOLU|Land,Mt NH3/yr,World,8.143452117198066,5.602968569951537,8.192447228918498,6.399799164458688,7.337415063337565,7.064541982950243,7.729532267892508,7.464785748489026,7.195581483012665,8.645369308170562,5.551073659738993,6.621703444613049,7.532469642586502,7.273331974121096,4.655593931123362,8.14206963046586,6.5787412355805674,8.99348620873237
model_a,scenario_a,Emissions|NH3|AFOLU|Land|Fires,Mt NH3/yr,World,4.381285233388643,3.0512862442718767,3.473982192601731,2.023407111680127,2.968354421541229,2.9362879113602256,4.065827820893786,3.2003937962281066,2.854005906284501,3.6818635536220476,2.718083557582723,2.79469605866443,3.2772380686048095,3.0330796857554203,2.535841812618399,3.197171151499818,2.569593814574406,4.048269825865194
model_a,scenario_a,Emissions|NH3|AFOLU|Land|Fires|Forest Burning,Mt NH3/yr,World,1.2932626613783034,0.9680990437675443,1.6119951894926765,0.7415760109957564,0.8608951528236992,1.1008449754392133,1.4605326966402346,0.9521543104621901,0.9618346315714574,1.8654580634613072,0.6341157052069465,0.790007082581775,1.316574284308971,1.0461324389862505,0.1848787737882337,1.3138597571897574,0.8782105386244831,1.4715556870194442
model_a,scenario_a,Emissions|NH3|AFOLU|Land|Fires|Grassland Burning,Mt NH3/yr,World,1.266747186390447,1.4038136153818448,0.7332227398820846,0.10394386550522072,0.36558596748699335,0.9337626294441042,1.5134138254390141,1.2275367053848392,1.0860253066393424,0.6678030342069021,1.129041578649229,1.2783780928621602,0.8950686455993154,1.7825455875256395,1.324207742499274,0.4430021762284778,1.047155169972548,1.2366987564619945
model_a,scenario_a,Emissions|NH3|AFOLU|Land|Fires|Peat Burning,Mt NH3/yr,World,1.8212753856198924,0.6793735851224877,1.1287642632269699,1.1778872351791496,1.7418733012305365,0.901680306476908,1.0918812988145374,1.020702780381077,0.806145968073701,1.1486024559538386,0.9549262737265474,0.7263108832204949,1.065595138696523,0.20440165924353082,1.0267552963308908,1.440309218081583,0.6442281059773747,1.3400153823837555
model_a,scenario_a,Emissions|NH3|AFOLU|Land|Harvested Wood Products,Mt NH3/yr,World,1.1159708731686153,0.7857694424606118,1.350633846064248,0.6232851015910449,0.8055806454481726,1.8282009503821917,0.2079084098866194,0.6782995007320044,0.8352865842637549,1.2034785464651094,0.9090139125829384,0.8108694193668627,1.19528351557751,1.3662169491200156,0.09963044383750264,0.9588661111666531,1.0258491107669654,1.4207286872525673
model_a,scenario_a,Emissions|NH3|AFOLU|Land|Land Use and Land-Use Change,Mt NH3/yr,World,0.18946347808321906,0.45747579389040605,1.291255306194945,1.4019873598139212,1.518646906131131,0.5598042297181557,0.8479859790901263,0.9624786945612417,1.2693768013892277,1.0909240176518988,0.14019787251396743,0.9880276622779253,1.1820749763249743,0.3424873531874465,0.5635973062223338,1.4085255755505324,1.340490903440249,0.9455238374984095
model_a,scenario_a,Emissions|NH3|AFOLU|Land|Other,Mt NH3/yr,World,0.9304766495692373,0.6922017641178597,0.8242594765953059,1.3200080627527746,1.5229508223635517,0.9129337040545439,1.8629851785750098,1.4195729696961445,1.4397576972964923,1.2298995604102865,0.9158703984108992,0.8207028325486777,1.0379378381478241,1.5371366058779024,1.0411267825352293,1.8825332355584365,0.6775560886439644,1.1928232570399526
model_a,scenario_a,Emissions|NH3|AFOLU|Land|Wetlands,Mt NH3/yr,World,1.5262558829883508,0.6162353252107823,1.252316407462268,1.0311115286208201,0.5218822678534811,0.8273151874351258,0.7448248794469658,1.2040407872715293,0.7971544937786897,1.4392036300212196,0.8679079186484646,1.2074074717551526,0.8399352439313845,0.9944113801803109,0.41539758590989795,0.6949735566904199,0.9652513181549824,1.3861406010762456
model_a,scenario_a,Emissions|NH3|Energy,Mt NH3/yr,World,7.966949004808805,10.227548937676989,9.468920716832157,10.368354956868757,5.837575932693354,9.39068183547337,9.66232073303275,10.091043180197858,6.239912012567352,8.295185571520241,7.6256424899646715,10.412416289578612,7.500676024022223,9.983785377490552,9.338220260549127,9.002573373412751,7.846566061920742,8.606282591417566
model_a,scenario_a,Emissions|NH3|Energy|Demand,Mt NH3/yr,World,7.0573681113623365,9.273109282589225,8.171714740429909,8.67591062763576,5.189321116575175,8.372350573551307,8.435661761949174,9.071468835230387,5.247372105109939,7.4398666102588615,6.9625505897927304,9.076637925667756,6.200941424972677,8.410812985910592,7.678936382496186,8.811611956287972,7.23660835947938,7.866347631842544
model_a,scenario_a,Emissions|NH3|Energy|Demand|Bunkers,Mt NH3/yr,World,2.6141800761710425,2.393828043796344,2.4654681044279956,2.672242683042641,1.6542313179001522,1.8975461131365097,2.009535549466289,3.260196777006879,1.4392305135597856,2.0116314841148686,2.316226553064127,3.1156002886151892,1.327942672504373,1.7372719997583572,1.7870046235743968,2.218395592156936,1.904542044857819,2.6761604022657375
model_a,scenario_a,Emissions|NH3|Energy|Demand|Bunkers|International Aviation,Mt NH3/yr,World,0.6350318446204448,1.6198128467536652,1.1125682649031339,1.1904212382489439,0.5864170126446339,0.984405106986065,1.4247423435861095,1.4720414972193616,0.5656464197058877,0.7927528204979333,1.3772886265431732,1.7745469208763023,0.8532168410230543,0.9486124747377491,0.23227075277054443,1.0586396026769185,0.7550729440440338,1.936302523348488
model_a,scenario_a,Emissions|NH3|Energy|Demand|Bunkers|International Shipping,Mt NH3/yr,World,1.9791482315505975,0.7740151970426787,1.3528998395248615,1.4818214447936975,1.0678143052555185,0.9131410061504445,0.5847932058801796,1.7881552797875173,0.8735840938538978,1.2188786636169349,0.9389379265209535,1.3410533677388874,0.47472583148131875,0.7886595250206081,1.5547338708038523,1.1597559894800176,1.1494691008137852,0.7398578789172494
model_a,scenario_a,Emissions|NH3|Energy|Demand|Industry,Mt NH3/yr,World,1.0978103107275796,1.1294503422084272,1.2389254759615191,0.7089813398135069,1.3042989591726633,1.3476813776806162,1.2647269628914137,1.4592695294685727,0.5066060205040337,1.4760556280442025,1.1169817273469502,1.2140787061854859,1.5808079191600317,1.6045126908444607,1.5900221522732143,1.2460606711856361,1.7123164089981389,1.771963673830562
model_a,scenario_a,Emissions|NH3|Energy|Demand|Other Sector,Mt NH3/yr,World,0.48883159170394563,1.8762433426348462,0.9676954053684136,1.258223052485969,0.05506340211098115,1.2076100910179677,1.7168187450648427,1.4835157570003272,0.9388518504206727,0.6991993695618858,1.467217531450167,1.5146950710233962,1.6691361951361854,0.9197688096880742,1.3771066367692546,1.55537201606729,1.237305969837124,0.6495169783658926
model_a,scenario_a,Emissions|NH3|Energy|Demand|Residential and Commercial and AFOFI,Mt NH3/yr,World,1.2926175695525468,1.675233668941257,0.34800600216784794,1.2571170282088195,0.7884052558255572,1.4787345944676995,1.3773263384336385,1.0655184453410829,1.0594115990371678,1.0304182419672838,0.8645528323165642,1.0767914338231463,0.5284785196182813,1.41424462533204,1.392178469494679,0.8276814595354154,0.7360462566283745,0.6393635691036564
model_a,scenario_a,Emissions|NH3|Energy|Demand|Transportation,Mt NH3/yr,World,1.5639285632072215,2.198353885008351,3.151619752504133,2.779346524084824,1.3873221815658208,2.440778397248513,2.0672541660929893,1.8029683264135266,1.3032721215882797,2.2225618865706207,1.1975719456149223,2.155472426020538,1.0945761185538054,2.7350148602876594,1.5326245003846424,2.9641022173426945,1.6463976791579242,2.1293430082766958
model_a,scenario_a,Emissions|NH3|Energy|Demand|Transportation|Domestic Aviation,Mt NH3/yr,World,1.3772316798653188,0.8348874850677718,1.2711819661398196,1.5980667442542025,1.0680107109748616,1.0922813450857727,1.1446366225953468,0.4621422991067905,0.5033615212895356,0.7690781652897889,0.5766830910965984,1.0247613497980836,0.6736437627815237,1.4809395136802679,0.30929835419697704,1.5024845615499114,0.7816263510307515,1.2186118673126267
model_a,scenario_a,Emissions|NH3|Energy|Demand|Transportation|Rail,Mt NH3/yr,World,0.18669688334190238,1.3634663999405796,1.8804377863643134,1.1812797798306218,0.3193114705909591,1.3484970521627406,0.9226175434976427,1.3408260273067363,0.799910600298744,1.4534837212808318,0.6208888545183239,1.1307110762224544,0.4209323557722817,1.2540753466073915,1.2233261461876652,1.4616176557927831,0.8647713281271727,0.910731140964069
model_a,scenario_a,Emissions|NH3|Energy|Supply,Mt NH3/yr,World,0.9095808934464684,0.9544396550877631,1.2972059764022477,1.6924443292329954,0.6482548161181789,1.018331261922062,1.2266589710835778,1.0195743449674686,0.9925399074574134,0.8553189612613794,0.6630919001719401,1.3357783639108574,1.2997345990495457,1.5729723915799605,1.6592838780529395,0.19096141712478099,0.6099577024413606,0.739934959575022
model_a,scenario_a,Emissions|NH3|Industrial Processes,Mt NH3/yr,World,0.6961728209140386,1.518920512291773,0.44297013819675235,0.9825041285111411,1.2003784282321348,1.7403816496542874,1.276951080315809,1.3011305693571455,1.5499592247190423,1.0109579009272311,1.4497390398697825,1.1382851450649034,0.6168544165058826,0.9366661576876713,0.512694919335484,1.1371265546210543,0.43232926652835557,0.3456432258498816
model_a,scenario_a,Emissions|NH3|Other,Mt NH3/yr,World,1.0387856824060042,0.9907582436581202,1.4960804087333617,1.802794769874216,0.303945727376136,0.5400680455931881,0.6966630302236557,1.041928386474226,1.3023317916356836,1.129797144118513,0.5554076605129091,0.6557416846950181,0.8648898992585894,0.8515990039052058,1.2301915240440535,1.9101398156562133,1.265227901486532,0.8006068567509801
model_a,scenario_a,Emissions|NH3|Product Use,Mt NH3/yr,World,1.8736061722132158,0.7154059902650284,0.5571813230307364,0.7522807469206212,0.712725884422857,1.1422942205583348,1.3200869552828558,0.9280644923247701,0.8861475443554916,1.145888018055032,1.3902273267554723,1.2453310455481477,1.5681934108722126,1.683347518721836,1.6223631784940225,0.8611855400503561,1.1785530771458084,1.0010080075134011
model_a,scenario_a,Emissions|NH3|Waste,Mt NH3/yr,World,1.5456328975432094,1.094359537051826,1.3761273890320198,1.2005298273426113,0.4273287582309252,1.0169766395794446,1.095284077765678,1.2994276866319199,0.6561739607347046,0.925099910498553,1.0168545023965379,1.7138607773779349,0.829677748216995,1.051188294403553,1.316914898192422,0.9527883808982774,0.7580267201972326,0.4960095506224833
model_a,scenario_a,Emissions|NOx,Mt NO2/yr,World,19.388980951813828,17.503868619479633,18.614517623436647,22.3449984771703,19.42429826921763,21.491138068663062,21.821939097521778,21.345920065025304,22.25297528698161,19.966203569623474,20.720063867048516,19.002421575210846,21.069984124670125,24.031044247986372,20.437745016326573,20.80694987767606,21.663441459670537,22.27577622514864
model_a,scenario_a,Emissions|NOx|AFOLU,Mt NO2/yr,World,9.044274716244981,7.595115804189449,7.529042388517198,7.720502453917933,8.161309611716646,8.599167259731825,8.38511317850994,7.951042880080452,9.435303383379658,7.7303440555690806,7.140345897711304,8.760548405818728,7.0860886335509985,8.859743877371992,9.051320473427932,9.663154579966772,8.328433583650252,9.22169574954557
model_a,scenario_a,Emissions|NOx|AFOLU|Agricultural Waste Burning,Mt NO2/yr,World,1.078243422115539,0.2035298091348554,0.20944571965573677,0.5663845703547661,1.618623106315133,0.7908597697614914,1.2349605554411471,0.11868503666065033,1.2883023302562608,0.657856512141716,1.3332158461231751,0.9018632619846676,0.12037486618953508,1.780975107486701,1.1527264028604562,1.6488784166961654,0.9456224298936099,0.8716965873742348
model_a,scenario_a,Emissions|NOx|AFOLU|Agriculture,Mt NO2/yr,World,1.3999156451541777,0.20791457211384123,0.858428664814056,0.8009125961749908,0.02749654185077466,1.0718401940210345,1.8624808027465916,0.45530921723781503,1.490889721359606,0.7240892320797815,0.9318785709337003,1.5357476063690552,1.1313491300378988,0.7766762110924084,0.8523972781480867,1.4998373261989095,1.033632122888019,1.4602244308824506
model_a,scenario_a,Emissions|NOx|AFOLU|Land,Mt NO2/yr,World,6.566115648975264,7.183671422940752,6.461168004047406,6.353205287388176,6.515189963550738,6.7364672959493,5.287671820322201,7.3770486261819865,6.6561113317637925,6.348398311347582,4.875251480654429,6.322937537465006,5.834364637323565,6.302092558792882,7.046196792419387,6.514438837071698,6.349179030868623,6.889774731288883
model_a,scenario_a,Emissions|NOx|AFOLU|Land|Fires,Mt NO2/yr,World,2.4534727719025424,2.8035976286957824,3.2767230888123224,2.6996245261926504,2.3831546321637225,2.6323054984494343,1.8158732149794015,3.051361545311155,2.6796574187843483,2.494620091335165,2.320171447113479,2.854062772882398,1.826042177433087,3.2980585615669233,2.5082391414809457,3.5613320527052847,3.1918108564322596,3.730954592657619
model_a,scenario_a,Emissions|NOx|AFOLU|Land|Fires|Forest Burning,Mt NO2/yr,World,0.9580621385164243,1.031884360287843,1.3117662370583458,0.6521128852261446,0.5254544415057004,0.7713732941755969,0.20365087144709904,0.9229689296191764,0.9160140396461427,0.8063005103354988,1.4103727800716175,1.4496794230953034,0.2842574147184339,1.3353680225959619,0.903658525846674,1.073150272794102,1.6488920743140079,1.1128619533324864
model_a,scenario_a,Emissions|NOx|AFOLU|Land|Fires|Grassland Burning,Mt NO2/yr,World,1.0290690478247586,1.1464717679339151,1.0457314851704678,0.8489721752958141,0.9639937413479656,0.3981738740553429,0.09085237208164487,0.8519320179709633,1.1853791798823983,0.696280355191491,0.12192785070101264,0.9716314825730668,1.0821081970078388,0.4481505375116004,1.1086413658846472,1.1880881171199327,0.4465213749702487,1.4406615532785398
model_a,scenario_a,Emissions|NOx|AFOLU|Land|Fires|Peat Burning,Mt NO2/yr,World,0.4663415855613595,0.6252415004740245,0.919225366583509,1.1985394656706916,0.8937064493100563,1.4627583302184943,1.5213699714506577,1.2764605977210153,0.578264199255807,0.992039225808175,0.7878708163408487,0.4327518672140279,0.4596765657068145,1.514540001459361,0.4959392497496248,1.3000936627912498,1.0963974071480032,1.177431086046593
model_a,scenario_a,Emissions|NOx|AFOLU|Land|Harvested Wood Products,Mt NO2/yr,World,0.9434829339184182,1.4883880279862218,0.8000566483812042,1.4088863206325009,1.8084685665022815,1.063779507859309,0.16670580052178297,1.3958998867601635,0.6523181430116645,0.37463089598466304,0.3924753407310527,0.906812205179188,1.3358569243515892,0.9021704597269032,0.9168914923088581,0.7160643519039932,0.8206988639721777,0.4541185178429825
model_a,scenario_a,Emissions|NOx|AFOLU|Land|Land Use and Land-Use Change,Mt NO2/yr,World,1.238320743143253,0.5846601210665237,1.376972354655928,0.6300795984743741,0.7643059696872397,1.5909423873217208,1.5399083593879208,0.9912162175367392,1.4858871788224985,1.1939711455209026,1.0668879494210044,0.614459848051791,1.2851926021898914,1.543273138725687,1.769339881990005,0.5559313527906388,0.7372572066326848,0.31512735148461557
model_a,scenario_a,Emissions|NOx|AFOLU|Land|Other,Mt NO2/yr,World,1.2741072672053995,1.563182078226225,0.34267786421039104,0.7752121688652618,0.36155108009394965,0.9822817844782771,0.7481786779975976,0.6585515228894588,1.0284909907004751,1.120936469016602,0.6563582279005944,0.9739678027573958,0.8930444612750255,0.38739309010871026,1.1054194721350772,0.8974098358094259,1.2478151435674516,1.5472261730222612
model_a,scenario_a,Emissions|NOx|AFOLU|Land|Wetlands,Mt NO2/yr,World,0.6567319328056503,0.743843566965999,0.6647380479875601,0.8394026732233895,1.197709715103545,0.46715811784055883,1.017005767435498,1.28001945368447,0.8097576004448055,1.16423970949025,0.43935851548829885,0.973634908594233,0.4942284720739717,0.17119730866465843,0.746306804504501,0.7837012438623557,0.35159696026404796,0.8423480962814048
model_a,scenario_a,Emissions|NOx|Energy,Mt NO2/yr,World,6.442987406292611,6.367262047952453,7.0586807594045835,9.584766906300196,6.647392759072134,8.683874338304484,7.805757317335525,8.701720117231476,10.092343847637178,8.686666410666666,8.793602462145111,7.415041497237548,8.57310660842765,10.540083068732843,7.317524730832464,8.268034048321766,9.333815779146976,8.525084395471762
model_a,scenario_a,Emissions|NOx|Energy|Demand,Mt NO2/yr,World,5.245067455066701,4.716610654571215,6.118776182971342,8.63573201419473,6.2165885524206015,7.858868326670831,6.864767133038115,7.491323719888593,8.77759551970793,7.219506289430143,7.924589205166367,6.724288360099275,6.996417944571143,9.385960171417143,6.160293826585601,7.787540990462937,7.842261505229445,7.69427350789055
model_a,scenario_a,Emissions|NOx|Energy|Demand|Bunkers,Mt NO2/yr,World,1.6355651270383433,1.584569845166606,1.5504132210604502,2.710332955338144,2.532317896148028,1.9405156427633874,1.3767830558154883,2.6654823689961447,2.5993429412251885,1.4100936102666226,3.0135304685511457,2.328959123815059,1.4949588632910602,2.0763800833259327,1.651237942672319,1.880884030065625,1.7848735082733385,0.8190618272930832
model_a,scenario_a,Emissions|NOx|Energy|Demand|Bunkers|International Aviation,Mt NO2/yr,World,1.1366648703396627,0.2557204969919239,0.2562104486375517,1.7476217306678614,1.836047678394244,0.815306746541284,0.45379698438738547,1.449685635883792,1.7626818030276974,0.463226868174746,1.589658947535066,1.5761137100000044,0.8982211471702789,0.920709892761166,0.9431511260327051,1.2919514702182997,0.7014556397518737,0.5662170817817065
model_a,scenario_a,Emissions|NOx|Energy|Demand|Bunkers|International Shipping,Mt NO2/yr,World,0.49890025669868077,1.328849348174682,1.2942027724228986,0.9627112246702826,0.6962702177537841,1.1252088962221034,0.9229860714281028,1.2157967331123527,0.8366611381974911,0.9468667420918766,1.4238715210160802,0.7528454138150542,0.5967377161207813,1.1556701905647668,0.7080868166396139,0.5889325598473253,1.0834178685214648,0.2528447455113767
model_a,scenario_a,Emissions|NOx|Energy|Demand|Industry,Mt NO2/yr,World,1.1603256444064411,0.3202219562741486,0.44546105167033734,1.1218855935319223,0.1291907003590973,1.449904202640791,0.8808017691728496,1.1481135614743816,0.8846687955724392,1.2314403711203585,1.313768337395456,0.916676603776403,1.3862586152900092,1.7809323600106222,0.8971198525472891,1.0640286305266966,1.47366216343729,0.4164737121278774
model_a,scenario_a,Emissions|NOx|Energy|Demand|Other Sector,Mt NO2/yr,World,0.32505499561255635,0.39014445930554886,0.6019917982996127,0.9616164053190728,0.30607466386641735,1.777227195864427,1.4915121106592393,0.5372985773954796,1.5990480684324742,0.8380191016864548,0.9841834584833907,1.2996909503778717,1.617911773469448,1.787242844715101,0.6948033633008233,1.3316969465931505,1.506065312509007,1.6099612814996682
model_a,scenario_a,Emissions|NOx|Energy|Demand|Residential and Commercial and AFOFI,Mt NO2/yr,World,0.999414839688828,0.7662509631051069,1.4963942127929042,1.411035252039066,0.24651511081165312,0.8749187278455167,1.3581318602008356,1.6032543017685348,0.8688394530853825,1.3464530203232155,1.1036979963586901,0.2845680210504391,0.9784300135507807,1.5182013050978118,0.6791628840681735,1.0733897974554325,0.6428335624385519,1.656365841586414
model_a,scenario_a,Emissions|NOx|Energy|Demand|Transportation,Mt NO2/yr,World,1.1247068483205331,1.6554234307198052,2.0245158991480374,2.430861807966526,3.002490181235406,1.816302557556709,1.7575383371897022,1.5371749102540515,2.8256962613924452,2.3935001860334926,1.5094089443776832,1.8943936610795027,1.518858678969845,2.2232035782676753,2.2379697839969963,2.4375415858220335,2.4348269585712576,3.192410845383507
model_a,scenario_a,Emissions|NOx|Energy|Demand|Transportation|Domestic Aviation,Mt NO2/yr,World,1.0429358441211396,0.34608428192013874,1.0099553969357227,1.2261141398297135,1.1229293650001124,1.5914897862556234,1.003233896248217,1.139733685246227,1.3972382856636751,1.3321294252881886,1.1426913060975068,0.5175346252942252,0.6451699731299098,0.9177165696475691,1.0598273105019227,1.1098084673841146,1.0684563735313035,1.6763528679390884
model_a,scenario_a,Emissions|NOx|Energy|Demand|Transportation|Rail,Mt NO2/yr,World,0.08177100419939354,1.3093391487996664,1.0145605022123148,1.2047476681368123,1.8795608162352935,0.22481277130108557,0.7543044409414851,0.3974412250078244,1.42845797572877,1.0613707607453038,0.36671763828017656,1.3768590357852775,0.8736887058399353,1.3054870086201062,1.1781424734950732,1.3277331184379186,1.3663705850399541,1.5160579774444185
model_a,scenario_a,Emissions|NOx|Energy|Supply,Mt NO2/yr,World,1.1979199512259089,1.650651393381238,0.9399045764332415,0.9490348921054648,0.43080420665153196,0.8250060116336534,0.9409901842974099,1.2103963973428835,1.3147483279292493,1.467160121236522,0.8690132569787452,0.6907531371382725,1.5766886638565067,1.1541228973156996,1.1572309042468627,0.48049305785882857,1.4915542739175316,0.8308108875812128
model_a,scenario_a,Emissions|NOx|Industrial Processes,Mt NO2/yr,World,0.7960725487809859,0.9231913693128403,1.305318545427923,0.8850595425520881,1.3208205863343694,1.1077511975490328,1.5919222887098337,1.976180474133581,0.39371404496481077,0.8329347993175092,1.8907058863913282,0.23282709605144825,1.6760944753564488,1.2463096187293565,1.4482609097333345,1.0865157214503265,1.3571974499274901,1.1721109222550776
model_a,scenario_a,Emissions|NOx|Other,Mt NO2/yr,World,1.2792257591143512,0.5821532926904232,1.2286135352466077,1.8700674679951237,0.7616097882382075,0.8657729501216905,1.6850955554011016,0.5578693877408221,0.5226190701961413,1.1157807514942437,0.8196966817005525,1.1716883016329036,1.2499075052213617,0.9131898785694457,1.1843702651794799,0.9187794112022828,1.601298906474994,0.7489056248857769
model_a,scenario_a,Emissions|NOx|Product Use,Mt NO2/yr,World,1.3425596274627294,0.8251070053580245,0.24806649789238133,1.0422760235080717,1.3567808516875042,1.0427695930524603,1.601433546710841,0.5009431303629542,1.0658739445261776,0.9708905119181147,0.8131637572543245,0.9017555107867636,1.5205212379830635,1.5514022093608397,0.681060821609122,0.3542211423876651,0.9433759414664932,1.8514534753693215
model_a,scenario_a,Emissions|NOx|Waste,Mt NO2/yr,World,0.48386089391817066,1.2110390999764442,1.24479589694795,1.2423260828968874,1.1763846721687676,1.191802729903567,0.7526172108545375,1.658164075476021,0.7431209962776409,0.6295870406578588,1.2625491818458947,0.5205607636834513,0.9642656641306021,0.920315595221895,0.7552078155442423,0.5162449743472488,0.09931979900433485,0.7565260576211337
model_a,scenario_a,Emissions|OC,Mt OC/yr,World,20.37478146112882,22.311083545920418,21.227016902893162,24.465524209140533,19.882158702445473,21.494071019156696,19.53642358180695,22.27632765373707,22.852472015914117,21.743324309083462,22.35493125547091,21.47744185535461,22.56718411566225,21.164440735453127,21.582134969246063,20.416102727096693,17.8246007657936,21.332726809161144
model_a,scenario_a,Emissions|OC|AFOLU,Mt OC/yr,World,8.135693441857835,9.575755513639645,9.588025028173632,10.64180957306516,8.77842311506146,10.578948400867448,8.748983963520804,9.12266943102037,9.325782490940142,9.536198835628678,10.227714853661812,8.803599918353617,8.257875044494588,9.12298324324625,9.71928152075681,7.9889226531943525,8.250282522896777,7.798965852902013
model_a,scenario_a,Emissions|OC|AFOLU|Agricultural Waste Burning,Mt OC/yr,World,0.4179324594024596,0.6372091464150577,0.8114411091773202,1.137236119873878,0.671831896323736,0.8221764411963475,1.420026052890024,0.8885903641296177,0.6482846055158069,0.6473450838855295,0.9778849935031463,0.8322861151177398,0.616510560517418,0.9087463738061482,0.7853891444213011,1.0549894262948358,0.1526585210736333,1.2934748213790512
model_a,scenario_a,Emissions|OC|AFOLU|Agriculture,Mt OC/yr,World,0.743919316327213,0.24714615671579965,1.1817858464551003,0.9567089926269807,1.3158902232859464,1.2524908521664357,1.4993060734716794,0.23603669852114928,1.062174940213759,1.3791759918474875,1.4307425977783361,0.85780156294429,0.7709705764570853,0.48744280574595134,1.246767919087856,0.9347937346364895,1.0521903628916847,1.1290863336191745
model_a,scenario_a,Emissions|OC|AFOLU|Land,Mt OC/yr,World,6.973841666128162,8.691400210508789,7.594798072541211,8.5478644605643,6.790700995451777,8.504281107504664,5.829651837159099,7.998042368369602,7.615322945210577,7.509677759895659,7.819087262380329,7.113512240291588,6.870393907520085,7.72679406369415,7.687124457247654,5.999139492263026,7.045433638931458,5.376404697903786
model_a,scenario_a,Emissions|OC|AFOLU|Land|Fires,Mt OC/yr,World,3.4415626197903713,3.944081599758617,2.3232036623944214,3.17495194906964,2.6802076987389176,2.9672311631140995,2.7151589850147393,3.51879854380061,2.2232430928171207,2.724541492998061,4.127743419797694,2.7637443710521716,2.813292416866851,2.539745684323159,4.674687712527161,3.285074757229747,2.7295367969689033,1.5485995530395091
model_a,scenario_a,Emissions|OC|AFOLU|Land|Fires|Forest Burning,Mt OC/yr,World,1.1793593538932408,1.1608773827442926,1.1728999734666274,0.4629740786856703,0.6523736913183704,1.283543208456094,1.4574990584552188,1.522900284088121,0.37311351451578156,1.0035785706909706,1.4239889861426112,1.0237669307805846,1.0574770055403326,1.0741995357440055,1.690334367103115,1.203770288360503,0.6027903606271467,0.23820062472889425
model_a,scenario_a,Emissions|OC|AFOLU|Land|Fires|Grassland Burning,Mt OC/yr,World,0.778310341306909,1.507295352080341,0.17976130939774648,1.0329394444659856,0.9481067759037606,0.8629678701434931,0.83202346210206,0.5430320366919327,1.0267754620778855,0.8412875868517672,1.7285553466259347,0.935556353838302,1.5655379261736388,0.46910389078012404,1.7157252459427341,0.9550994775860623,1.0787043790710484,0.37339596689996213
model_a,scenario_a,Emissions|OC|AFOLU|Land|Fires|Peat Burning,Mt OC/yr,World,1.4838929245902213,1.2759088649339836,0.9705423795300474,1.6790384259179838,1.0797272315167865,0.8207200845145122,0.4256364644574604,1.4528662230205565,0.823354116223454,0.8796753354553233,0.9751990870291487,0.804421086433285,0.19027748515287923,0.9964422577990295,1.2686280994813124,1.1262049912831822,1.0480420572707079,0.9370029614106528
model_a,scenario_a,Emissions|OC|AFOLU|Land|Harvested Wood Products,Mt OC/yr,World,1.2498266139853134,1.613958743324907,1.1081436949991064,1.2971047950465833,1.5928682471465399,0.9714346514659824,1.3229055488631092,1.7314523788557952,1.469901296510858,1.9434237879041336,0.894889501201835,1.561397847751108,1.1174827760156698,0.6695285385268831,0.44319718289244836,1.095506330251732,1.2277243890640208,0.8572210625055177
model_a,scenario_a,Emissions|OC|AFOLU|Land|Land Use and Land-Use Change,Mt OC/yr,World,0.6203771203192565,1.6198134914277975,1.8181377747609702,1.3479056674806529,1.5033551372664105,1.9010803145970567,0.5265708794850698,0.8849041352463652,1.5169410158377423,0.778231688203248,0.14107500622488223,0.7245205233307026,1.4618185750156492,1.5996217643812747,0.6718214159846118,0.532535907370694,0.745807277086602,1.5544079312403425
model_a,scenario_a,Emissions|OC|AFOLU|Land|Other,Mt OC/yr,World,1.0126579659486894,0.7519553508366505,1.0301229478716358,1.0708083547695302,0.3004870352099862,0.9692570212492726,0.8585040695580939,1.106440465099158,1.2684212683603193,1.4563806422120746,1.8787306216828643,1.5939678716653853,0.3494159381381806,1.8795054745814657,1.0552346687036112,0.9922487066018367,1.4336866276860807,0.5455867867877714
model_a,scenario_a,Emissions|OC|AFOLU|Land|Wetlands,Mt OC/yr,World,0.6494173460845318,0.7615910251608161,1.3151899925150783,1.6570936941978949,0.7137828770899224,1.6952779570782535,0.4065123542380864,0.7564468453676743,1.1368162716845374,0.6071001485781428,0.7766487134730525,0.46988162649222065,1.1283842014837342,1.0383926018813667,0.8421834771398211,0.09377379080901604,0.9086785481258517,0.8705893643306457
model_a,scenario_a,Emissions|OC|Energy,Mt OC/yr,World,7.208296613795605,9.551340473822597,7.773093368133786,8.71301779430117,7.6523726833626595,7.1825424900914925,6.179657272787751,8.329228475986508,8.742048047090814,8.53836907902633,8.630721300322067,9.415685809947675,10.339467369319571,8.378930232428552,7.962132595095609,9.53913114443604,7.005163353741002,8.034832868634432
model_a,scenario_a,Emissions|OC|Energy|Demand,Mt OC/yr,World,5.8922520446444295,8.050178688740083,6.875033864426059,7.6921864932063,6.843668693871443,6.797288286295383,5.74205052035445,6.575077675457319,7.528204900262137,7.522178158807563,6.870247916440644,7.692227731676156,8.366920251322167,7.580504012354034,7.212651004488536,8.314012599603899,6.15915042107872,6.697348867304427
model_a,scenario_a,Emissions|OC|Energy|Demand|Bunkers,Mt OC/yr,World,2.1594681596105327,2.432250804301958,1.681574397110594,1.091133257172967,1.2664048734086852,1.8666347948960156,1.7550547634541853,0.5462837475814872,2.734158362256866,1.3953480449612305,1.3731069488048413,1.9487409100397908,1.9746686865291898,1.8349431344869886,1.732531558112644,2.804232393198499,1.7704269908207806,3.021239702138369
model_a,scenario_a,Emissions|OC|Energy|Demand|Bunkers|International Aviation,Mt OC/yr,World,0.9794552175766077,1.099440576573806,0.1588675798081588,0.6478724774389344,0.590284957128487,0.9708044250201951,1.0663087033232292,0.27832674157369275,1.1264777988785257,0.08593464426874908,0.9317284959126588,0.9241061853627565,0.9056574238803902,1.2990338674606006,1.0155726791270676,1.0123323908190547,0.7761127324235746,1.7836372135645253
model_a,scenario_a,Emissions|OC|Energy|Demand|Bunkers|International Shipping,Mt OC/yr,World,1.1800129420339251,1.3328102277281524,1.5227068173024352,0.44326077973403266,0.6761199162801982,0.8958303698758205,0.6887460601309562,0.2679570060077945,1.6076805633783406,1.3094134006924814,0.4413784528921826,1.0246347246770342,1.0690112626487998,0.5359092670263881,0.7169588789855765,1.7919000023794442,0.994314258397206,1.2376024885738435
model_a,scenario_a,Emissions|OC|Energy|Demand|Industry,Mt OC/yr,World,0.2779417732976902,1.404651460041487,1.0382286429197793,1.724147251627137,0.568160494077054,1.1958609345131888,1.2884845620090974,1.880754378248846,0.7876557106851646,1.5164067943038937,0.6741409233958421,1.7942027334708004,0.841291575193506,1.1808855279869515,0.924677791547832,1.3081548303656465,0.6468590745182016,0.9849482618312926
model_a,scenario_a,Emissions|OC|Energy|Demand|Other Sector,Mt OC/yr,World,0.8998364829488065,0.6110741391253014,1.50995164424321,0.9456889637255654,1.382115262138392,0.6718095457839843,0.9360689793211078,1.0573223620574566,0.7292595269761448,1.8019972096955765,1.1346174411792678,1.642169896126048,0.9657339998323188,0.9206691782442683,1.70461317775979,1.7589366901198185,1.0925209049188114,0.6754994139447826
model_a,scenario_a,Emissions|OC|Energy|Demand|Residential and Commercial and AFOFI,Mt OC/yr,World,1.244864209238262,1.145371047942063,0.9101519417984784,1.164907543741022,1.0574027705940283,1.8985430662442366,0.8360052415660695,0.4277582392227438,0.7405846875340416,0.7598111200233928,0.816814633407351,0.6438143481022879,1.5709190537910946,1.538986234874114,0.8276176060478386,1.279778268592818,1.1212069301977052,0.2489501091997185
model_a,scenario_a,Emissions|OC|Energy|Demand|Transportation,Mt OC/yr,World,1.3101414195491379,2.4568312373292738,1.7351272383539973,2.7663094769396084,2.569585293653283,1.1644399448579577,0.9264369740039897,2.6629589483467857,2.5365466128099197,2.04861498982347,2.8715679696533423,1.6632998439372289,3.014306935976057,2.1050199367617126,2.0232108710204324,1.1629104173271179,1.5281365206232214,1.7667113801902652
model_a,scenario_a,Emissions|OC|Energy|Demand|Transportation|Domestic Aviation,Mt OC/yr,World,0.7208923826170003,1.392622031669613,0.9882719631928181,1.645466971470247,0.9023499236162977,0.19219439376732672,0.4197117736082664,1.5428617998393768,1.5779460078901288,0.5578083464673316,1.3748980978649423,0.8308736334777489,1.7646011016043068,1.002321974802526,1.0619699959445905,0.658861391358581,1.0022428511597214,0.6290929780284984
model_a,scenario_a,Emissions|OC|Energy|Demand|Transportation|Rail,Mt OC/yr,World,0.5892490369321376,1.0642092056596608,0.7468552751611793,1.1208425054693614,1.6672353700369853,0.9722455510906309,0.5067252003957233,1.120097148507409,0.9586006049197909,1.4908066433561382,1.4966698717884,0.8324262104594801,1.24970583437175,1.1026979619591866,0.9612408750758417,0.504049025968537,0.5258936694634998,1.1376184021617668
model_a,scenario_a,Emissions|OC|Energy|Supply,Mt OC/yr,World,1.316044569151176,1.5011617850825139,0.8980595037077277,1.020831301094871,0.8087039894912161,0.385254203796109,0.4376067524333014,1.7541508005291884,1.2138431468286761,1.016190920218766,1.760473383881422,1.723458078271518,1.9725471179974041,0.7984262200745174,0.7494815906070732,1.22511854483214,0.8460129326622826,1.3374840013300036
model_a,scenario_a,Emissions|OC|Industrial Processes,Mt OC/yr,World,1.4628518417574887,0.49188474282184114,0.9678330290081527,1.6897283861913706,1.4764969788660456,1.1249483224352286,1.328629549903805,0.8036209344228743,1.5627255726109541,1.0135129152330562,0.1397825395126694,0.5311673007839762,1.2722752137007283,1.2852359465234633,1.0476580848097867,0.1942894443091403,0.81328866558174,1.5178898898301534
model_a,scenario_a,Emissions|OC|Other,Mt OC/yr,World,1.6000079970912982,0.9606149604447124,1.0654412055656424,1.0780691822310424,0.1770370733396488,0.7210328161718547,0.8103873670251199,1.3156983100136885,0.4170447845260207,0.9786090792616369,1.724969499403676,0.23615372489764497,0.7642853714720776,0.27576676284326984,0.8576026757456799,0.5179442991556438,0.3410426470601209,1.0728595451052705
model_a,scenario_a,Emissions|OC|Product Use,Mt OC/yr,World,0.8105907109985095,1.3178152103345742,0.690827305203069,1.5999921116085787,0.8775936022893208,1.2309627825832625,1.4827594906067343,1.1962619392510878,1.812358032773418,1.183048492558687,1.0276981609955098,0.9654019445942492,0.8336076151715426,1.6487868639770942,0.9262171336280408,1.1667965292571916,0.4480367001117743,1.4960683648846629
model_a,scenario_a,Emissions|OC|Waste,Mt OC/yr,World,1.157340855628081,0.4136726448570457,1.1417969668088808,0.7429071617432098,0.9202352495263396,0.6556362070074097,0.9860059379627358,1.5088485630425428,0.9925130879727673,0.4935859073750787,0.6040449015751764,1.5254331567774484,1.0996735015037422,0.4527376864344981,1.069242959210134,1.0090186567443267,0.9667868764021886,1.4121102878046132
model_a,scenario_a,Emissions|Sulfur,Mt SO2/yr,World,22.734600733531416,22.10599056793909,18.072856046989607,19.684896465200833,19.812802724162676,22.761451648317287,19.826381775399824,27.889089736302314,22.52055256888622,23.917407828521572,20.38092779701166,20.904319059848802,19.217548157637385,18.940958985100963,25.767677698906724,23.560613822353172,23.649820200290236,23.149433050709405
model_a,scenario_a,Emissions|Sulfur|AFOLU,Mt SO2/yr,World,9.357458899721333,7.540762269723247,9.225106898839309,6.230505089265095,7.90432693461072,9.56311301167565,7.798383831754146,12.16425524460935,11.049123959194606,9.623166869361402,7.526396494877354,9.154193935833973,8.587372502389627,7.573012315134472,11.484803535690684,9.581648245687624,11.005440237611758,9.652221274220054
model_a,scenario_a,Emissions|Sulfur|AFOLU|Agricultural Waste Burning,Mt SO2/yr,World,1.5350156974767462,0.9851210340525811,1.5292221606546157,1.085801759306274,0.8441390946802326,1.5316531094501926,1.3866760607067392,1.3384463391764025,1.5532732881356717,1.8667416111266113,1.1946841930623875,1.0082471626211302,1.5735983563232443,1.1526428476787065,0.9076764967630141,0.34194130178875914,0.3815219479460955,0.678086399862407
model_a,scenario_a,Emissions|Sulfur|AFOLU|Agriculture,Mt SO2/yr,World,1.1303047197327605,0.49996672342577364,1.7178845409174297,0.8414831079040163,0.64532901656612,1.2576552861175614,0.3945629597731509,0.8089094836328502,1.3347596256194045,1.0932702384004662,0.4397364399710988,1.6273271110562377,0.6801272845363929,0.5262270126776819,0.6872450048916103,0.7073739892861284,1.5934970090141074,0.3730384040118333
model_a,scenario_a,Emissions|Sulfur|AFOLU|Land,Mt SO2/yr,World,6.692138482511828,6.0556745122448925,5.978000197267264,4.303220222054804,6.4148588233643675,6.773804616107896,6.017144811274256,10.0168994218001,8.16109104543953,6.663155019834323,5.891975861843868,6.518619662156604,6.333646861529991,5.894142454778084,9.88988203403606,8.532332954612736,9.030421280651556,8.601096470345816
model_a,scenario_a,Emissions|Sulfur|AFOLU|Land|Fires,Mt SO2/yr,World,3.0000681683412633,2.9456153348370484,3.383561864172794,1.8670460259550148,2.7683528243841264,2.417005944120352,2.6552443545484206,4.270965368742836,2.88122915964566,3.5365936146705432,2.0077682164743433,2.6472829180293744,3.3638849395764923,2.5755595944165073,4.143783921755981,3.128439694275098,4.509171566784653,3.5984691924720176
model_a,scenario_a,Emissions|Sulfur|AFOLU|Land|Fires|Forest Burning,Mt SO2/yr,World,1.2497834321327796,0.6824163976968664,1.0275728401345545,1.223965862850065,0.956483606171008,1.2422457738610984,0.8159439944068025,1.1382940858378232,0.8343414417839127,1.7446182787892863,1.1869516145982624,1.0542335547366992,0.9672001387745589,1.1979524040738663,1.2721330406212215,0.7076322176873378,1.7496462564033028,1.7333139515781029
model_a,scenario_a,Emissions|Sulfur|AFOLU|Land|Fires|Grassland Burning,Mt SO2/yr,World,0.8950675193983076,1.0360122462503971,1.3937655742490196,0.32298196242217747,0.6315099620309549,0.5898456990972839,0.8095162301438646,1.7263882901025545,1.2626716480042621,0.8010157577124469,0.3538631548341764,0.5190092137028561,0.8494328612824773,0.08167608448383556,1.1243735963574344,0.5258826429837653,1.3949557885516932,0.8646615713160435
model_a,scenario_a,Emissions|Sulfur|AFOLU|Land|Fires|Peat Burning,Mt SO2/yr,World,0.8552172168101764,1.227186690889785,0.96222344978922,0.3200982006827724,1.1803592561821632,0.58491447116197,1.0297841299977535,1.4062829928024576,0.784216069857485,0.9909595781688102,0.46695344704190456,1.0740401495898189,1.5472519395194562,1.2959311058588054,1.7472772847773252,1.8949248336039948,1.3645695218296572,1.000493669577871
model_a,scenario_a,Emissions|Sulfur|AFOLU|Land|Harvested Wood Products,Mt SO2/yr,World,1.0409928298767768,0.3349410309546268,0.6024034399416495,1.194620618376325,0.5299987028577218,1.1376752125531011,0.25212657968993146,1.5034441002451588,1.7101323374714859,0.5782925071688579,0.5143779062011868,1.2258097473328295,0.4286540543869406,0.7644831279851436,1.096942516987532,1.8554134877442299,1.4680961377482964,0.35960368188551817
model_a,scenario_a,Emissions|Sulfur|AFOLU|Land|Land Use and Land-Use Change,Mt SO2/yr,World,1.0245539296108483,0.8224340099599988,1.1585954181312892,0.5007297275652325,1.3978920840970404,0.7929681508455632,1.865430752084836,1.6031908931224075,1.8684081327827098,1.2476707820062454,0.45027322133556813,0.9703038901047862,0.5717199017103431,1.0757742839953086,1.5072127295608966,1.3341272661192551,1.3794252467151713,1.1388884138802329
model_a,scenario_a,Emissions|Sulfur|AFOLU|Land|Other,Mt SO2/yr,World,0.7767581943567475,0.9015323959186411,0.5764825185158515,0.26676357319832056,0.9730434017419489,1.2432723190608574,0.09670151039889652,1.6157092719664026,0.653219988230765,0.307071836347073,1.8782242297494787,0.46434284474875187,0.7135069316841823,0.16647745216907905,1.6870742017166842,1.0345009862766732,1.116553980907245,1.792160625861571
model_a,scenario_a,Emissions|Sulfur|AFOLU|Land|Wetlands,Mt SO2/yr,World,0.8497653603261918,1.0511517405745774,0.2569569565056793,0.4740602769599117,0.7455718102835296,1.1828829895280224,1.147641614552171,1.0235897877232942,1.0481014273089087,0.9935262796416034,1.041332288083291,1.2108802619408627,1.2558810341720323,1.3118479962120453,1.454868664014965,1.17985152019748,0.5571743484961906,1.7119745562464757
model_a,scenario_a,Emissions|Sulfur|Energy,Mt SO2/yr,World,7.663502938236613,10.433138645353102,6.3577119051500866,9.687772168503821,7.382094209976571,8.388260162532372,7.826750729878052,11.522170901393991,6.613808470810297,10.017028184991062,8.889196651920741,8.13247862092166,7.294406199919086,7.5593877072229425,10.329589640868544,8.44089528850043,8.791429050657609,8.419858417467609
model_a,scenario_a,Emissions|Sulfur|Energy|Demand,Mt SO2/yr,World,6.420191219673197,9.074892176401146,5.295512312640328,8.096348784081211,5.7859917837783845,7.28945326107136,6.890252757957574,9.795505634761813,6.3035390190116924,9.161013944827895,7.964186051928497,7.491785745972294,6.163667857300201,6.098755076545301,9.416723043481731,7.097312981667574,8.271961840786684,7.28292588491098
model_a,scenario_a,Emissions|Sulfur|Energy|Demand|Bunkers,Mt SO2/yr,World,1.9593374689174146,2.1870038309296245,1.1328647471941884,2.674022821720097,1.5609858333310904,2.112625898045751,2.3795690742338333,2.519409638537006,1.7745650518477665,2.756183339463111,2.2172445625415262,3.1050953389279483,2.2305917260302826,2.465185278638783,2.7077757392789823,1.097784370421257,2.915096876817704,1.7838839262498112
model_a,scenario_a,Emissions|Sulfur|Energy|Demand|Bunkers|International Aviation,Mt SO2/yr,World,1.4516586929724693,1.558319116336525,0.42950804183486424,1.227569595595698,0.885641891017761,1.1843166582268259,1.2190959123456773,0.9772442288954275,1.095508371231681,1.6070836111300832,0.9197902344118686,1.918677009287041,0.9555117275280249,1.0737855250357042,1.2695900727316527,0.8355164588567637,1.5200482933258042,1.3411210950020518
model_a,scenario_a,Emissions|Sulfur|Energy|Demand|Bunkers|International Shipping,Mt SO2/yr,World,0.5076787759449453,0.6286847145930996,0.7033567053593242,1.4464532261243992,0.6753439423133294,0.928309239818925,1.1604731618881559,1.5421654096415782,0.6790566806160855,1.1490997283330275,1.2974543281296578,1.1864183296409074,1.2750799985022574,1.3913997536030789,1.4381856665473296,0.26226791156449336,1.3950485834919002,0.4427628312477595
model_a,scenario_a,Emissions|Sulfur|Energy|Demand|Industry,Mt SO2/yr,World,1.1217426668044626,1.6299790157679905,0.705511317232015,1.384172151699207,0.347052317283422,1.3247631633802333,0.8204842782347521,1.7219139037269495,0.9167367198870064,0.4197255172270936,1.1545937663463097,0.9668830098382739,0.4722182251489717,0.4547214980420241,0.6343600724629846,0.9133484221203765,1.4907702314772568,1.2883522179505698
model_a,scenario_a,Emissions|Sulfur|Energy|Demand|Other Sector,Mt SO2/yr,World,0.9467836314839175,1.564196118050067,0.8350075774870999,1.6762086940539884,0.5160941141864059,1.1658052525784155,0.28334818132772643,1.2830208716934242,1.047289979982994,1.6652037004376545,1.6666894133858272,0.8233211309291719,1.0296210336415537,0.8290587207255216,1.897334480670933,1.058152332587785,1.2194300828927087,0.944635061644216
model_a,scenario_a,Emissions|Sulfur|Energy|Demand|Residential and Commercial and AFOFI,Mt SO2/yr,World,0.8149204140531858,1.8515051727178822,0.785319888069218,0.6639795383712117,0.5843864285265817,0.5853548470922385,1.2941907688755718,1.6583041651509283,1.0189288627862894,1.3932434352824261,0.9571430956954323,0.9464977407073291,1.0064110128026227,0.4993101392446734,1.12925032207312,1.1128340797831728,1.1102565672105156,0.8021856154499125
model_a,scenario_a,Emissions|Sulfur|Energy|Demand|Transportation,Mt SO2/yr,World,1.5774070384142167,1.8422080389355813,1.8368087826578066,1.6979655782367076,2.7774730904508846,2.1009040999747217,2.112660455285692,2.612857055653506,1.546018404507635,2.9266579524176093,1.9685152139594009,1.6499885255695714,1.4248258596767698,1.8504794398942992,3.0480024289957104,2.9151937767549834,1.5364080823885,2.46386906361647
model_a,scenario_a,Emissions|Sulfur|Energy|Demand|Transportation|Domestic Aviation,Mt SO2/yr,World,0.2698801277817956,1.058826907595473,1.6503428115465963,1.1153366121323562,1.198845528762405,0.5586056468473579,1.2921156802073988,0.741153596264118,0.4285966522950162,1.5749256352155507,0.6342353383758625,1.045692262879336,1.077879840874819,0.7080144577303938,1.5539594402368722,1.5531689013270982,0.7080549215514047,1.3947736904303474
model_a,scenario_a,Emissions|Sulfur|Energy|Demand|Transportation|Rail,Mt SO2/yr,World,1.307526910632421,0.7833811313401083,0.18646597111121,0.5826289661043513,1.5786275616884793,1.5422984531273638,0.8205447750782934,1.8717034593893875,1.1174217522126189,1.3517323172020586,1.3342798755835386,0.6042962626902354,0.34694601880195075,1.1424649821639052,1.494042988758838,1.362024875427885,0.8283531608370952,1.0690953731861228
model_a,scenario_a,Emissions|Sulfur|Energy|Supply,Mt SO2/yr,World,1.2433117185634157,1.3582464689519567,1.062199592509759,1.5914233844226096,1.5961024261981862,1.0988069014610131,0.9364979719204778,1.7266652666321782,0.31026945179860477,0.856014240163169,0.9250105999922442,0.640692874949365,1.1307383426188848,1.4606326306776407,0.9128665973868145,1.3435823068328554,0.5194672098709238,1.1369325325566297
model_a,scenario_a,Emissions|Sulfur|Industrial Processes,Mt SO2/yr,World,1.8819297047935684,1.1847773838197806,0.7612418893825336,1.0787303123601237,1.3903690902993586,1.4973534882390993,1.367461532689794,0.8049378186168581,1.3593259595607683,0.5126256583969189,0.2877700542480488,0.6423000593586988,0.504798650563257,0.14521208302960686,1.7579644504537473,1.2949383729191004,0.5665718741418831,1.104883613936643
model_a,scenario_a,Emissions|Sulfur|Other,Mt SO2/yr,World,1.6508750789291042,0.8857086993398717,0.2798308198823609,1.1710821017995392,1.4250658446022222,0.6695776464614204,0.9168957949975931,0.9553860157558163,1.0776246863855143,1.303438244180748,0.927489275316499,1.273540500324828,0.9839612918193805,1.677391647217913,1.0619785812572822,1.3688640731282786,0.4975635145531415,1.115585620525163
model_a,scenario_a,Emissions|Sulfur|Product Use,Mt SO2/yr,World,1.64187385427535,0.8476378585127655,0.7481769806173219,0.3502751384587429,0.5246458104864913,1.3154812590726603,0.836627950163529,1.3140314825378459,0.961650710704502,1.4925978056453058,1.0304529970033982,0.920896943693867,1.5513306923250618,0.6296786140272639,0.7182788220944488,1.391097814844788,1.4970773105429966,1.8427437686001542
model_a,scenario_a,Emissions|Sulfur|Waste,Mt SO2/yr,World,0.538960257575444,1.2139657111903235,0.7007875531179933,1.1665316548135114,1.1863008341873131,1.3276660803360818,1.0802619359167123,1.128308273388452,1.4590187822305325,0.968551065946135,1.7196223236456154,0.7809089997157735,0.29567882062097195,1.3562766184687662,0.415062668542018,1.483170027272953,1.2917382127828483,1.014140355959781
model_a,scenario_a,Emissions|VOC,Mt VOC/yr,World,19.10863096713206,21.547704008560178,22.90383523722203,20.66173992804999,18.158483721919993,24.323582328147786,21.44173040330878,24.421859865153458,21.141379595123073,20.91278200902251,19.813428678754136,20.754814209232606,21.541804717133417,19.680924553920285,18.566197510342583,18.732482369749942,22.122188199894424,17.800658052819987
model_a,scenario_a,Emissions|VOC|AFOLU,Mt VOC/yr,World,7.020645099556033,8.672050180961687,10.993986813336853,8.532629469019344,7.292178804379393,10.33555852599331,7.793886123242407,9.862943994660743,9.128339003049827,7.662350208463811,10.23395755359006,7.765865282041161,6.881574181458903,9.569488049537082,8.178788817248865,9.410066686803095,9.951754134241298,6.846899402494337
model_a,scenario_a,Emissions|VOC|AFOLU|Agricultural Waste Burning,Mt VOC/yr,World,0.6107896228858597,0.6821137534465564,1.9036082786013755,1.452272100504317,1.1004754769904554,0.22564977648923956,0.9921699055339112,1.0054725850912798,1.721708898068366,0.9060746031064311,1.140766424132737,0.9039923823982702,0.4753653339973465,1.4382304994564528,0.9589557231427978,0.8095728909601128,0.6082264349336284,0.11553778188031039
model_a,scenario_a,Emissions|VOC|AFOLU|Agriculture,Mt VOC/yr,World,1.190846992646439,1.6894665885821585,0.4472195748955391,0.9779649213581436,1.2799431303954516,0.8251130295037906,1.4128600284869912,0.7349659452308105,0.7916583694192634,0.7124957974716495,0.739895694633538,1.0782309531950423,1.124473892302507,0.8810683997486869,1.6771353975809984,1.1843635149126857,1.4775836112434626,0.49881168845719925
model_a,scenario_a,Emissions|VOC|AFOLU|Land,Mt VOC/yr,World,5.2190084840237345,6.300469838932971,8.643158959839939,6.102392447156883,4.911760196993486,9.284795720000279,5.388856189221505,8.122505464338651,6.6149717355622,6.0437798078857305,8.353295434823783,5.783641946447849,5.281734955159049,7.250189150331942,5.542697696525069,7.416130280930295,7.865944088064208,6.232549932156827
model_a,scenario_a,Emissions|VOC|AFOLU|Land|Fires,Mt VOC/yr,World,1.4931776820334903,2.1102098047441062,4.446272055336836,2.480871075086365,2.6100767704831727,4.646800310650297,2.697568861671569,3.243692821236132,2.724465008804551,2.5849316170446865,3.4746464312816423,1.5975918001793794,1.8904660092352072,2.8098496517930815,2.8631827066552367,3.808118903312998,2.2541929386558297,2.400735265468352
model_a,scenario_a,Emissions|VOC|AFOLU|Land|Fires|Forest Burning,Mt VOC/yr,World,0.5983165793000652,0.4825435441234712,1.9302611901539373,1.3418924602128912,0.2634232946037516,1.7659285174895132,1.169535248504252,0.9832818432493007,1.551027422437408,0.6549516858271971,0.985199955834832,0.5735622937942901,0.9925308624017555,1.5346956378060348,1.1442285678515673,1.3260259366494238,1.5352934078912182,0.5020413759735681
model_a,scenario_a,Emissions|VOC|AFOLU|Land|Fires|Grassland Burning,Mt VOC/yr,World,0.1456001562023963,0.7303806037679939,0.9830972100706773,0.7020876987951525,1.4024289683442075,1.2022653123274512,0.7606807076567317,1.3149304189961515,0.6457026197715338,1.0518154094370793,1.5058809061803033,0.2550770884131538,0.44679622051914336,0.8855359687815638,1.019288804451677,1.142329534921826,0.318365162056117,0.9307238600632259
model_a,scenario_a,Emissions|VOC|AFOLU|Land|Fires|Peat Burning,Mt VOC/yr,World,0.7492609465310287,0.8972856568526408,1.5329136551122216,0.4368909160783214,0.9442245075352137,1.6786064808333336,0.7673529055105852,0.9454805589906795,0.527734966595609,0.87816452178041,0.9835655692665066,0.7689524179719355,0.4511389263143085,0.3896180452054827,0.699665334351992,1.3397634317417477,0.40053436870849446,0.9679700294315579
model_a,scenario_a,Emissions|VOC|AFOLU|Land|Harvested Wood Products,Mt VOC/yr,World,0.60662204403767,1.3748215652367097,0.7277409967822464,0.9644692803202468,0.10567880829299425,0.3315130718377274,1.295215132703269,1.2781308841042516,0.6242127960118267,0.9539860564751418,0.8287314659026841,0.5570095438790879,1.4697418101429023,1.2135178209810769,0.6516174370535537,1.5400334659852004,1.8440208235102216,1.1452198450138942
model_a,scenario_a,Emissions|VOC|AFOLU|Land|Land Use and Land-Use Change,Mt VOC/yr,World,1.03999245352865,0.5895044710762875,1.6514892286097473,1.8175496078765587,1.6095643402120916,1.6024243946445351,0.2115106022480151,1.330763601951213,0.9842996578767408,0.8873523658380355,1.8378432856275744,0.9155371884944562,1.3773101704398143,1.3529575723413738,0.1547042326651381,0.4676263630801609,1.4916676037130605,1.614437190441622
model_a,scenario_a,Emissions|VOC|AFOLU|Land|Other,Mt VOC/yr,World,0.8785774448588919,1.4649234628464054,0.3643274223946058,0.5040131829170923,0.23109651297292044,1.0236210746659844,1.1546563689997347,1.11731411633299,1.438199744889983,0.1736378117231957,1.0278799910769032,1.6409944484624739,0.15118047902669063,1.301589186454728,1.2184362281643837,0.7657084521078766,1.1153469319647653,0.8780692488305467
model_a,scenario_a,Emissions|VOC|AFOLU|Land|Wetlands,Mt VOC/yr,World,1.2006388595650326,0.7610105350294625,1.4533292567165028,0.33548930095662066,0.3553437650323068,1.6804368682017357,0.02990522359891723,1.1526040407140643,0.8437945279790986,1.4438719568046712,1.1841942609349796,1.0725089654324511,0.393036486314435,0.5722749187616812,0.6547570919867566,0.8346430964440592,1.1607157902203311,0.19408838240241244
model_a,scenario_a,Emissions|VOC|Energy,Mt VOC/yr,World,8.78928151413793,7.644346367915343,8.661803612207539,8.694565422370077,7.137926298620422,9.057981810513661,7.9087868295570365,10.378850731198913,8.054098304659725,9.884223782427227,7.586035423549828,8.299501978640833,9.132768603983461,7.7862923071939365,6.133332049967876,6.51015331209762,6.653171828713153,7.962155139152556
model_a,scenario_a,Emissions|VOC|Energy|Demand,Mt VOC/yr,World,7.820679450731497,7.487641990699762,7.24824806780696,7.673703792026781,6.082921850670628,8.381947367506271,6.776737594468874,8.671747150744025,6.646021938970752,8.384546721224845,6.677587722112082,7.524484828636435,7.549497582180114,6.679777041659584,5.71182626651907,5.298591558294688,5.829930421300075,7.38308018699774
model_a,scenario_a,Emissions|VOC|Energy|Demand|Bunkers,Mt VOC/yr,World,2.091481838911677,1.9707647999928166,2.693071726521028,1.8370657101293562,1.6172185891136766,2.88152444877351,0.8194591931646615,2.768195772780828,2.084900389360567,2.79909687441362,1.3281859573327264,2.4285921418202108,2.1920397586906955,2.7586399123630465,1.6707706551872796,1.4084385740104044,1.302201006036395,2.0178541624324793
model_a,scenario_a,Emissions|VOC|Energy|Demand|Bunkers|International Aviation,Mt VOC/yr,World,1.2176779861789102,0.6827263446520638,1.4889509151985487,0.8138051816149089,0.7063168096616053,1.4574564711382565,0.5546569399518071,1.135569988414713,1.7746732943502768,1.3589589279271277,0.35993996394619,0.9329478878766597,1.3615282437486291,1.2825456122786765,0.7634753799936606,0.39932258988039404,0.9688186426925346,0.8102577075409062
model_a,scenario_a,Emissions|VOC|Energy|Demand|Bunkers|International Shipping,Mt VOC/yr,World,0.8738038527327667,1.288038455340753,1.2041208113224793,1.0232605285144474,0.9109017794520713,1.4240679776352536,0.26480225321285444,1.6326257843661152,0.31022709501029044,1.4401379464864927,0.9682459933865364,1.4956442539435508,0.8305115149420664,1.47609430008437,0.9072952751936192,1.0091159841300104,0.3333823633438606,1.2075964548915732
model_a,scenario_a,Emissions|VOC|Energy|Demand|Industry,Mt VOC/yr,World,1.2966179478161894,1.1798755173710753,0.6604996477454266,0.4621454454194108,0.6692758078500936,1.0655658067471,0.5600588353682612,1.2445084590925812,0.6001460508816074,1.6279879470689533,0.9116781373058663,0.8601479400590745,0.19764469783942784,0.6751683519167839,0.7658935640562721,0.7953135563625394,0.5362436579788521,1.540898796670641
model_a,scenario_a,Emissions|VOC|Energy|Demand|Other Sector,Mt VOC/yr,World,0.99841585989332,1.2777303195120406,1.6999834520434884,1.61566506380623,0.8933634245565821,1.1613565891685078,1.851947143428095,0.9721004713141679,1.2005844632115683,0.9011570422544276,1.6145360633682837,0.7999469336505768,0.9561492035874543,0.8466656904226717,0.9588718535762416,0.7329167840972641,0.9880154018913874,1.3277737537353966
model_a,scenario_a,Emissions|VOC|Energy|Demand|Residential and Commercial and AFOFI,Mt VOC/yr,World,0.6391557509035823,0.7528719049901621,1.5307276320314336,1.6285700560790164,0.7614319895594008,1.0252681837668858,1.731316771952517,0.9317573691313532,0.4757938480364836,0.8876404095631886,0.4189900856327007,1.2151695868719423,1.102073600661347,1.5094041555783366,1.0579773078082897,0.6688925347823989,0.5071757442529637,1.2435776846301865
model_a,scenario_a,Emissions|VOC|Energy|Demand|Transportation,Mt VOC/yr,World,2.795008053206728,2.3063994488336683,0.6639656094655836,2.130257516592768,2.1416320395908754,2.2482323390502685,1.8139556505553391,2.755185078425096,2.284597187480525,2.168664447924656,2.404197478472505,2.2206282262346306,3.101590321401189,0.8898989313787453,1.2583128858909864,1.6930301090420814,2.4962946111404767,1.2529757895290357
model_a,scenario_a,Emissions|VOC|Energy|Demand|Transportation|Domestic Aviation,Mt VOC/yr,World,1.1694319113344847,1.4945625465822796,0.40037837312760516,1.289902491747216,1.2017030218280655,0.7490486472629352,1.3701424692189066,1.3197042183360486,1.125549476564892,0.7459984268597686,0.7984573630032302,1.3071022957840273,1.5455022088151198,0.3807648098177656,0.8463743735455689,0.5121372352109727,0.939921083630837,0.3895820611829015
model_a,scenario_a,Emissions|VOC|Energy|Demand|Transportation|Rail,Mt VOC/yr,World,1.6255761418722434,0.8118369022513888,0.2635872363379784,0.840355024845552,0.9399290177628099,1.4991836917873336,0.44381318133643266,1.4354808600890476,1.1590477109156332,1.4226660210648876,1.605740115469275,0.9135259304506036,1.5560881125860697,0.5091341215609797,0.41193851234541745,1.1808928738311089,1.5563735275096395,0.8633937283461343
model_a,scenario_a,Emissions|VOC|Energy|Supply,Mt VOC/yr,World,0.9686020634064331,0.15670437721558006,1.4135555444005772,1.0208616303432976,1.055004447949794,0.6760344430073906,1.1320492350881621,1.7071035804548864,1.4080763656889723,1.4996770612023809,0.9084477014377463,0.7750171500043991,1.5832710218033477,1.1065152655343529,0.42150578344880574,1.2115617538029317,0.8232414074130783,0.5790749521548173
model_a,scenario_a,Emissions|VOC|Industrial Processes,Mt VOC/yr,World,0.9647672549023183,0.33912871698305536,1.0271521371629595,1.2755570831879497,1.107189412301507,1.1753313275290165,1.3081357148161974,1.3162989057012635,0.7115171727626436,0.955298081451054,0.538892076109515,1.556878224053332,1.340248353344109,0.5961645935056469,0.8819913947326463,0.5474849681720948,1.6499640114099063,0.6315035381700043
model_a,scenario_a,Emissions|VOC|Other,Mt VOC/yr,World,0.4841707211870726,1.6307863068150463,1.0103645553211034,0.7868699584888867,0.9434206084275946,0.7254145196776102,1.4463964033938537,0.8597687746330113,0.7089415602365691,1.425601204732022,0.2234658044990463,1.0450556677565779,1.5734759188715723,0.3784443689133593,1.4534761555685856,0.49026850410658085,1.60477694937769,0.9791026310043079
model_a,scenario_a,Emissions|VOC|Product Use,Mt VOC/yr,World,1.0147362058064942,1.880637153740723,0.9101118103561098,0.1250233551235197,0.5455781301359641,1.5301654807590466,1.7592338720094682,1.2068032904588204,1.460758251515835,0.6922770342041663,0.44228208527238333,1.0473589499367915,0.8632712956302306,0.7357420523792263,0.6536983713089255,0.5485005609397734,1.0143592639992791,0.9112539361337327
model_a,scenario_a,Emissions|VOC|Waste,Mt VOC/yr,World,0.8350301715422142,1.380755282144324,0.30041630883746484,1.2470946398602125,1.1321904680551091,1.4991306636751451,1.2252914602898164,0.7971941685007081,1.0777253028984737,0.29303169774422966,0.7887957357333031,1.0401541068039069,1.75046636384514,0.6147931823910315,1.2649107215156827,1.2260083376307804,1.2481620121530983,0.46974340586504604
model_a,scenario_a,Emissions|BC|Other,Mt BC/yr,model_a|China,0.18114186662862208,0.5880622941283666,0.7040448880280114,0.195315137371873,0.3390188691112659,0.512704570507829,0.991119870648028,0.6121875652530941,0.9430158993714711,0.6138901100284697,0.6800475828022928,0.5303968400224757,0.669484838283644,0.047487265258497446,0.6531022338286213,0.529607622229745,0.30971912123698075,0.20466567102914068
model_a,scenario_a,Emissions|BC|Energy|Supply,Mt BC/yr,model_a|China,0.6696708235726451,0.06067112324850521,0.8983531465272242,0.3860772550227628,0.31140850664224873,0.1973161127246107,0.2198870116196152,0.25758939758843336,0.544656057618089,0.8521894379940338,0.4532154063251914,0.9438930449374126,0.14825312590058282,0.42200967241404064,0.2084368235318369,0.4937961213126031,0.6791044792687777,0.8853329212235705
model_a,scenario_a,Emissions|BC|Energy|Demand|Industry,Mt BC/yr,model_a|China,0.9819393918319607,0.45690648263659084,0.5780452307581694,0.3988362145848553,0.7711546097026508,0.7296958891044764,0.8059261746514185,0.12425741432621518,0.08757307208711818,0.5922799205812525,0.29547913442270723,0.8483963753932435,0.028165290617297,0.5395324899251974,0.7932186673917726,0.7272337816660416,0.46955279828548746,0.14345142571124692
model_a,scenario_a,Emissions|BC|Energy|Demand|Other Sector,Mt BC/yr,model_a|China,0.40941332335952973,0.6417116163754493,0.03441817591902985,0.9818651502017833,0.899857605134935,0.7426846014374028,0.48537805595441585,0.29815598224874884,0.3180287684398536,0.5279395512613712,0.08686972217567135,0.30342831958161853,0.37602984162677855,0.558293705508059,0.33005195593865244,0.7511047827231512,0.2226024304601154,0.4719806625074209
model_a,scenario_a,Emissions|BC|Industrial Processes,Mt BC/yr,model_a|China,0.09707941637585782,0.1701154683522902,0.5847374782782663,0.04413031656429256,0.8953764286468296,0.824968654625213,0.7009562924224818,0.6165006395714555,0.20039862149103427,0.9464956734477428,0.5490419816104165,0.06389712904844236,0.18349690473456937,0.9544452573217779,0.41249900031744424,0.5717349958370663,0.7094949338443395,0.7981961522034831
model_a,scenario_a,Emissions|BC|Energy|Demand|Residential and Commercial and AFOFI,Mt BC/yr,model_a|China,0.3568028850723324,0.8774093044903464,0.7861134879630346,0.19644458882262938,0.3362815547778455,0.6974916238473134,0.7929608896618884,0.4651127923035191,0.671323766360677,0.5878272955015486,0.5817967971323753,0.7271204145645886,0.34193236253649717,0.8182991098193668,0.16323863799694804,0.5048573424615338,0.1468701525264835,0.9272093262130491
model_a,scenario_a,Emissions|BC|Product Use,Mt BC/yr,model_a|China,0.05429973019390466,0.9694510567661707,0.8455456370993327,0.8535157360974348,0.8454020746803965,0.47645707429985795,0.10118722729781904,0.6760499164356857,0.9475693457226142,0.6057675796884493,0.7380227378972862,0.09401611534567311,0.6024457201979317,0.6851234228552732,0.932305979227814,0.8266895301663493,0.9739812842560123,0.11580460030183848
model_a,scenario_a,Emissions|BC|Energy|Demand|Transportation|Domestic Aviation,Mt BC/yr,model_a|China,0.2741805299154694,0.7935557965171913,0.9085439738731544,0.5172763955145891,0.6585735214943851,0.8472897547045559,0.6403759761138994,0.1973338772741433,0.14199003593547743,0.7397516212793702,0.8999387496431196,0.0050545657492363505,0.6586938649318262,0.0419323095253068,0.6551686967228545,0.8841143673191167,0.08879453533269366,0.28136176434200977
model_a,scenario_a,Emissions|BC|Energy|Demand|Transportation|Rail,Mt BC/yr,model_a|China,0.05591570532787715,0.6847327375466801,0.9260509361126337,0.5110114871336084,0.27558823695143697,0.4715941455779681,0.6267678060146671,0.6593801685619776,0.6695980377392725,0.2773525468109381,0.9317853020319553,0.7178530750226761,0.022660759648858386,0.30823157436957194,0.37215621774485896,0.3276141967375198,0.7855586726204268,0.48600981370120944
model_a,scenario_a,Emissions|BC|Energy|Demand|Bunkers|International Aviation,Mt BC/yr,model_a|China,0.022739837652327455,0.05920496194613423,0.6175356607550354,0.5880781545300479,0.7599708083172209,0.33616142402833715,0.9702615029583423,0.9659745552180531,0.4997252552887069,0.3586573362836586,0.8357246536138476,0.2858323315195843,0.03724664265762101,0.6390611406419211,0.43777638401535146,0.6211423100114805,0.78534030880997,0.36974215280457623
model_a,scenario_a,Emissions|BC|Energy|Demand|Bunkers|International Shipping,Mt BC/yr,model_a|China,0.8301089771450478,0.14472834832793213,0.38098226503162325,0.764616802371331,0.6649143476983245,0.33783440611195115,0.5216797507679942,0.7009086748116831,0.16940099785247276,0.0014772752246511311,0.37998050666814653,0.5859692152514981,0.48299692550847195,0.40403510288130806,0.147884274956121,0.41933744073309953,0.057779412553121245,0.9111592852383524
model_a,scenario_a,Emissions|BC|Waste,Mt BC/yr,model_a|China,0.7667103930061981,0.9211100645340692,0.4954016301794727,0.29300032039271995,0.9082070744052118,0.009520401860594219,0.5677424701711027,0.9531972685415485,0.25950754082211236,0.3333995101357773,0.6377117279355178,0.7030051908849925,0.13146514839815016,0.5298348720084625,0.6727790683594875,0.1102632398523572,0.7624954337015679,0.8299194966628597
model_a,scenario_a,Emissions|BC|AFOLU|Agriculture,Mt BC/yr,model_a|China,0.5613639304807512,0.4686872273620136,0.078442385384074,0.3043964857882109,0.21354835072986433,0.6263250277452294,0.5713006257920407,0.6576659891809976,0.5009616090061568,0.28257137600507987,0.7255974491944891,0.2006003763057842,0.8367856319746774,0.4564884847957644,0.18702536812901782,0.3874869681058499,0.8758535947641483,0.5169801975419572
model_a,scenario_a,Emissions|BC|AFOLU|Agricultural Waste Burning,Mt BC/yr,model_a|China,0.011851903124538321,0.7202641522014409,0.9700010857720295,0.5255102014109952,0.9307870543484213,0.1998098419164599,0.8849927451501652,0.4867889836337048,0.24441211596106038,0.25094363391344376,0.11110605474049773,0.15716982542501123,0.33644621583969625,0.5312312230346171,0.13849136438980858,0.06686532506000697,0.5080109441218342,0.6911858890054445
model_a,scenario_a,Emissions|BC|AFOLU|Land|Fires|Forest Burning,Mt BC/yr,model_a|China,0.06370350188462592,0.17733307422303735,0.9881108829045108,0.24450283026602637,0.7840386229754222,0.4993103392673671,0.8506917945827489,0.9210626409362729,0.36580186148033833,0.028490448608036623,0.17857440032461636,0.5416118500894931,0.8129214340719689,0.5677877043694968,0.4921044567331694,0.6663825625448465,0.8379878916358584,0.8514421395670867
model_a,scenario_a,Emissions|BC|AFOLU|Land|Fires|Grassland Burning,Mt BC/yr,model_a|China,0.5926947373955341,0.9900435574539016,0.4883292240379723,0.808392418904536,0.46753844162639047,0.7769573540660718,0.4298698333136164,0.16351373601365504,0.7045936119176297,0.9877607111681973,0.5240897351356611,0.7586938346621822,0.28050715976351337,0.8273888763074008,0.8942070465042492,0.2893980683248364,0.5216433288575469,0.4619663708893247
model_a,scenario_a,Emissions|BC|AFOLU|Land|Fires|Peat Burning,Mt BC/yr,model_a|China,0.16642790511098293,0.04424824583753828,0.5634777260917168,0.7875634910918463,0.7309570724388762,0.22736761750602885,0.02496996774349236,0.03212967226640828,0.743584057792345,0.9094563766453563,0.8676205026600154,0.8128142686980657,0.0001893552215896932,0.5786082953559318,0.5935647433425095,0.8704562277892521,0.3325858139564074,0.9183686163208293
model_a,scenario_a,Emissions|BC|AFOLU|Land|Land Use and Land-Use Change,Mt BC/yr,model_a|China,0.4348672707896555,0.6128435672313556,0.5762774414950051,0.9234972877649533,0.7418538421970654,0.8741777365505323,0.01722042552233327,0.09175757746275359,0.5981954083474754,0.9075951334047972,0.26811726565458005,0.7037436274945741,0.6635906731894101,0.5691796122221802,0.29020739609725166,0.9515198334950185,0.2784674557504899,0.5345761486624085
model_a,scenario_a,Emissions|BC|AFOLU|Land|Harvested Wood Products,Mt BC/yr,model_a|China,0.5307465463561909,0.4448202659890782,0.1379437657346151,0.6782510573623242,0.06823834884854063,0.9426771885327481,0.6556394120095534,0.8845686208353494,0.6653174839123366,0.3656713398531005,0.7078183312192858,0.9385289641447735,0.3166798957105458,0.020881162898380823,0.057884270990366526,0.9248491381012564,0.2835351781731814,0.5880805664837387
model_a,scenario_a,Emissions|BC|AFOLU|Land|Other,Mt BC/yr,model_a|China,0.005421867853933282,0.6741042671573659,0.48393916313554275,0.29947923016063915,0.40028721155887426,0.961557904853906,0.9525315623591224,0.20478057122481552,0.6315644380182724,0.2396549609388492,0.0035355648970368803,0.8358423067543932,0.9172914841781514,0.7269126567355575,0.8218876561667422,0.8150212696301308,0.9712661936837904,0.3378754962684002
model_a,scenario_a,Emissions|BC|AFOLU|Land|Wetlands,Mt BC/yr,model_a|China,0.22424668545638693,0.5621586804680379,0.76426009734422,0.7150437804179179,0.17406115223897223,0.8129734448778626,0.020620577035269094,0.18426973453783513,0.49367404381550073,0.44237715168179936,0.013854939163597924,0.13634353589906245,0.47126623826634273,0.3843781755497815,0.7538745280340989,0.14564476766506074,0.8273626757571741,0.4680607492544482
model_a,scenario_a,Emissions|BC|Energy|Demand|Transportation,Mt BC/yr,model_a|China,0.3300962352433465,1.4782885340638714,1.8345949099857881,1.0282878826481976,0.934161758445822,1.3188839002825241,1.2671437821285665,0.8567140458361209,0.8115880736747499,1.0171041680903083,1.8317240516750748,0.7229076407719125,0.6813546245806846,0.35016388389487874,1.0273249144677135,1.2117285640566364,0.8743532079531204,0.7673715780432192
model_a,scenario_a,Emissions|BC|AFOLU|Land|Fires,Mt BC/yr,model_a|China,0.822826144391143,1.2116248775144771,2.0399178330342,1.8404587402624086,1.9825341370406888,1.5036353108394678,1.3055315956398577,1.116706049216336,1.8139795311903129,1.9257075364215903,1.570284638120293,2.1131199534497407,1.093617949057072,1.9737848760328291,1.979876246579928,1.826236858658935,1.6922170344498126,2.2317771267772404
model_a,scenario_a,Emissions|BC|Energy|Demand|Bunkers,Mt BC/yr,model_a|China,0.8528488147973753,0.20393331027406636,0.9985179257866587,1.3526949569013789,1.4248851560155453,0.6739958301402883,1.4919412537263366,1.666883230029736,0.6691262531411797,0.3601346115083097,1.2157051602819942,0.8718015467710825,0.520243568166093,1.0430962435232292,0.5856606589714725,1.04047975074458,0.8431197213630912,1.2809014380429287
model_a,scenario_a,Emissions|BC|AFOLU|Land,Mt BC/yr,model_a|China,2.0181085148473095,3.505551658360315,4.002338300743583,4.456730095968243,3.3669746918841414,5.095021585654517,2.951543572566136,2.4820825532770896,4.202730905283898,3.8810061223001364,2.563610739054794,4.727578387742543,3.462446240401522,3.6751364834387292,3.903730097868387,4.663271867550401,4.052848537814448,4.1603700874462355
model_a,scenario_a,Emissions|BC|Energy|Demand,Mt BC/yr,model_a|China,2.9311006503045443,3.658249247840324,4.231689730412681,3.9581287931588447,4.366340684076799,4.162751844812005,4.843350156122626,3.41112346474434,2.5576399337035784,3.08528554694279,4.011574865687823,3.4736542970824456,1.9477256875273503,3.309385432670731,2.8994948347665592,4.235404221651943,2.556498310588298,3.5909144305178646
model_a,scenario_a,Emissions|BC|Energy,Mt BC/yr,model_a|China,3.6007714738771894,3.7189203710888292,5.130042876939905,4.344206048181608,4.677749190719048,4.360067957536616,5.063237167742241,3.6687128623327734,3.1022959913216672,3.9374749849368236,4.464790272013015,4.4175473420198585,2.095978813427933,3.7313951050847716,3.107931658298396,4.729200342964546,3.235602789857076,4.476247351741435
model_a,scenario_a,Emissions|BC|AFOLU,Mt BC/yr,model_a|China,2.591324348452599,4.694503037923769,5.050781771899686,5.28663678316745,4.511310096962427,5.921156455316206,4.407836943508341,3.6265375260917923,4.948104630251116,4.41452113221866,3.400314242989781,5.085348589473338,4.635678088215895,4.66285619126911,4.229246830387213,5.117624160716258,5.43671307670043,5.368536173993637
model_a,scenario_a,Emissions|BC|Other,Mt BC/yr,model_a|Pacific OECD,0.5592323456857522,0.1001758893457968,0.40246999983015286,0.8603386421688425,0.8649253099665389,0.1763145916654063,0.5410587063515322,0.3641704684389675,0.02714030876881879,0.20824913950682145,0.13510895807290457,0.29270674959559584,0.1561405116396929,0.28053579593372946,0.12779263388308604,0.5362217145854343,0.5173585552974131,0.7492164859333719
model_a,scenario_a,Emissions|BC|Energy|Supply,Mt BC/yr,model_a|Pacific OECD,0.050956416987764985,0.5027396395574715,0.05169732450209352,0.39071112552591003,0.8423526375263227,0.45182540826927875,0.8816009785736295,0.09894984847915678,0.20862714258173776,0.01819583612740905,0.001183897095456965,0.45416297017005824,0.4366130277169892,0.48176209447606233,0.9237884324273525,0.13547525085004097,0.5861620259211443,0.07957885488179484
model_a,scenario_a,Emissions|BC|Energy|Demand|Industry,Mt BC/yr,model_a|Pacific OECD,0.3765814338591563,0.19222195599004477,0.7653214605946163,0.4989956358294234,0.07225924990769061,0.21124746661353733,0.6701017262184716,0.47076594277682227,0.642151346033233,0.39633570636979043,0.717733814015566,0.5494556104406562,0.4074199848054878,0.9213488131300589,0.00423604182951931,0.0452693566770358,0.06787974757230408,0.1096878521602026
model_a,scenario_a,Emissions|BC|Energy|Demand|Other Sector,Mt BC/yr,model_a|Pacific OECD,0.7270441285775896,0.29578632359788526,0.8529839925372853,0.20318831797759074,0.9458771968982748,0.5871651329867305,0.9592727634819517,0.32339519878725886,0.18558248235436603,0.2506061264590691,0.7995815530535304,0.7096964485408269,0.2440903881030927,0.9094347612006857,0.5746603164335373,0.5420522494244122,0.5862462470775247,0.7644488124966846
model_a,scenario_a,Emissions|BC|Industrial Processes,Mt BC/yr,model_a|Pacific OECD,0.6057053337751793,0.6885514204029021,0.14287814395555998,0.7122485980333623,0.11672996844919181,0.3719695293503251,0.17427069656911975,0.43939723376555284,0.4565546984073944,0.41975307793334016,0.8947372742709604,0.10544187800941607,0.8545965933708309,0.7487421450684891,0.7727672137673732,0.7506634652598965,0.7205938921156458,0.8575390534923191
model_a,scenario_a,Emissions|BC|Energy|Demand|Residential and Commercial and AFOFI,Mt BC/yr,model_a|Pacific OECD,0.6055595539820788,0.14692865602482252,0.5362660666278859,0.7189437926110063,0.6872853027788225,0.7382346339487826,0.046908806764598854,0.7256081361283575,0.25820449067118945,0.5166485255323702,0.14111227794478587,0.6885508096940247,0.0800300189074209,0.9324080325383773,0.9067055308702615,0.9083347345377657,0.4144423982910679,0.856815112279808
model_a,scenario_a,Emissions|BC|Product Use,Mt BC/yr,model_a|Pacific OECD,0.35962340787302405,0.3260650352677661,0.5722038664618868,0.6316202820787724,0.08315975930590902,0.20686418631477732,0.8091912949744517,0.21057497281979365,0.48569288280750245,0.05005689908803612,0.6114876864989934,0.8488042114822592,0.9027049741068238,0.3515545160992751,0.1590442240118749,0.7755132301980994,0.18851607228464706,0.7991519348416891
model_a,scenario_a,Emissions|BC|Energy|Demand|Transportation|Domestic Aviation,Mt BC/yr,model_a|Pacific OECD,0.9956928090994981,0.9169936350698424,0.6904773583824777,0.43290053350587754,0.6502628752915575,0.8548801921565353,0.3261861488242934,0.6764670797766879,0.8962702109497618,0.10890879109523766,0.546326437403771,0.5951505466984738,0.6310354493110556,0.3860138779264647,0.8995504444107622,0.31319255134150314,0.059635652720537724,0.9317378923878017
model_a,scenario_a,Emissions|BC|Energy|Demand|Transportation|Rail,Mt BC/yr,model_a|Pacific OECD,0.7749678038154355,0.39725210075187856,0.32128787391342883,0.6528415777896802,0.7671722189823156,0.9572294599547667,0.850671791030004,0.17854377272641564,0.3350324387071425,0.8977411298691503,0.38839623915771637,0.8806434164536924,0.6340419992918719,0.6826549079904145,0.2775359959264484,0.846794285004024,0.3675215741743487,0.022353216442407398
model_a,scenario_a,Emissions|BC|Energy|Demand|Bunkers|International Aviation,Mt BC/yr,model_a|Pacific OECD,0.5455377871771543,0.03845631004950245,0.39332182223418855,0.4892479667513919,0.1206553938988647,0.24590434734003797,0.10746672524573764,0.015862498499444322,0.5620480493699139,0.42978053694338125,0.010115205482662648,0.8905221420834148,0.9752424069902788,0.894494806431023,0.07087100469920293,0.2964965231117114,0.8152027329231958,0.9764490875818181
model_a,scenario_a,Emissions|BC|Energy|Demand|Bunkers|International Shipping,Mt BC/yr,model_a|Pacific OECD,0.543059814404474,0.8022216859396293,0.5471766258261911,0.871230357336435,0.7418831565916034,0.46322824402701746,0.41212791923823466,0.7784257088934072,0.6265088486139978,0.7680244584904289,0.8186435081257551,0.1794782624407617,0.4618493556680364,0.8306398759084864,0.30320962116059,0.8457169373799532,0.5472711166146946,0.7126552868908077
model_a,scenario_a,Emissions|BC|Waste,Mt BC/yr,model_a|Pacific OECD,0.5509961032008561,0.8343980138315064,0.5552473686940215,0.3918242426227543,0.9398152600143395,0.3522811736865801,0.1670068273768266,0.35674859417516913,0.30863095507918836,0.1562518690275988,0.042836368046290985,0.8107137121058512,0.2247467511425857,0.4860942983953346,0.10281802737250656,0.6949528836850166,0.5424602556371327,0.6669856416210708
model_a,scenario_a,Emissions|BC|AFOLU|Agriculture,Mt BC/yr,model_a|Pacific OECD,0.9669904902205514,0.2814081154707435,0.7762352777597814,0.4483883790912818,0.4338499253303093,0.053436954737672515,0.833565510844475,0.4575557699417867,0.46638698145992785,0.8667870491186503,0.0778913790909308,0.8410206501165696,0.08887904111402634,0.7907419682309909,0.6652431802964004,0.09791599054686151,0.7981640942378757,0.13224528357501764
model_a,scenario_a,Emissions|BC|AFOLU|Agricultural Waste Burning,Mt BC/yr,model_a|Pacific OECD,0.4290746785511007,0.2180434436671359,0.19268008899365652,0.3337813376234715,0.39475962651167595,0.367868852326788,0.7119544608323563,0.8106192896404972,0.7587504053259156,0.45042759808410837,0.5336449980792601,0.04577287637282268,0.46880036762407384,0.17629630042547695,0.6641720232013882,0.7841699514202763,0.606060022993003,0.7642656587633979
model_a,scenario_a,Emissions|BC|AFOLU|Land|Fires|Forest Burning,Mt BC/yr,model_a|Pacific OECD,0.8539068997523528,0.7709772507644531,0.04673252582825205,0.6956902950742025,0.7256789601372903,0.8578180793871548,0.902579121031649,0.199495813323594,0.13925252310263603,0.2047955942641022,0.34997100232860656,0.28547590938264256,0.8984736662973645,0.06860484336797745,0.06909279366000765,0.36942814672819557,0.6781567698223768,0.15590963800121316
model_a,scenario_a,Emissions|BC|AFOLU|Land|Fires|Grassland Burning,Mt BC/yr,model_a|Pacific OECD,0.46743363916152725,0.8854334531487341,0.7508680590299716,0.8693479937182329,0.3761463200986298,0.7241687780258241,0.05751767093074067,0.7330361433643977,0.5528207541202572,0.9552962241246767,0.7359926017602549,0.3193757989925108,0.6672733456080745,0.5363289458144346,0.2588481736448187,0.9211715381156602,0.6513485924587035,0.12227922566622507
model_a,scenario_a,Emissions|BC|AFOLU|Land|Fires|Peat Burning,Mt BC/yr,model_a|Pacific OECD,0.699617593791145,0.5627131393247206,0.5300284263853255,0.06432841523238031,0.04982885072956367,0.41398480411206173,0.10223846310718887,0.8872408790688583,0.37832330395259395,0.2758470950439994,0.6185126364197203,0.8536977956613803,0.726434994907067,0.8623328780634979,0.6377504598035947,0.84905768403085,0.1481250023955445,0.3754429300138741
model_a,scenario_a,Emissions|BC|AFOLU|Land|Land Use and Land-Use Change,Mt BC/yr,model_a|Pacific OECD,0.4146176183732009,0.7712940628855889,0.7962614996283253,0.3669702059287021,0.8075900180825899,0.1425886312204241,0.5154195748499396,0.4754329213408478,0.07565341598692121,0.4625267146399781,0.15301685383048735,0.45442789992143995,0.7682676378999893,0.8887381453096709,0.6918313297145886,0.6306941307898688,0.2738037836008672,0.8334693050913667
model_a,scenario_a,Emissions|BC|AFOLU|Land|Harvested Wood Products,Mt BC/yr,model_a|Pacific OECD,0.3987886854669668,0.913371420954134,0.43137685984946106,0.3975447873128325,0.62665213375979,0.3548911726176588,0.8891701562381474,0.37052786281793904,0.4365243386115394,0.3058286287062253,0.6493964602685375,0.017813530193855343,0.9944251073088851,0.68516838857485,0.2729063461342919,0.09242735807948022,0.6206108444081632,0.12001493650376849
model_a,scenario_a,Emissions|BC|AFOLU|Land|Other,Mt BC/yr,model_a|Pacific OECD,0.5380071861804941,0.42754268392770367,0.8545662180252562,0.3132719950874625,0.869743794458763,0.7598246173347651,0.37268923130108056,0.9843376773490407,0.21822216492687996,0.9328293927779825,0.34062175501584013,0.2565337200462745,0.947522641362968,0.6763327772509303,0.0811859995942491,0.26798770780807,0.10733842523031356,0.6238759570405561
model_a,scenario_a,Emissions|BC|AFOLU|Land|Wetlands,Mt BC/yr,model_a|Pacific OECD,0.2565347251816089,0.29806175900896326,0.18899423672199822,0.5110636161606718,0.7150050798492283,0.32286382580157924,0.8702631924719704,0.7767769240192409,0.060272756838883,0.00011416037783684718,0.21474397296987524,0.009622209574214335,0.04639157272912886,0.20447183009691872,0.9618491541103362,0.2898587031544503,0.41464428061474756,0.9639515013711604
model_a,scenario_a,Emissions|BC|Energy|Demand|Transportation,Mt BC/yr,model_a|Pacific OECD,1.7706606129149336,1.314245735821721,1.0117652322959065,1.0857421112955579,1.417435094273873,1.812109652111302,1.1768579398542975,0.8550108525031035,1.2313026496569042,1.006649920964388,0.9347226765614873,1.4757939631521662,1.2650774486029275,1.0686687859168793,1.1770864403372105,1.159986836345527,0.42715722689488644,0.9540911088302091
model_a,scenario_a,Emissions|BC|AFOLU|Land|Fires,Mt BC/yr,model_a|Pacific OECD,2.020958132705025,2.2191238432379077,1.3276290112435492,1.6293667040248159,1.1516541309654837,1.9959716615250407,1.0623352550695784,1.81977283575685,1.0703965811754872,1.4359389134327785,1.704476240508582,1.4585495040365335,2.2921820068125056,1.46726666724591,0.965691427108421,2.1396573688747056,1.477630364676625,0.6536317936813123
model_a,scenario_a,Emissions|BC|Energy|Demand|Bunkers,Mt BC/yr,model_a|Pacific OECD,1.0885976015816283,0.8406779959891317,0.9404984480603796,1.3604783240878269,0.8625385504904681,0.7091325913670554,0.5195946444839723,0.7942882073928516,1.1885568979839118,1.1978049954338101,0.8287587136084178,1.0700004045241767,1.4370917626583153,1.7251346823395095,0.37408062585979296,1.1422134604916647,1.3624738495378903,1.6891043744726257
model_a,scenario_a,Emissions|BC|AFOLU|Land,Mt BC/yr,model_a|Pacific OECD,3.6289063479072956,4.629393770014298,3.59882782546859,3.2182173085144847,4.170645157115855,3.576139908499468,3.709877409930716,4.426848221283919,1.8610692575397108,3.1372378099348013,3.0622552825933225,2.1969468637723177,5.048788966113477,3.92197780847828,2.973464256661887,3.420625268706575,2.8940276985307163,3.1949434936881644
model_a,scenario_a,Emissions|BC|Energy|Demand,Mt BC/yr,model_a|Pacific OECD,4.568443330915387,2.7898606674236053,4.106835200116073,3.8673481818014053,3.985395394349129,4.057889477027408,3.372735880803292,3.1690683375883935,3.5057978666996044,3.3680452747594276,3.4219090351837873,4.493497236351851,3.433709603077244,5.556995075125511,3.0367689553303214,3.7978566374764053,2.858199469373673,4.37414726023953
model_a,scenario_a,Emissions|BC|Energy,Mt BC/yr,model_a|Pacific OECD,4.619399747903152,3.2926003069810768,4.158532524618167,4.258059307327315,4.827748031875451,4.509714885296686,4.254336859376922,3.2680181860675503,3.7144250092813422,3.3862411108868367,3.4230929322792445,4.947660206521909,3.870322630794233,6.038757169601573,3.960557387757674,3.933331888326446,3.4443614952948174,4.453726115121325
model_a,scenario_a,Emissions|BC|AFOLU,Mt BC/yr,model_a|Pacific OECD,5.0249715166789475,5.128845329152178,4.567743192222028,4.000387025229238,4.9992547089578405,3.9974457155639285,5.255397381607548,5.695023280866202,3.0862066443255545,4.45445245713756,3.6737916597635136,3.0837403902617098,5.606468374851578,4.889016077134748,4.302879460159676,4.302711210673713,4.298251815761595,4.09145443602658
model_a,scenario_a,Emissions|CH4|Other,Mt CH4/yr,model_a|China,0.2550391812150886,0.6846424311333172,0.38241756665527493,0.12633798880900904,0.06803381562591981,0.169905715968785,0.3881136552671227,0.5869713321283185,0.34011566409070737,0.7688244605952332,0.4909579879707223,0.5762618027025185,0.23296264103373088,0.9526490266451769,0.545728879982609,0.8783263859551528,0.899727232125571,0.6034633109457803
model_a,scenario_a,Emissions|CH4|Energy|Supply,Mt CH4/yr,model_a|China,0.9446864221161733,0.7499440848317466,0.6829023349784398,0.45115369513995107,0.3838397713983187,0.8302799678355646,0.7784783749835317,0.29098366476534177,0.2906925937276513,0.9839078607321385,0.8537294073757896,0.6065432314865885,0.24366936817571183,0.9134264541824652,0.4779989450342502,0.7308809687551233,0.57887567548158,0.8413124945925538
model_a,scenario_a,Emissions|CH4|Energy|Demand|Industry,Mt CH4/yr,model_a|China,0.484273181802768,0.01854430734826995,0.9443887437723426,0.9752745284508626,0.9294277133687774,0.9315290959628666,0.6956822705114564,0.7297633050467834,0.4289592600128841,0.2794627568981958,0.5341752783035515,0.29559130817508883,0.7750719004763407,0.8677459995326766,0.6659543981782348,0.42807112543932546,0.4629823145164256,0.48190280587712486
model_a,scenario_a,Emissions|CH4|Energy|Demand|Other Sector,Mt CH4/yr,model_a|China,0.5975904469846003,6.188389383932069e-06,0.40941881709549166,0.044831677791275615,0.3496384807664433,0.6844907180996417,0.07891057792335521,0.039030650157200864,0.0529381345782185,0.4830601321312571,0.5481013507468383,0.2830657854777461,0.09486417472151543,0.3047510052505803,0.8116106004618507,0.0638744923283624,0.33481747259755357,0.314684623741492
model_a,scenario_a,Emissions|CH4|Industrial Processes,Mt CH4/yr,model_a|China,0.4450131822846336,0.7206062972655491,0.2898556497652329,0.9183553086611974,0.9172306791563999,0.6024349417104068,0.12340903120229696,0.3931329429294408,0.46918561039430606,0.36979597701190936,0.9243655158893143,0.7249788132422554,0.5952581225108186,0.3245113112275515,0.5615862081546216,0.3231940998163808,0.22613003824866917,0.7175406057666334
model_a,scenario_a,Emissions|CH4|Energy|Demand|Residential and Commercial and AFOFI,Mt CH4/yr,model_a|China,0.030208195640937352,0.8162448810928259,0.41902815869387067,0.4761625810918817,0.35405295903850376,0.8289913884307233,0.10250737777382313,0.619182675721313,0.44368691557706397,0.6611747641536981,0.40037389487294783,0.24011702359505294,0.3638343822277045,0.9730136152526391,0.25036519787933664,0.7966207066596147,0.19553741368823185,0.40901690843918503
model_a,scenario_a,Emissions|CH4|Product Use,Mt CH4/yr,model_a|China,0.22152159891938095,0.9100742651496668,0.42512496706012814,0.22020613671066258,0.6631116995425208,0.19791238134260714,0.01546875533013159,0.12229170470157635,0.8504006475603396,0.2006461287104767,0.09311986902348268,0.4743574609193293,0.9304682340322245,0.9815068618584932,0.771630127954138,0.49962153803574916,0.14490175000199468,0.12247473290066535
model_a,scenario_a,Emissions|CH4|Energy|Demand|Transportation|Domestic Aviation,Mt CH4/yr,model_a|China,0.29181198643364825,0.3137022783924135,0.2768400353589652,0.5392004235746259,0.8892303509219849,0.9439751970992473,0.21835102555415153,0.6039929420479009,0.37893512879073776,0.8943076742624898,0.29715667672795776,0.6028220422421146,0.8678014133630143,0.6034680817823709,0.32759138280651356,0.8468981365944266,0.8996519089667612,0.3312985329285141
model_a,scenario_a,Emissions|CH4|Energy|Demand|Transportation|Rail,Mt CH4/yr,model_a|China,0.6844122798774147,0.7512012504006503,0.2687701500008247,0.11427386622331615,0.8285711348786235,0.7118658166929394,0.014625726465006483,0.5367395695196929,0.7894641523078498,0.9256368459088312,0.01332505946597562,0.824413992767748,0.9841863048590953,0.4506563823079345,0.0655384555812657,0.3894039445373241,0.31897258657362226,0.3634953253075017
model_a,scenario_a,Emissions|CH4|Energy|Demand|Bunkers|International Aviation,Mt CH4/yr,model_a|China,0.8255345119793696,0.16039650252510806,0.5321911299018318,0.8544950287957569,0.5016613326481512,0.7388017253492136,0.00021110584853700765,0.037009097320928386,0.6820930244325097,0.5407396551712939,0.011989649458074014,0.4574338040458473,0.7435539686396433,0.48191986703412726,0.359318751666579,0.4839726931285887,0.2367115362686446,0.9145338016249105
model_a,scenario_a,Emissions|CH4|Energy|Demand|Bunkers|International Shipping,Mt CH4/yr,model_a|China,0.8695392024207359,0.7788676675823344,0.22204500920109493,0.6248928900537767,0.2596269685842595,0.4051134878885283,0.24089039923828137,0.9183080042401432,0.36035901469705756,0.9292205011391206,0.819781603154486,0.678534860127534,0.8318266930327796,0.6326187665935663,0.7090626422316466,0.8749473244945998,0.019191199427993078,0.22301035453639617
model_a,scenario_a,Emissions|CH4|Waste,Mt CH4/yr,model_a|China,0.5992745387483943,0.626822583628614,0.6021690601135334,0.9426956759805246,0.8390335091476866,0.1450840712923661,0.5017155153302036,0.9604565263789039,0.8721952762854417,0.1937901023325992,0.5047609726041552,0.6809400034734548,0.08630475432823947,0.2571581329962036,0.5433341696839835,0.2851867277855653,0.8734333871708211,0.5408156819578227
model_a,scenario_a,Emissions|CH4|AFOLU|Agriculture,Mt CH4/yr,model_a|China,0.7249965876067925,0.4872689768092783,0.6835841026779227,0.5187691654020917,0.01809362634348277,0.4201054738674298,0.5281330354306137,0.36411489420184784,0.9463606727376253,0.8852434985612044,0.5066283512591947,0.27214404626346456,0.21841610749258966,0.18790928014746833,0.048625604331938965,0.7673168278095011,0.4849907340730568,0.27177584375620456
model_a,scenario_a,Emissions|CH4|AFOLU|Agricultural Waste Burning,Mt CH4/yr,model_a|China,0.27112925545834843,0.8087791409081232,0.8049061005249821,0.29069366948684794,0.5422382826895755,0.8392975364312132,0.9089684211554813,0.4295411916764673,0.7665400855461932,0.7490828056448782,0.8519930165974712,0.6526726319573197,0.06286926743059029,0.030871248694154585,0.6604697300910685,0.48493056133703927,0.9506586585408142,0.21134978864418186
model_a,scenario_a,Emissions|CH4|AFOLU|Land|Fires|Forest Burning,Mt CH4/yr,model_a|China,0.2019700650346975,0.34977834309746525,0.4141250141414813,0.14151060887112432,0.2871978289550987,0.6808200452630684,0.8647414252068454,0.3511389458867099,0.8030865972805792,0.26732357451005717,0.13624449975966912,0.09038838312785136,0.9931251977764719,0.5450327716617234,0.007106686868967427,0.021594983336004625,0.661206700702218,0.17712180269688405
model_a,scenario_a,Emissions|CH4|AFOLU|Land|Fires|Grassland Burning,Mt CH4/yr,model_a|China,0.626606173258889,0.9784530220021204,0.9145082837734304,0.7530169139674348,0.2257142052634593,0.6162597992618573,0.3564835452660823,0.25047047296251423,0.19155938057144983,0.9483052762280243,0.1727655521771001,0.39794179379244776,0.8491806077886215,0.6015525452503868,0.3437060567992176,0.5048253768565872,0.7749150038157252,0.5474342851055012
model_a,scenario_a,Emissions|CH4|AFOLU|Land|Fires|Peat Burning,Mt CH4/yr,model_a|China,0.9475984759779407,0.905949871246738,0.954607118195269,0.6166027631351764,0.8504101977070415,0.6362823985134868,0.9369829731593836,0.2822794280500909,0.5873104624141645,0.3309866578194264,0.2921218453754283,0.22560467597029554,0.40672948525983166,0.9059494143662242,0.16709357834487892,0.08113446636621957,0.8751724752394776,0.8658782433043323
model_a,scenario_a,Emissions|CH4|AFOLU|Land|Land Use and Land-Use Change,Mt CH4/yr,model_a|China,0.46121986593671793,0.9088671885576942,0.5694795308206917,0.7758029283371095,0.845950543997709,0.8637255336601335,0.7702386898630259,0.6671596327145505,0.29510103418027955,0.33058041203535027,0.17388231509552243,0.4961849169595336,0.277328986474778,0.37748959996628983,0.5914798139549886,0.4964376249513184,0.6529081145024851,0.18051937778177662
model_a,scenario_a,Emissions|CH4|AFOLU|Land|Harvested Wood Products,Mt CH4/yr,model_a|China,0.35226245319050475,0.23728859079088238,0.27113789205603256,0.43451451843155187,0.57534054258022,0.9287771257374539,0.7522557718042798,0.7800740904144281,0.54127815365988,0.6256970715146933,0.8146438739872323,0.35374414656492925,0.1337233780945295,0.2654696319025883,0.8163083212036695,0.9893843047611371,0.6521534380193502,0.5922177149251864
model_a,scenario_a,Emissions|CH4|AFOLU|Land|Other,Mt CH4/yr,model_a|China,0.23231660096403817,0.663608538280903,0.8815018166658384,0.8661013246034861,0.24045609325054473,0.986418702929198,0.8942639686815843,0.28488480506967384,0.16798166418399862,0.03631733831977524,0.5891601319895522,0.8986313276220792,0.5955811369609865,0.6934546842236261,0.9961343413837072,0.3377749468341167,0.6122528531173946,0.023646613501440483
model_a,scenario_a,Emissions|CH4|AFOLU|Land|Wetlands,Mt CH4/yr,model_a|China,0.035382043582149136,0.9416988345830909,0.08880450936302209,0.6806359120605323,0.20373473690181365,0.3855101260094237,0.06537716106447522,0.9246974022369752,0.21247209166138148,0.6832446309847261,0.6098155027020474,0.20089393535864697,0.9230180227166424,0.2928115882224709,0.5354574870812073,0.3861891974810713,0.5660664610653847,0.4812210006439953
model_a,scenario_a,Emissions|CH4|Energy|Demand|Transportation,Mt CH4/yr,model_a|China,0.976224266311063,1.0649035287930637,0.5456101853597899,0.6534742897979421,1.7178014858006083,1.6558410137921866,0.23297675201915802,1.140732511567594,1.1683992810985875,1.8199445201713211,0.3104817361939334,1.4272360350098625,1.8519877182221096,1.0541244640903054,0.39312983838777926,1.2363020811317507,1.2186244955403835,0.6947938582360158
model_a,scenario_a,Emissions|CH4|AFOLU|Land|Fires,Mt CH4/yr,model_a|China,1.7761747142715272,2.2341812363463234,2.2832404161101807,1.5111302859737354,1.3633222319255995,1.9333622430384123,2.1582079436323114,0.883888846899315,1.5819564402661936,1.5466155085575077,0.6011318973121975,0.7139348528905947,2.249035290824925,2.0525347312783344,0.517906322013064,0.6075548265588114,2.3112941797574207,1.5904343311067175
model_a,scenario_a,Emissions|CH4|Energy|Demand|Bunkers,Mt CH4/yr,model_a|China,1.6950737144001056,0.9392641701074425,0.7542361391029268,1.4793879188495336,0.7612883012324106,1.143915213237742,0.24110150508681838,0.9553171015610716,1.0424520391295673,1.4699601563104143,0.83177125261256,1.1359686641733813,1.5753806616724229,1.1145386336276935,1.0683813938982256,1.3589200176231886,0.2559027356966377,1.1375441561613067
model_a,scenario_a,Emissions|CH4|AFOLU|Land,Mt CH4/yr,model_a|China,2.8573556779449376,4.985644388558894,4.094164165015766,4.268184969406416,3.228804148655887,5.0977937313746216,4.640343535045677,3.540704777334943,2.7987893839517333,3.2224549614120526,2.7886337210865517,2.663389179395784,4.1786868150718615,3.68176023559331,3.457286285636637,2.817340900586455,4.794675046462036,2.8680390379591163
model_a,scenario_a,Emissions|CH4|Energy|Demand,Mt CH4/yr,model_a|China,3.783369805139474,2.838963075730986,3.0726820440244214,3.6291309959814955,4.112208940206743,5.24476742952316,1.3511784833146112,3.484026244053963,3.1364356303963215,4.713602329664886,2.624903512729831,3.3819788164311317,4.661138837320093,4.314173717753894,3.189441428805427,3.883788423182242,2.4678644320392324,3.0379423524551243
model_a,scenario_a,Emissions|CH4|Energy,Mt CH4/yr,model_a|China,4.728056227255648,3.5889071605627327,3.755584379002861,4.080284691121447,4.496048711605062,6.075047397358724,2.129656858298143,3.7750099088193045,3.427128224123973,5.697510190397025,3.4786329201056203,3.98852204791772,4.904808205495804,5.227600171936359,3.6674403738396775,4.614669391937365,3.0467401075208125,3.879254847047678
model_a,scenario_a,Emissions|CH4|AFOLU,Mt CH4/yr,model_a|China,3.8534815210100786,6.281692506276295,5.5826543682186704,5.077647804295356,3.7891360576889452,6.357196741673265,6.077444991631772,4.334360863213258,4.511690142235552,4.856781265618135,4.147255088943218,3.5882058576165683,4.4599721899950415,3.9005407644349326,4.166381620059644,4.069588289732995,6.230324439075907,3.351164670359503
model_a,scenario_a,Emissions|CH4|Other,Mt CH4/yr,model_a|Pacific OECD,0.6839272763006656,0.3136812043772601,0.12623411314819222,0.21786049058471868,0.06029051653158102,0.36967894592983697,0.9423272750047953,0.15934300620534025,0.3939186740188503,0.11481918293167703,0.7097794990693933,0.7762766892372233,0.06096883807547715,0.07329234708881727,0.757956662468498,0.35345981407640503,0.3968775887920326,0.947001346857837
model_a,scenario_a,Emissions|CH4|Energy|Supply,Mt CH4/yr,model_a|Pacific OECD,0.06129030797456525,0.2355949722475461,0.6632708434806791,0.8549440625490241,0.4241454628834215,0.5863771310341199,0.2824421500746259,0.6019045808950593,0.27349085873091417,0.2242526493215311,0.9041466297625665,0.9997533005980125,0.907744863047045,0.34317409610319727,0.8588530654196562,0.09539429738216909,0.6133388933401684,0.09882518492589021
model_a,scenario_a,Emissions|CH4|Energy|Demand|Industry,Mt CH4/yr,model_a|Pacific OECD,0.8309846328615834,0.7714695794235309,0.6823111455280796,0.5956737727004884,0.3150104534693543,0.7760731001542891,0.7127476346376322,0.04226490371327862,0.29190826417040483,0.7689200982498021,0.9130504382051249,0.5394659083400464,0.22097183448135327,0.6840957006186176,0.7040573085922509,0.5818590946236813,0.8045832409426436,0.8874651417929851
model_a,scenario_a,Emissions|CH4|Energy|Demand|Other Sector,Mt CH4/yr,model_a|Pacific OECD,0.28782683900788175,0.8035822496359486,0.6985090079501766,0.9854983257966232,0.7073759100483311,0.9262026401473972,0.5766032745897536,0.6608153370650399,0.2983340762826099,0.9807452033094827,0.26573737564308164,0.18392927339006593,0.5547746117753276,0.06538846073447346,0.17485064791878757,0.9454314401063144,0.07174996158653146,0.6412466821386875
model_a,scenario_a,Emissions|CH4|Industrial Processes,Mt CH4/yr,model_a|Pacific OECD,0.5863112688605123,0.276401258914863,0.6362604060333421,0.6313469630511324,0.05218500109070923,0.9417149667995672,0.26142851175884496,0.4774443419333394,0.11429479536516152,0.10167119147993642,0.465187021892421,0.779623656841147,0.6632753250807485,0.05984343845658979,0.73343082327589,0.2000316189331789,0.5231687670844772,0.5101590453097323
model_a,scenario_a,Emissions|CH4|Energy|Demand|Residential and Commercial and AFOFI,Mt CH4/yr,model_a|Pacific OECD,0.32360804388268627,0.883834811714743,0.3986829714853175,0.1760128865388484,0.5247599054140732,0.9918834935332442,0.6775501250403049,0.05708052563179178,0.3410894677541173,0.487613623990641,0.06774520322763145,0.09323094674809451,0.9076351827279143,0.019458685450927438,0.6412602864216305,0.9710555094811245,0.5437381915203819,0.7186547266888692
model_a,scenario_a,Emissions|CH4|Product Use,Mt CH4/yr,model_a|Pacific OECD,0.667589128411152,0.6697346508270448,0.7496398758693136,0.8208009621978677,0.41012514940543676,0.4392162264554049,0.11235845660001975,0.9521519017380863,0.48132699160112236,0.5885051311448719,0.4222602739790905,0.9597451619227216,0.7213938149561333,0.49196430814224035,0.010139429885973716,0.7882310352949048,0.27362549997467966,0.9370572229923686
model_a,scenario_a,Emissions|CH4|Energy|Demand|Transportation|Domestic Aviation,Mt CH4/yr,model_a|Pacific OECD,0.29002744891881216,0.6441894080384962,0.712719368896603,0.3025677101453106,0.04019185686855464,0.34831565801215936,0.26048870888861575,0.20055376612981834,0.42012343605561664,0.16992458247949105,0.3577916266630755,0.21453813851742864,0.7997731206614689,0.18773092168091554,0.5160070916744628,0.28372271837845464,0.6106062071180611,0.2253397474818437
model_a,scenario_a,Emissions|CH4|Energy|Demand|Transportation|Rail,Mt CH4/yr,model_a|Pacific OECD,0.16562828800081963,0.5362624528635823,0.21875678756688766,0.8644766613331729,0.9927928529102383,0.9717900706704484,0.38904587555257997,0.45381363585865253,0.6571487623697555,0.39575643468127575,0.5405921838249971,0.7140189845692697,0.7105809300761883,0.25618729561046827,0.158203890925384,0.33365655293614627,0.28147081251912676,0.7691036986992559
model_a,scenario_a,Emissions|CH4|Energy|Demand|Bunkers|International Aviation,Mt CH4/yr,model_a|Pacific OECD,0.4663528792550503,0.4125210958555251,0.26499193067725935,0.5528652825748522,0.7606044663199657,0.0218501063294968,0.03131864152813779,0.5381491603006822,0.16001924274027313,0.40388898036272214,0.7450481485573528,0.6025628018350213,0.14126759362043828,0.545791800649355,0.862801721667432,0.9786337823177959,0.5320276129832779,0.6631176142320374
model_a,scenario_a,Emissions|CH4|Energy|Demand|Bunkers|International Shipping,Mt CH4/yr,model_a|Pacific OECD,0.1701243302960619,0.543509811151372,0.24024819447785106,0.13958439804480882,0.762491193071572,0.22835602827494994,0.7564338958061183,0.9130483068220766,0.1367828534077714,0.0209609723748585,0.7650790213299122,0.946436696563812,0.10342086715818066,0.446050518486525,0.8077839842097059,0.5121095642090999,0.9860028278505387,0.636552715172164
model_a,scenario_a,Emissions|CH4|Waste,Mt CH4/yr,model_a|Pacific OECD,0.26092654946174865,0.9538098263216205,0.1465203192045762,0.6908276623808162,0.052069263198688986,0.7989123752975739,0.9750103472753927,0.5354834317268489,0.37051441786007266,0.7443174247937487,0.4607277539731802,0.20535079216903607,0.8196642241198121,0.74045045342584,0.38299299082895977,0.01667631195015895,0.4289061355480116,0.9951667173303422
model_a,scenario_a,Emissions|CH4|AFOLU|Agriculture,Mt CH4/yr,model_a|Pacific OECD,0.91458620866603,0.18846153481518324,0.5523942007872177,0.7554967705048197,0.5859523476176336,0.8017038369444494,0.6112843103687685,0.29489390559527495,0.36085225617321437,0.5542621905863324,0.5731706553071927,0.7191181908058715,0.8647366199859069,0.11851189522117278,0.9185805056048192,0.6078189426271816,0.8500868003143214,0.2529569555487826
model_a,scenario_a,Emissions|CH4|AFOLU|Agricultural Waste Burning,Mt CH4/yr,model_a|Pacific OECD,0.7664793531629605,0.6194201997373223,0.5807787341253121,0.7813185104221998,0.5668624254325815,0.5808134214998378,0.026299089599236547,0.3300437198975208,0.007512639565152246,0.4987788522486837,0.12606028940918468,0.4018178441970539,0.1416814380041651,0.40097576819346137,0.5151804526489012,0.20699729639918674,0.5214985351818491,0.16282244276078206
model_a,scenario_a,Emissions|CH4|AFOLU|Land|Fires|Forest Burning,Mt CH4/yr,model_a|Pacific OECD,0.1097896655802848,0.6590596526350567,0.9599395339025427,0.950084215081906,0.11030100557900191,0.5195445323768378,0.048539536207246714,0.7832565537169357,0.869185006876131,0.918461836221388,0.1352441555961148,0.5558581484806542,0.9938348572477967,0.37409369699210426,0.8759698617768505,0.711407209088309,0.14195541410910284,0.035076626370684094
model_a,scenario_a,Emissions|CH4|AFOLU|Land|Fires|Grassland Burning,Mt CH4/yr,model_a|Pacific OECD,0.6744597757288874,0.4696154724064662,0.5060747447586017,0.11064010248459588,0.1963584415308124,0.7707961389746335,0.7924640506935768,0.7797940466433092,0.4591573486687034,0.758098954361385,0.02118907829596539,0.2785165082230744,0.8776471324901457,0.5379472135708063,0.7075053965552172,0.3951381505081242,0.5038631127051046,0.9670721207554694
model_a,scenario_a,Emissions|CH4|AFOLU|Land|Fires|Peat Burning,Mt CH4/yr,model_a|Pacific OECD,0.005774373449555781,0.10570992578791927,0.6063697187974002,0.5352766586506866,0.16924927745494733,0.5399217326614295,0.2939057747071947,0.556073477879883,0.8646894495497031,0.5465103320047091,0.006770813776014073,0.9712475307071431,0.48382252537959924,0.3135594248353861,0.3829127235413906,0.4051667505155062,0.528512407794257,0.26250630195074065
model_a,scenario_a,Emissions|CH4|AFOLU|Land|Land Use and Land-Use Change,Mt CH4/yr,model_a|Pacific OECD,0.6123933331699783,0.06144035796893199,0.7084305976541189,0.18687849101684773,0.37258606339981193,0.6053372884427388,0.2761051355149796,0.6885931100549904,0.22668595337910513,0.17468829061945745,0.40666671423582335,0.526637229100409,0.5075588555999854,0.14521245587157228,0.9838546613199787,0.32839161971907993,0.8138417732544464,0.18126658702821596
model_a,scenario_a,Emissions|CH4|AFOLU|Land|Harvested Wood Products,Mt CH4/yr,model_a|Pacific OECD,0.3224501776849875,0.4655614881235881,0.11181303491448258,0.5140941174905851,0.3903084588207375,0.036692933655468885,0.8432461225460716,0.11384528114524783,0.6884743431945645,0.017831023833960624,0.3472211800566697,0.7876913061773935,0.7174392366414366,0.8411895856729219,0.9139715571978402,0.8586979032060568,0.819518881360106,0.8145281258719239
model_a,scenario_a,Emissions|CH4|AFOLU|Land|Other,Mt CH4/yr,model_a|Pacific OECD,0.7623282508019857,0.24393916151892936,0.9567421683692175,0.5701322074576421,0.15689722967677,0.16662692607559149,0.7880772387324997,0.5719410877421423,0.6596528808138231,0.7579076515609529,0.3131934426111965,0.9660904237646682,0.6834879663492947,0.13676324928846395,0.36153069695274176,0.6739157815745699,0.6067552814745124,0.4902639820654663
model_a,scenario_a,Emissions|CH4|AFOLU|Land|Wetlands,Mt CH4/yr,model_a|Pacific OECD,0.880963472527864,0.1934329332332193,0.9414485839801128,0.41330808563189503,0.9592817425876622,0.1240829348969461,0.40775664467604156,0.8893509589591883,0.3997357020239345,0.062414119083528674,0.4661509703713157,0.49333982794443576,0.6618043743931035,0.71681750860326,0.9201461587467007,0.34351748386496106,0.8566636207805739,0.658940423999135
model_a,scenario_a,Emissions|CH4|Energy|Demand|Transportation,Mt CH4/yr,model_a|Pacific OECD,0.4556557369196318,1.1804518609020787,0.9314761564634907,1.1670443714784835,1.032984709778793,1.320105728682608,0.6495345844411957,0.6543674019884709,1.0772721984253721,0.5656810171607668,0.8983838104880726,0.9285571230866984,1.5103540507376572,0.4439182172913838,0.6742109825998468,0.6173792713146009,0.8920770196371879,0.9944434461810996
model_a,scenario_a,Emissions|CH4|AFOLU|Land|Fires,Mt CH4/yr,model_a|Pacific OECD,0.790023814758728,1.234385050829442,2.0723839974585445,1.5960009762171885,0.47590872456476163,1.8302624040129007,1.1349093616080181,2.119124078240128,2.193031805094537,2.223071122587482,0.16320404766809427,1.8056221874108718,2.355304515117542,1.2256003353982967,1.9663879818734582,1.5117121101119393,1.1743309346084645,1.264655049076894
model_a,scenario_a,Emissions|CH4|Energy|Demand|Bunkers,Mt CH4/yr,model_a|Pacific OECD,0.6364772095511122,0.9560309070068971,0.5052401251551104,0.6924496806196611,1.5230956593915377,0.25020613460444674,0.7877525373342561,1.4511974671227588,0.29680209614804454,0.42484995273758064,1.510127169887265,1.5489994983988333,0.24468846077861894,0.99184231913588,1.6705857058771378,1.4907433465268958,1.5180304408338166,1.2996703294042016
model_a,scenario_a,Emissions|CH4|AFOLU|Land,Mt CH4/yr,model_a|Pacific OECD,3.368159048943544,2.1987589916741106,4.790818382376476,3.2804138778141585,2.3549822190497434,2.763002487083646,3.4500945030776107,4.3828545161416965,4.167580684505964,3.2359122076853817,1.6964363549430996,4.579380974397779,4.925594948101362,3.065583134834515,5.145891056090719,3.716234898476607,4.271110491478103,3.4096541680416355
model_a,scenario_a,Emissions|CH4|Energy|Demand,Mt CH4/yr,model_a|Pacific OECD,2.5345524622228957,4.595369408683198,3.2162194065821748,3.616679037134104,4.103226638102089,4.2644710971219855,3.4041881560431424,2.86572563552134,2.305406102780549,3.2278098954482735,3.6550439974511755,3.2941827499637384,3.4384241405008713,2.204703383231282,3.864964931409654,4.606468662052617,3.8301788545205615,4.541480326205843
model_a,scenario_a,Emissions|CH4|Energy,Mt CH4/yr,model_a|Pacific OECD,2.5958427701974607,4.8309643809307445,3.8794902500628536,4.4716230996831285,4.52737210098551,4.850848228156106,3.6866303061177685,3.4676302164163992,2.578896961511463,3.4520625447698046,4.559190627213742,4.293936050561751,4.346169003547916,2.5478774793344794,4.72381799682931,4.701862959434786,4.44351774786073,4.640305511131733
model_a,scenario_a,Emissions|CH4|AFOLU,Mt CH4/yr,model_a|Pacific OECD,5.0492246107725345,3.006640726226616,5.923991317289006,4.817229158741178,3.5077969920999585,4.145519745527933,4.087677903045615,5.007792141634492,4.535945580244331,4.2889532505203976,2.3956672996594772,5.700317009400704,5.9320130060914344,3.585070798249149,6.57965201434444,4.531051137502975,5.642695826974274,3.8254335663512
model_a,scenario_a,Emissions|CO|Other,Mt CO/yr,model_a|China,0.017927936173265713,0.4608202976695266,0.9455760691053375,0.014460774059518178,0.3654892013770866,0.19226249331740441,0.5354674627159457,0.14167039107895174,0.9043056926032219,0.49905293522290883,0.35452071792192474,0.9331071280333998,0.17014093242410522,0.3776957719693145,0.8944719533386121,0.8786809660949166,0.5658185562852776,0.5022013180725827
model_a,scenario_a,Emissions|CO|Energy|Supply,Mt CO/yr,model_a|China,0.5965829157997742,0.9883603978641525,0.6295677653465479,0.36291866327534816,0.2477295962154784,0.2548105116477297,0.3653583482985272,0.8326859512688571,0.9916936210833853,0.6937215524800702,0.19396750402303342,0.6609981566812273,0.7139461667622596,0.6802533668637027,0.8664156976102718,0.021049282781024137,0.5409306693139094,0.07309274865367188
model_a,scenario_a,Emissions|CO|Energy|Demand|Industry,Mt CO/yr,model_a|China,0.13174655686142023,0.3835819117160888,0.8432630872675746,0.2669622952433195,0.1962986165336319,0.003909897792011674,0.09029308709552508,0.6428535870636081,0.6471349634940642,0.619356336608934,0.7487688159709563,0.14809228201279434,0.7851329953896949,0.9306084929518251,0.11436848048216497,0.052955973944946,0.7748868038246675,0.9965049758769727
model_a,scenario_a,Emissions|CO|Energy|Demand|Other Sector,Mt CO/yr,model_a|China,0.09286468673113712,0.16150919317150159,0.6714046433742179,0.14995736994676045,0.8867246996112813,0.003688539832318871,0.7908961189085381,0.5877771240789024,0.1423593365009186,0.16078766276640766,0.2748171819814419,0.7074155552796841,0.24260487395163377,0.564955537410575,0.5503365356127118,0.03737636512189246,0.936843623575194,0.5205006562094836
model_a,scenario_a,Emissions|CO|Industrial Processes,Mt CO/yr,model_a|China,0.3403327491201622,0.29223481123068507,0.5440984024218577,0.9580826466109852,0.3151976770915309,0.8859487239239203,0.022034119915816386,0.8101176623579348,0.3800493059749276,0.3741869103205113,0.9881224243768066,0.589815408907117,0.3873399505836753,0.8282793367086388,0.5677448132261734,0.1981979946626231,0.5746735583220819,0.1422731360624293
model_a,scenario_a,Emissions|CO|Energy|Demand|Residential and Commercial and AFOFI,Mt CO/yr,model_a|China,0.2935243628616635,0.529068053621911,0.1265872195564448,0.678142519840415,0.6005923994054767,0.7463832088651049,0.9034819769496698,0.9387408010875902,0.50418017038409,0.5168339175561769,0.9273150128781952,0.4080327882017687,0.6241209680848033,0.37023723794302454,0.2599419960936442,0.5358091308940568,0.3036282023641832,0.08772645984165539
model_a,scenario_a,Emissions|CO|Product Use,Mt CO/yr,model_a|China,0.5984993187937255,0.11643134634482055,0.44653248709014937,0.06640983136684309,0.11975481035396318,0.07617314308589496,0.14833195330844962,0.8039264371953244,0.4843698139516399,0.6879730723117751,0.16118310746093256,0.9442838566693581,0.3065837803122262,0.9005432046954779,0.8465180048634353,0.47410077541254536,0.05678097972985818,0.03676946514003643
model_a,scenario_a,Emissions|CO|Energy|Demand|Transportation|Domestic Aviation,Mt CO/yr,model_a|China,0.08870371258343945,0.37401559441030197,0.4333084561942945,0.5000671354547321,0.019694625097287588,0.12766002061276982,0.14607093435485197,0.5933275542580746,0.22517531517810663,0.9815838490994945,0.8620240498530509,0.4666480130761329,0.19854354932543894,0.9905703863310611,0.5183327999254633,0.5291123631188484,0.9598862370573177,0.9952413871395435
model_a,scenario_a,Emissions|CO|Energy|Demand|Transportation|Rail,Mt CO/yr,model_a|China,0.824091408588971,0.8738423206788039,0.08419553891556064,0.9131328935324842,0.6762399966218928,0.8079974742860592,0.7063339553712296,0.3080720870055189,0.5938586510180065,0.4050270069018629,0.6922995518871147,0.9270616824906136,0.6478426575620265,0.30437468352745,0.7445573125725022,0.8557697130471997,0.7086199675081287,0.719073740440253
model_a,scenario_a,Emissions|CO|Energy|Demand|Bunkers|International Aviation,Mt CO/yr,model_a|China,0.8959508590076882,0.28977155259496634,0.03874184882298659,0.06814253508222934,0.09786919657830995,0.663201453130305,0.11746633035354526,0.32366713526259094,0.29620093044255347,0.6890989002010576,0.07282476347066524,0.8970658596313191,0.3019035187563155,0.5052118896692475,0.6151665996257891,0.8621156785421504,0.18630493600199505,0.7162495738070498
model_a,scenario_a,Emissions|CO|Energy|Demand|Bunkers|International Shipping,Mt CO/yr,model_a|China,0.509993131545275,0.11499885632356543,0.14557633201123577,0.23437527976489814,0.3506426942865757,0.6095999320812071,0.004822000721127151,0.6986464724269379,0.2129476315055837,0.5739915516604197,0.9330396551241462,0.2634124951930249,0.3976456482811387,0.5088277020856432,0.5321540483451215,0.5075570094104568,0.043513422636271004,0.3313632677287869
model_a,scenario_a,Emissions|CO|Waste,Mt CO/yr,model_a|China,0.5140203129962624,0.4940815760478263,0.9169772502134489,0.699463254913773,0.14283241363191934,0.09733217169831332,0.21690014095311594,0.41974201070825845,0.8828756198766959,0.9276937811207236,0.40870114656707224,0.213252190775294,0.7145367561105311,0.45244685614718205,0.07426621935727273,0.7081444210422756,0.2072220428182796,0.9186902773837953
model_a,scenario_a,Emissions|CO|AFOLU|Agriculture,Mt CO/yr,model_a|China,0.699294905150173,0.7970913582017823,0.6937925435711981,0.8868610842843873,0.32963968323031567,0.6522955547372021,0.8284039422837316,0.879962316386882,0.2726643445932617,0.6367533897997721,0.507812448040716,0.4396696442819109,0.5637391884584946,0.3129273142379351,0.7868433166751926,0.26945905925659297,0.2936681843311051,0.3691620325192101
model_a,scenario_a,Emissions|CO|AFOLU|Agricultural Waste Burning,Mt CO/yr,model_a|China,0.4516794129651732,0.4161769808047263,0.7647169041099893,0.818645623362939,0.264927258518451,0.7752830514450983,0.5383394269037567,0.23539747465738337,0.9632789813215827,0.7347033692153532,0.11555308114111795,0.16800861068619388,0.6397852417139891,0.3177184011744062,0.6432414941257105,0.7203161214996786,0.9613337386571854,0.4665399061629991
model_a,scenario_a,Emissions|CO|AFOLU|Land|Fires|Forest Burning,Mt CO/yr,model_a|China,0.41405770027751276,0.5244239772116417,0.842677182786879,0.44896646755723835,0.34741150052268643,0.8163808178032101,0.20247430699783397,0.9448070420836895,0.30478951014401445,0.5879442268349941,0.10188240705526974,0.3005145237361341,0.5540384610774456,0.42427865021868694,0.818184303159938,0.30787201548593435,0.907408132725217,0.3116000483816881
model_a,scenario_a,Emissions|CO|AFOLU|Land|Fires|Grassland Burning,Mt CO/yr,model_a|China,0.28852516554682817,0.2901631954875614,0.29351471192323786,0.6337606260293017,0.5181282725572722,0.7816125918785076,0.2905368160527584,0.5612037641398043,0.1834402125930389,0.6799770248805712,0.3837323378543538,0.4678186124550916,0.27350878569398296,0.34642801621298436,0.2312528756963248,0.6248544712463093,0.7002833076137663,0.7193530616406664
model_a,scenario_a,Emissions|CO|AFOLU|Land|Fires|Peat Burning,Mt CO/yr,model_a|China,0.42077484678110255,0.21616305302378247,0.5425351550881727,0.10988034865646301,0.8351919574439634,0.41265111600706306,0.7492759600583262,0.775773318275276,0.9825885420527136,0.5567595457914768,0.6647943714235964,0.7732335873059378,0.6330123495841748,0.2885627938211176,0.7220570487069081,0.1815938760142789,0.674372712577507,0.3809709291041986
model_a,scenario_a,Emissions|CO|AFOLU|Land|Land Use and Land-Use Change,Mt CO/yr,model_a|China,0.6530697226179825,0.7946210389823783,0.4125942714130646,0.26588249469466674,0.22158831305901616,0.6009734003425082,0.6618987864516245,0.33744833245886663,0.5709558962252614,0.7906665261708058,0.24415194832311027,0.7221567424452332,0.6148480394886651,0.4522455502788697,0.5146425057475922,0.4036241538110539,0.052557046120202955,0.8585055332203084
model_a,scenario_a,Emissions|CO|AFOLU|Land|Harvested Wood Products,Mt CO/yr,model_a|China,0.2759729360950878,0.2545398033890389,0.5189824726749772,0.7894409619670842,0.8970164815257688,0.11003251214596121,0.8833654307422123,0.9456645637286989,0.6024717299448427,0.4954365333750218,0.9906397960978824,0.7201515711976952,0.02108181949499177,0.38258514869927074,0.9533104492212747,0.30773163245960844,0.23947948993697077,0.12352639100266172
model_a,scenario_a,Emissions|CO|AFOLU|Land|Other,Mt CO/yr,model_a|China,0.930248467675053,0.9623833062310898,0.09185150707448164,0.045907011479383586,0.4130442207966143,0.481091477103178,0.16509307187673938,0.38977177414691644,0.35890597552052894,0.13964926617424578,0.10739624257196967,0.17162607792919826,0.5669233342469834,0.41873866582524943,0.2915015032301047,0.07121217274544211,0.16986298146421586,0.1651590081144264
model_a,scenario_a,Emissions|CO|AFOLU|Land|Wetlands,Mt CO/yr,model_a|China,0.7537573058393301,0.7892619866564157,0.3188803638663352,0.8456104276666302,0.012786898576387373,0.6615810114049963,0.24967657219246364,0.5026151199434226,0.3284390884338453,0.80317520810735,0.28954574940776046,0.8408509617368909,0.23269804222882928,0.09741871309707406,0.9037362976187787,0.13536335896126506,0.2269612734563352,0.25454400454395587
model_a,scenario_a,Emissions|CO|Energy|Demand|Transportation,Mt CO/yr,model_a|China,0.9127951211724105,1.2478579150891058,0.5175039951098551,1.4132000289872164,0.6959346217191804,0.935657494898829,0.8524048897260815,0.9013996412635935,0.8190339661961131,1.3866108560013575,1.5543236017401656,1.3937096955667465,0.8463862068874655,1.2949450698585112,1.2628901124979657,1.384882076166048,1.6685062045654464,1.7143151275797965
model_a,scenario_a,Emissions|CO|AFOLU|Land|Fires,Mt CO/yr,model_a|China,1.1233577126054435,1.0307502257229855,1.6787270497982896,1.192607442243003,1.700731730523922,2.0106445256887806,1.2422870831089186,2.2817841244987696,1.470818264789767,1.824680797507042,1.15040911633322,1.5415667234971635,1.4605595963556035,1.0592694602527888,1.771494227563171,1.1143203627465226,2.2820641529164902,1.411924039126553
model_a,scenario_a,Emissions|CO|Energy|Demand|Bunkers,Mt CO/yr,model_a|China,1.4059439905529634,0.4047704089185318,0.18431818083422236,0.3025178148471275,0.44851189086488563,1.272801385211512,0.12228833107467241,1.022313607689529,0.5091485619481372,1.2630904518614772,1.0058644185948116,1.160478354824344,0.6995491670374542,1.0140395917548908,1.1473206479709106,1.3696726879526073,0.22981835863826605,1.0476128415358366
model_a,scenario_a,Emissions|CO|AFOLU|Land,Mt CO/yr,model_a|China,3.736406144832897,3.8315563609819083,3.0210356648271484,3.1394483380507676,3.245167644481709,3.864322926685424,3.2023209443719582,4.457283914776674,3.331590954914245,4.053608331334465,2.782142852733943,3.9963520768061813,2.896110831815073,2.4102575381532527,4.434684983380921,2.032251680723892,2.970924943894215,2.8136589760079054
model_a,scenario_a,Emissions|CO|Energy|Demand,Mt CO/yr,model_a|China,2.836874718179595,2.726787482517139,2.343077126142315,2.810780028864839,2.8280622281344563,2.962440526599776,2.759364403754487,4.093084761183222,2.621856998523323,3.9466792247943534,4.51108903116557,3.8177286758853377,3.1977942113510522,4.174785929918826,3.334857772657397,3.3806962340795508,3.9136831929677567,4.366660061043745
model_a,scenario_a,Emissions|CO|Energy,Mt CO/yr,model_a|China,3.433457633979369,3.7151478803812914,2.972644891488863,3.173698692140187,3.0757918243499347,3.2172510382475057,3.124722752053014,4.9257707124520795,3.613550619606708,4.640400777274424,4.705056535188604,4.478726832566565,3.9117403781133118,4.855039296782529,4.201273470267669,3.401745516860575,4.454613862281666,4.439752809697417
model_a,scenario_a,Emissions|CO|AFOLU,Mt CO/yr,model_a|China,4.887380462948244,5.044824699988417,4.479545112508336,4.844955045698094,3.8397345862304757,5.291901532867724,4.569064313559446,5.57264370582094,4.567534280829089,5.425065090349591,3.405508381915777,4.604030331774286,4.099635261987556,3.040903253565594,5.864769794181825,3.0220268614801635,4.225926866882506,3.6493609146901145
model_a,scenario_a,Emissions|CO|Other,Mt CO/yr,model_a|Pacific OECD,0.6569033855884086,0.714195428994974,0.18498624652702333,0.30152837309901304,0.8424392707856371,0.21398166158704612,0.5910950020722813,0.23634867170564888,0.6038212225232913,0.5582847618169832,0.9666775149472215,0.004254739042453659,0.1412617715480462,0.5475494013578457,0.5710297471483317,0.2672996569021254,0.813319899052317,0.8288781927038132
model_a,scenario_a,Emissions|CO|Energy|Supply,Mt CO/yr,model_a|Pacific OECD,0.40001496846300855,0.624111675787766,0.9021043096735186,0.936717000145531,0.5934649526045194,0.18035454515560057,0.5178029364983534,0.7393894437309965,0.9689261938155633,0.1493918432849375,0.13020283716232195,0.9150093044375227,0.6036465327981072,0.7404823949137815,0.6533659381388547,0.9740326469537787,0.6686512488569528,0.5632966219501022
model_a,scenario_a,Emissions|CO|Energy|Demand|Industry,Mt CO/yr,model_a|Pacific OECD,0.29213859017247723,0.07277715029194731,0.4552847116493377,0.0762061368975151,0.9210928799670918,0.2650579209150834,0.18827441309114445,0.12290151113113457,0.6310638869506778,0.4260067381095688,0.5622736559391972,0.32547158800819553,0.8953064069528719,0.381209674153295,0.9262011317843818,0.055652057200551774,0.6383130153935979,0.4504152123869194
model_a,scenario_a,Emissions|CO|Energy|Demand|Other Sector,Mt CO/yr,model_a|Pacific OECD,0.0829747397556907,0.12177593105858375,0.7138765046713208,0.41791945348208837,0.10799908226351773,0.2728807371918409,0.08082907610142087,0.11556660000755892,0.10742062618825465,0.5302859866815578,0.9187514298120723,0.7089695259369905,0.9423265831057092,0.3349828154668918,0.8934672946260991,0.7335122252871276,0.3174031806503502,0.5562596393291432
model_a,scenario_a,Emissions|CO|Industrial Processes,Mt CO/yr,model_a|Pacific OECD,0.6440211217244881,0.3649177485360774,0.40366284110349826,0.8359581497838094,0.6339555108209922,0.21623354456692156,0.5167764469672705,0.19316421859617716,0.08657147840626289,0.734038790495816,0.7588040131888937,0.5228635191466711,0.4795408450023433,0.655915260791717,0.9580974922224069,0.192606833727191,0.15705761570261245,0.19256334576203338
model_a,scenario_a,Emissions|CO|Energy|Demand|Residential and Commercial and AFOFI,Mt CO/yr,model_a|Pacific OECD,0.19545565511036933,0.6188270293083034,0.5029615816677477,0.11624710323967968,0.15262153619735364,0.2955542765527557,0.7679726236244917,0.2097532197434714,0.23316062509122137,0.008262963604889206,0.46820571073893624,0.21216103277144416,0.45146726900713474,0.3843086010957353,0.39186122648455324,0.5406299470001023,0.4436251521661114,0.3137039005681802
model_a,scenario_a,Emissions|CO|Product Use,Mt CO/yr,model_a|Pacific OECD,0.5299418383066785,0.40544274490999055,0.9680266011915923,0.1422595563713569,0.7623305104409525,0.05892805862045636,0.8635315311847162,0.951438106346792,0.6835345223224454,0.288953067658114,0.35016294100842726,0.6157701957038955,0.2879834372139949,0.31443573808789327,0.6917727974395909,0.45677825190711197,0.756293344012593,0.9087697169280237
model_a,scenario_a,Emissions|CO|Energy|Demand|Transportation|Domestic Aviation,Mt CO/yr,model_a|Pacific OECD,0.7872698072875849,0.5237294144489151,0.276319368638161,0.454830134355522,0.5368046276243597,0.4670438473361377,0.8968515133523088,0.22212641385035836,0.701845338212158,0.793510095113501,0.6444838825802719,0.05579395261769027,0.985482935866289,0.5616134498225142,0.002097666326590697,0.4336004453116872,0.6155136055341944,0.37199963817593296
model_a,scenario_a,Emissions|CO|Energy|Demand|Transportation|Rail,Mt CO/yr,model_a|Pacific OECD,0.5284777296102965,0.27432513514439516,0.6905571111237915,0.9860856470584166,0.6405801034533876,0.5416519350103076,0.5602195583675975,0.7020757190206879,0.5814071287699916,0.9346866589822034,0.5034634836262434,0.48362298932242187,0.7167079208337326,0.2962690896217486,0.2174923537483351,0.22279910548628,0.08344276723654065,0.866966938546915
model_a,scenario_a,Emissions|CO|Energy|Demand|Bunkers|International Aviation,Mt CO/yr,model_a|Pacific OECD,0.8909025050572055,0.08940715116842746,0.43367376860074436,0.3582320888078383,0.41478858668807284,0.6215434792987997,0.8665782442386183,0.23548288833510866,0.8469607922093607,0.07666403172416325,0.31127725079398527,0.9616142524478407,0.16181838047406272,0.8728096271678667,0.16424494381771493,0.6755497733818487,0.2305249509403412,0.14154249169338107
model_a,scenario_a,Emissions|CO|Energy|Demand|Bunkers|International Shipping,Mt CO/yr,model_a|Pacific OECD,0.23131893626059408,0.8387344910105164,0.829145787652949,0.6374422516643192,0.5894496809086641,0.6972578269595343,0.16784046643573125,0.2705028885687385,0.18719854128459756,0.5381685330333673,0.3982664326749914,0.8539620343442313,0.7461650574660019,0.9822341794333611,0.009337520942565125,0.8784305439945952,0.5052540691818339,0.2455855469301771
model_a,scenario_a,Emissions|CO|Waste,Mt CO/yr,model_a|Pacific OECD,0.5261559830343531,0.8289714649731823,0.24898068241704374,0.28782276656346684,0.4185626586185466,0.1675843356880946,0.25882758032725584,0.05511707313834546,0.15623926887960538,0.6906262113335909,0.38781005606094243,0.27473255005244135,0.39744936936786623,0.794718334514997,0.7849100737573246,0.3944806056611001,0.6701795576847267,0.6001839248503767
model_a,scenario_a,Emissions|CO|AFOLU|Agriculture,Mt CO/yr,model_a|Pacific OECD,0.2072364642603992,0.09230988993266898,0.5466901422284267,0.9424590429427349,0.109957604483915,0.47706755968433767,0.7250519081907175,0.6449363831322538,0.8047158230488656,0.5555887962564678,0.34972066208254426,0.4972854938818637,0.8691221128569726,0.7814457740363795,0.34192871682605974,0.19860517323094629,0.656935643438466,0.6319319382745779
model_a,scenario_a,Emissions|CO|AFOLU|Agricultural Waste Burning,Mt CO/yr,model_a|Pacific OECD,0.044434362794118276,0.7919656299193468,0.2648923535657497,0.4368668433437781,0.47823827791708307,0.936689353624647,0.32771669245454293,0.6441977219434906,0.8766427617623133,0.44468174182719533,0.9287907071794647,0.5590281415633896,0.8862893448863521,0.4237634235750084,0.8816671288150972,0.3801113575580799,0.3037279339694564,0.9001638572465946
model_a,scenario_a,Emissions|CO|AFOLU|Land|Fires|Forest Burning,Mt CO/yr,model_a|Pacific OECD,0.9557122606761734,0.2610980413798122,0.29153658361017754,0.7909261399634782,0.419484405667659,0.7200188688361611,0.05807387316986545,0.6047708066943142,0.13711318346093115,0.0013934537613741194,0.1768205940164861,0.8982710945002604,0.09973508639920059,0.9824302948910695,0.8406372493151404,0.27950117828772447,0.520292710794567,0.7012235506042866
model_a,scenario_a,Emissions|CO|AFOLU|Land|Fires|Grassland Burning,Mt CO/yr,model_a|Pacific OECD,0.44272400476931606,0.7595306026515025,0.6014903133374992,0.12029321798770398,0.8707503069319653,0.5184832206887279,0.5061337497217379,0.28129272520358006,0.9010476266925002,0.45115502254510864,0.6860143475765874,0.3821589436575964,0.8887716302327463,0.13408286792613022,0.8380317811685132,0.7388202456751324,0.2891419054387907,0.17466256033396
model_a,scenario_a,Emissions|CO|AFOLU|Land|Fires|Peat Burning,Mt CO/yr,model_a|Pacific OECD,0.7958848166942033,0.858267746478938,0.9245365583456028,0.22219508512224107,0.8806481023955414,0.07709033940593168,0.04665273203194564,0.4228416371576791,0.9478648321354929,0.4414012455221996,0.7150383522439177,0.7116235118159515,0.21216357229255323,0.24976533235008413,0.46027232335228796,0.06076374174054644,0.41983427935550877,0.9896022861342081
model_a,scenario_a,Emissions|CO|AFOLU|Land|Land Use and Land-Use Change,Mt CO/yr,model_a|Pacific OECD,0.7936742904123312,0.9677319380823342,0.4265298588155717,0.10599310285496544,0.33507223243798456,0.4966630496026825,0.3119398839837332,0.64767686528929,0.9851792782304785,0.013174601637581773,0.5426225286076637,0.6523339311628752,0.5187018451075252,0.6192817179299251,0.9365238674700563,0.13766300897875783,0.32717875259855855,0.2369389431810467
model_a,scenario_a,Emissions|CO|AFOLU|Land|Harvested Wood Products,Mt CO/yr,model_a|Pacific OECD,0.791642811488996,0.6956176802667335,0.4029117393427102,0.7574439194078265,0.2181389191939349,0.3053779981663357,0.4057588056255015,0.20785845369234457,0.901630357312079,0.24429168591783834,0.8627955126993053,0.09175848879053827,0.36357253493885344,0.3704190392834984,0.5423803759722174,0.1876755798501445,0.2409263842469963,0.8094995075310885
model_a,scenario_a,Emissions|CO|AFOLU|Land|Other,Mt CO/yr,model_a|Pacific OECD,0.46183634704008447,0.0825083725371285,0.5960368878309559,0.43321434911748136,0.503247713086646,0.6230578728046376,0.0875959407250062,0.2420739559378311,0.7428188669160181,0.7857218550597663,0.6931966686262205,0.7337845710679113,0.12247258769276193,0.5327203542507706,0.4738914534466001,0.05781082566425644,0.04232053069720165,0.74128690162614
model_a,scenario_a,Emissions|CO|AFOLU|Land|Wetlands,Mt CO/yr,model_a|Pacific OECD,0.9118696740262188,0.49077784009004977,0.8327636003104387,0.12652764901234004,0.6406636779477815,0.059788818695548196,0.953559561005325,0.17996694030793636,0.7982696986799148,0.9495934367616908,0.9168814331125944,0.01656368900645,0.15511853076352156,0.9205452737683801,0.793380042703432,0.4089657224927242,0.9915881597142394,0.4167749313867922
model_a,scenario_a,Emissions|CO|Energy|Demand|Transportation,Mt CO/yr,model_a|Pacific OECD,1.3157475368978813,0.7980545495933102,0.9668764797619525,1.4409157814139386,1.1773847310777472,1.0086957823464453,1.4570710717199065,0.9242021328710462,1.2832524669821495,1.7281967540957044,1.1479473662065152,0.5394169419401121,1.7021908567000215,0.8578825394442627,0.21959002007492578,0.6563995507979672,0.6989563727707351,1.238966576722848
model_a,scenario_a,Emissions|CO|AFOLU|Land|Fires,Mt CO/yr,model_a|Pacific OECD,2.194321082139693,1.8788963905102527,1.8175634552932796,1.1334144430734232,2.1708828149951658,1.3155924289308205,0.610860354923549,1.3089051690555733,1.9860256422889244,0.8939497218286824,1.577873293836991,1.9920535499738083,1.2006702889245,1.3662784951672837,2.1389413538359414,1.0790851657034033,1.2292688955888664,1.8654883970724547
model_a,scenario_a,Emissions|CO|Energy|Demand|Bunkers,Mt CO/yr,model_a|Pacific OECD,1.1222214413177996,0.9281416421789439,1.2628195562536932,0.9956743404721575,1.004238267596737,1.318801306258334,1.0344187106743497,0.5059857769038472,1.0341593334939583,0.6148325647575306,0.7095436834689767,1.815576286792072,0.9079834379400646,1.8550438066012278,0.17358246476028005,1.553980317376444,0.7357790201221751,0.38712803862355816
model_a,scenario_a,Emissions|CO|AFOLU|Land,Mt CO/yr,model_a|Pacific OECD,5.153344205107324,4.115532221486498,4.075805541592956,2.5565934634660366,3.8680053576615125,2.8004801682000244,2.369714546263115,2.5864813842829752,5.413923843427415,2.8867313012055598,4.593369436882774,3.486494230001583,2.360535787427162,3.8092448803998575,4.8851170934282475,1.8712003026892863,2.831282722845862,4.069988680797522
model_a,scenario_a,Emissions|CO|Energy|Demand,Mt CO/yr,model_a|Pacific OECD,3.008537963254218,2.5395763024310885,3.901818834004052,3.0469628155053794,3.3633364971024475,3.160990023264459,3.528565895211313,1.8784092406570583,3.2890569387062616,3.3075850072492505,3.8067218461656975,3.6015953754488144,4.899274553705802,3.8134274367614127,2.60470213773024,3.5401740976621925,2.8340767411029697,2.9464733676306487
model_a,scenario_a,Emissions|CO|Energy,Mt CO/yr,model_a|Pacific OECD,3.4085529317172267,3.1636879782188547,4.8039231436775705,3.9836798156509103,3.956801449706967,3.34134456842006,4.046368831709667,2.6177986843880547,4.257983132521825,3.456976850534188,3.9369246833280194,4.516604679886337,5.5029210865039095,4.5539098316751945,3.2580680758690947,4.514206744615971,3.5027279899599226,3.509769989580751
model_a,scenario_a,Emissions|CO|AFOLU,Mt CO/yr,model_a|Pacific OECD,5.405015032161841,4.999807741338515,4.887388037387133,3.9359193497525498,4.45620124006251,4.214237081509009,3.4224831469083754,3.8756154893587196,7.095282428238594,3.8870018392892227,5.871880806144784,4.542807865446837,4.115947245170487,5.014454078011245,6.108712939069404,2.4499168334783126,3.7919463002537848,5.602084476318694
model_a,scenario_a,Emissions|CO2|Other,Mt CO2/yr,model_a|China,0.10193611829490545,0.8420508004877276,0.3930503817656883,0.3274851516621491,0.7506844899914387,0.6927353697611541,0.3518778613605198,0.2454549265060414,0.7351122976732904,0.5449571463035167,0.4978465335249981,0.04393200623434468,0.9160693004412168,0.8578515142030607,0.3067275030402685,0.7054450332363765,0.1184958950023941,0.10073518397922876
model_a,scenario_a,Emissions|CO2|Energy|Supply,Mt CO2/yr,model_a|China,0.6137550459929457,0.44754221681506623,0.4892055927214195,0.02116728256536371,0.8965259414549901,0.011281463995365226,0.9889650025912841,0.4509074741258452,0.9880729023473394,0.31692647038646393,0.560567054679724,0.6896737666033306,0.9199419303689749,0.6030160199856526,0.9049693745570323,0.2168558932108865,0.5032089695618953,0.41828254063602743
model_a,scenario_a,Emissions|CO2|Energy|Demand|Industry,Mt CO2/yr,model_a|China,0.4655692511246019,0.760084200178229,0.07215741003961074,0.9797393422468296,0.28796975902776945,0.2237082138435481,0.17947105571878486,0.9320184150265158,0.6489044086998815,0.629922079806627,0.9776737820364558,0.26006659808835486,0.2917144238852145,0.179840158592958,0.06260104298724245,0.9583699524635373,0.66951481344472,0.9974709214909776
model_a,scenario_a,Emissions|CO2|Energy|Demand|Other Sector,Mt CO2/yr,model_a|China,0.5211603881318415,0.2399038631042697,0.7281282184705284,0.4578560241700146,0.33277743448350006,0.0510089519703153,0.758559290643261,0.21901114579866143,0.7037303095614881,0.11937504298986856,0.5130955284932648,0.6211134840286003,0.6245643738028748,0.9490074196952788,0.9781443810870962,0.7455116272748787,0.3072591961080511,0.16724579354528368
model_a,scenario_a,Emissions|CO2|Industrial Processes,Mt CO2/yr,model_a|China,0.7039045832736233,0.28120406281064814,0.4686420585179514,0.9429290086975051,0.6075574700047243,0.3641803137348647,0.864637751457123,0.07304536707035392,0.35175215565661944,0.24132133085647323,0.769944106778512,0.3067418284071072,0.24514035288571356,0.38544722006648624,0.16150040856375258,0.29021485571402206,0.3748004395190614,0.028227004371993103
model_a,scenario_a,Emissions|CO2|Energy|Demand|Residential and Commercial and AFOFI,Mt CO2/yr,model_a|China,0.31406934140581466,0.41094595413571455,0.923943875298363,0.4903940733386679,0.1005771866832551,0.08898680139567972,0.05971014878430947,0.6439222429081045,0.2207681116405409,0.41786836989596265,0.5055037211407221,0.08924464278024402,0.9059510874349617,0.9674241556129435,0.6709123741726486,0.10904995751454893,0.8775614138062158,0.6507600330479804
model_a,scenario_a,Emissions|CO2|Product Use,Mt CO2/yr,model_a|China,0.09555405851318266,0.5453442193649182,0.714852610432465,0.0023685840903863165,0.6871005842797343,0.507201025962142,0.241714977853433,0.7145646333288372,0.7699020312805827,0.928372464874021,0.8263823923364548,0.802347495246466,0.039862888675255226,0.2748970113384207,0.7607518829815479,0.9229943205384399,0.5045775106088458,0.6579681801327754
model_a,scenario_a,Emissions|CO2|Energy|Demand|Transportation|Domestic Aviation,Mt CO2/yr,model_a|China,0.2772461307561712,0.4199698143755005,0.2714811200966689,0.5041646060913271,0.3811337980520151,0.21014877889810735,0.34037595200402637,0.9753120730935897,0.5716480163556712,0.664958508036623,0.5374438761847857,0.037510918806177185,0.3256226409976133,0.3242932560380366,0.9311862247170716,0.3823332063369985,0.46048430605686375,0.9858442834589535
model_a,scenario_a,Emissions|CO2|Energy|Demand|Transportation|Rail,Mt CO2/yr,model_a|China,0.37716706232654995,0.07145691128884424,0.9860597366916196,0.7877065857429078,0.7588184306213344,0.6188800956778724,0.707712306747045,0.20795439684825245,0.24420360315733314,0.3583854017674867,0.46873664743526633,0.16693161924961697,0.5412674324984417,0.2711046433773441,0.31178563069251386,0.06110550968929651,0.7862408542058463,0.8683711494380976
model_a,scenario_a,Emissions|CO2|Energy|Demand|Bunkers|International Aviation,Mt CO2/yr,model_a|China,0.096038848224825,0.236180995318659,0.24563781582694477,0.9861077059323005,0.7081037125432088,0.8660321575444943,0.5491958927779783,0.5628541353342706,0.4498641094597686,0.8408492307623254,0.39339489705579156,0.35321713491355,0.5947768455406302,0.936066266900151,0.38315885329717103,0.27568282451313175,0.6724003901270916,0.22451625169088618
model_a,scenario_a,Emissions|CO2|Energy|Demand|Bunkers|International Shipping,Mt CO2/yr,model_a|China,0.24595093041413763,0.7105071482060153,0.2299791336497894,0.02286980601817945,0.7326547270879937,0.7784351763410933,0.04449682286337586,0.5211157097039355,0.04675997309688629,0.6300376762310103,0.24161190642178065,0.18976616663709922,0.602961566026804,0.7675451289005117,0.5225649796132411,0.4097738267241242,0.7673385825487126,0.056609944164632164
model_a,scenario_a,Emissions|CO2|Waste,Mt CO2/yr,model_a|China,0.2719196467106969,0.8402490513200382,0.15800610256880498,0.18192976664893856,0.4370741659526405,0.43404161313976963,0.494969506730624,0.0663991959214173,0.23100887082695953,0.8782589425132324,0.9572234209410552,0.9262864957927375,0.4256933858121825,0.23233415852986006,0.8372911101579457,0.6209224015215015,0.18431410079367672,0.4037167194985609
model_a,scenario_a,Emissions|CO2|AFOLU|Agriculture,Mt CO2/yr,model_a|China,0.813758572987348,0.9228477555028474,0.8977176528087034,0.34890315184950593,0.005755630246457422,0.0170129629723188,0.3452699393922827,0.8145793498901981,0.9848330436656473,0.8924736827580749,0.004813808933847308,0.27736075941729255,0.47983073543399035,0.6694778183361279,0.493830751776429,0.4547374013167921,0.664978816889394,0.7507579289360945
model_a,scenario_a,Emissions|CO2|AFOLU|Agricultural Waste Burning,Mt CO2/yr,model_a|China,0.6106719238209131,0.3139952378910015,0.9245106740357172,0.3536525554933162,0.3542166861286554,0.11815525226400514,0.22853448856668823,0.13625261802920463,0.8920970466722867,0.9700147303625696,0.303407347114535,0.9152808434977828,0.8683567519134289,0.487594687133035,0.22534819604022016,0.2872351289026991,0.03925089768442491,0.09338231096668548
model_a,scenario_a,Emissions|CO2|AFOLU|Land|Fires|Forest Burning,Mt CO2/yr,model_a|China,,,,,,,,,,,,,,,,,,
model_a,scenario_a,Emissions|CO2|AFOLU|Land|Fires|Grassland Burning,Mt CO2/yr,model_a|China,,,,,,,,,,,,,,,,,,
model_a,scenario_a,Emissions|CO2|AFOLU|Land|Fires|Peat Burning,Mt CO2/yr,model_a|China,0.23113971699513092,0.6006309092068747,0.1520668173200892,0.7477268900032544,0.053069744695467436,0.8019143298922669,0.21080764135476027,0.6109366354924283,0.2914402644541334,0.18662838368904822,0.07924089060467165,0.7672394696036116,0.4957498200080037,0.3891366326050478,0.0529468290012044,0.22881272755396753,0.3299447177920637,0.29766365068905587
model_a,scenario_a,Emissions|CO2|AFOLU|Land|Land Use and Land-Use Change,Mt CO2/yr,model_a|China,0.3981396363022385,0.03987433798293938,0.9272736702680519,0.9172138183628311,0.09972492954480927,0.704046298078646,0.8774300332723651,0.12297942574351439,0.5387271809531364,0.37858972725518414,0.9741932179078671,0.816409360932686,0.12433519786785774,0.3272409454743893,0.7582271023610532,0.9560046672900138,0.52035741116681,0.129228913627494
model_a,scenario_a,Emissions|CO2|AFOLU|Land|Harvested Wood Products,Mt CO2/yr,model_a|China,0.5088252135815948,0.26921338263990213,0.8033547529761088,0.10908426303915997,0.6227617279515716,0.07413631708295776,0.9191996282284284,0.5042335767534007,0.9671164830195046,0.45685554076820234,0.5776024610770635,0.27516750564335946,0.48036759853776034,0.7229691211817105,0.4420752290955763,0.8692419180841503,0.8258677175960525,0.9786219710999817
model_a,scenario_a,Emissions|CO2|AFOLU|Land|Other,Mt CO2/yr,model_a|China,0.6545438796435885,0.4101762401292641,0.6759623810206583,0.06454341979862843,0.6816578201424586,0.9115498186862482,0.7145951265948024,0.480657647266325,0.09786531240392449,0.20912376707904612,0.29686722807519494,0.9410710107384089,0.04299795926377603,0.04692768145775639,0.7981548108091447,0.21108227784696143,0.5435200801524032,0.43613212062114337
model_a,scenario_a,Emissions|CO2|AFOLU|Land|Wetlands,Mt CO2/yr,model_a|China,0.6113434989127404,0.5622112688762815,0.3475007324085977,0.11941030880186365,0.5168538296555119,0.9625290547662572,0.9583645583186824,0.7279663464728543,0.37431404205869767,0.9113212466461429,0.8364605713167276,0.624594214794454,0.31636470953805995,0.9427372129073075,0.6995259365711525,0.21535175587820432,0.8876110596964546,0.5293488939503084
model_a,scenario_a,Emissions|CO2|Energy|Demand|Transportation,Mt CO2/yr,model_a|China,0.6544131930827212,0.49142672566434475,1.2575408567882884,1.2918711918342347,1.1399522286733494,0.8290288745759797,1.0480882587510714,1.183266469941842,0.8158516195130043,1.0233439098041097,1.006180523620052,0.20444253805579415,0.866890073496055,0.5953978994153807,1.2429718554095854,0.44343871602629503,1.24672516026271,1.854215432897051
model_a,scenario_a,Emissions|CO2|AFOLU|Land|Fires,Mt CO2/yr,model_a|China,0.23113971699513092,0.6006309092068747,0.1520668173200892,0.7477268900032544,0.053069744695467436,0.8019143298922669,0.21080764135476027,0.6109366354924283,0.2914402644541334,0.18662838368904822,0.07924089060467165,0.7672394696036116,0.4957498200080037,0.3891366326050478,0.0529468290012044,0.22881272755396753,0.3299447177920637,0.29766365068905587
model_a,scenario_a,Emissions|CO2|Energy|Demand|Bunkers,Mt CO2/yr,model_a|China,0.3419897786389626,0.9466881435246743,0.47561694947673416,1.00897751195048,1.4407584396312025,1.6444673338855875,0.5936927156413542,1.0839698450382063,0.4966240825566549,1.4708869069933357,0.6350068034775722,0.5429833015506492,1.197738411567434,1.703611395800663,0.9057238329104121,0.685456651237256,1.439738972675804,0.28112619585551835
model_a,scenario_a,Emissions|CO2|AFOLU|Land,Mt CO2/yr,model_a|China,2.4039919454352936,1.8821061388352618,2.906158353993506,1.9579787000057376,1.9740680519898186,3.4541758185063762,3.6803969877690386,2.4467736317285227,2.2694632828893964,2.1425186654376236,2.764364368981525,3.4244815617125197,1.4598152852154578,2.4290115936262113,2.750929907838131,2.480493346653298,3.1073009864037844,2.3709955499879833
model_a,scenario_a,Emissions|CO2|Energy|Demand,Mt CO2/yr,model_a|China,2.2972019523839418,2.8490488866072323,3.457387310073525,4.2288381435402265,3.302035048499077,2.8372001756711107,2.6395214695387805,4.06218811871333,2.88587853197157,3.661396309489904,3.6374603587680667,1.7178505645036428,3.88685837018654,4.395281029117224,3.860353486566985,2.9418269045165157,4.540799556297501,3.950818376836811
model_a,scenario_a,Emissions|CO2|Energy,Mt CO2/yr,model_a|China,2.9109569983768875,3.2965911034222986,3.9465929027949445,4.25000542610559,4.198560989954067,2.848481639666476,3.6284864721300645,4.513095592839175,3.873951434318909,3.978322779876368,4.19802741344779,2.4075243311069734,4.806800300555515,4.998297049102876,4.765322861124017,3.158682797727402,5.044008525859397,4.369100917472839
model_a,scenario_a,Emissions|CO2|AFOLU,Mt CO2/yr,model_a|China,3.8284224422435544,3.1189491322291105,4.728386680837927,2.6605344073485595,2.3340403683649313,3.5893440337427003,4.2542014157280095,3.3976055996479255,4.146393373227331,4.005007078558268,3.0725855250299072,4.6171231646275945,2.808002772562877,3.586084099095374,3.47010885565478,3.222465876872789,3.8115307009776034,3.2151357898907635
model_a,scenario_a,Emissions|CO2|Other,Mt CO2/yr,model_a|Pacific OECD,0.16686630541367053,0.040560760045992295,0.020151213580188232,0.1757262021492706,0.6487459884104545,0.12379485358842035,0.6021676680587823,0.8247042673512279,0.2701639058514814,0.21394063094147908,0.8170342796440021,0.5321043246515746,0.011557458929474906,0.3261667698079994,0.35473577478171325,0.7371249677121078,0.9596685072485357,0.18315628209722545
model_a,scenario_a,Emissions|CO2|Energy|Supply,Mt CO2/yr,model_a|Pacific OECD,0.19860673053180689,0.8913974888307723,0.731952195838682,0.17551211733259708,0.9695865602764112,0.6620013122151736,0.17914272929059138,0.8159527018507295,0.5337589261434712,0.7275842176235688,0.5107693967553948,0.28813981414825585,0.7123676259930107,0.3886215131781987,0.5359697675926937,0.6924073878475583,0.15334317426308275,0.24871591737513066
model_a,scenario_a,Emissions|CO2|Energy|Demand|Industry,Mt CO2/yr,model_a|Pacific OECD,0.7551347795402233,0.523171154027463,0.22856214013996545,0.9338254001520997,0.40684511288300307,0.8392277997388657,0.9643201758027792,0.8153726003545294,0.17992881261257054,0.30960619195283223,0.4380398811268341,0.8532170168416633,0.11020242922322454,0.8154884433852022,0.2713806558987112,0.945988868787097,0.14236102371409198,0.1715425974482201
model_a,scenario_a,Emissions|CO2|Energy|Demand|Other Sector,Mt CO2/yr,model_a|Pacific OECD,0.7336409598974901,0.9318222555205897,0.38594250010701514,0.2625235312296431,0.9158086663532364,0.4880552830727627,0.35085980853010557,0.9108697694380528,0.07388325281368324,0.5482097385263557,0.6295325466796192,0.48677855481231147,0.7490805980032113,0.5261440867134357,0.5532934172189484,0.5269655690150381,0.08585657024536608,0.5733780316979411
model_a,scenario_a,Emissions|CO2|Industrial Processes,Mt CO2/yr,model_a|Pacific OECD,0.1833322938697869,0.8389996129204027,0.08303999846265386,0.3541742181845535,0.7554969255406211,0.7383991393495392,0.8504950542587988,0.39614404217540544,0.8565887171039485,0.34407266211617016,0.09265213704656639,0.5970079612848908,0.36550972305892804,0.34724133020709347,0.6680137881764304,0.7429524829427904,0.9086272850127988,0.8221679129317166
model_a,scenario_a,Emissions|CO2|Energy|Demand|Residential and Commercial and AFOFI,Mt CO2/yr,model_a|Pacific OECD,0.9106383633693008,0.774213266712772,0.5428295544762302,0.4561979457922468,0.411942339750209,0.8303863379803978,0.14181712875030372,0.19758181126418173,0.4776213696315448,0.560014970279365,0.9417144685164345,0.7600841029257597,0.8792012846456077,0.927019547692648,0.2491265404623224,0.13035547997594787,0.3541876194025101,0.42180809691014
model_a,scenario_a,Emissions|CO2|Product Use,Mt CO2/yr,model_a|Pacific OECD,0.9412968769398561,0.2286792412101577,0.39844765821417893,0.3215788537872677,0.319323631719003,0.14145893207551985,0.09499971364536897,0.40876156376131967,0.9250135987279359,0.8442033311571079,0.2462740013206497,0.33198131679848497,0.2719563071531347,0.26161040235600186,0.12935113704234102,0.6275219988297502,0.5298155495242706,0.6734883714341923
model_a,scenario_a,Emissions|CO2|Energy|Demand|Transportation|Domestic Aviation,Mt CO2/yr,model_a|Pacific OECD,0.43265387593943383,0.9175459322605872,0.8408278579024108,0.09824769462500405,0.009246282939443073,0.6721826511986484,0.8961592246777623,0.2526075696344947,0.06954982171313573,0.19711758313387406,0.8531761055553907,0.722819013800625,0.0980851254856614,0.8594608913008718,0.7072818290106534,0.264724962957701,0.9409652652618321,0.1850501974970562
model_a,scenario_a,Emissions|CO2|Energy|Demand|Transportation|Rail,Mt CO2/yr,model_a|Pacific OECD,0.5258017573171648,0.8978633285443581,0.3377755570030335,0.8878870578535476,0.8959140607035675,0.5677016455817329,0.19276127208621596,0.8395944505819349,0.060693446937093554,0.08059012526272491,0.4806160036222462,0.21136016449826311,0.7693845215419601,0.4425683268154491,0.5992924937111911,0.7983130693429776,0.5965760002430263,0.5897310651028826
model_a,scenario_a,Emissions|CO2|Energy|Demand|Bunkers|International Aviation,Mt CO2/yr,model_a|Pacific OECD,0.32460531736041576,0.7709986293604405,0.5741030631788101,0.10679838712038425,0.3778645882098296,0.37591028684021643,0.2894282152340669,0.27280613820723887,0.9725308736492515,0.6237694184243736,0.30757063343928703,0.01514623865101461,0.5850867221722227,0.4327610180371908,0.11247021159606807,0.13615537762234264,0.8411383331955029,0.4655344025037972
model_a,scenario_a,Emissions|CO2|Energy|Demand|Bunkers|International Shipping,Mt CO2/yr,model_a|Pacific OECD,0.21116699828133068,0.8071270094016727,0.30565243057668956,0.09127685972206889,0.747804940233655,0.8617655043947791,0.32823233413220376,0.561017160715955,0.6565349994842583,0.6730115307449805,0.46601601509316404,0.0520143234323841,0.44767843905224247,0.08257602992830027,0.6925430324725369,0.9876213229546497,0.14670774490106764,0.10191520373955676
model_a,scenario_a,Emissions|CO2|Waste,Mt CO2/yr,model_a|Pacific OECD,0.2499276176631553,0.2235861427204402,0.10407171272255877,0.4787045492619528,0.7118918492560301,0.09061129591092454,0.6781976344168765,0.008174143027998015,0.010575782869076122,0.46120722979100515,0.6689773688723516,0.5513890152674777,0.7210812095549398,0.5477969695084498,0.17375789865624747,0.07550424105276798,0.8098505527524239,0.9647790174593422
model_a,scenario_a,Emissions|CO2|AFOLU|Agriculture,Mt CO2/yr,model_a|Pacific OECD,0.5511127806970759,0.572941863512748,0.2208849952726175,0.045286715450320814,0.11388542439737026,0.8835095310342101,0.8911205531332641,0.546699589660391,0.7910280322641071,0.5176466062116395,0.8148439113489154,0.7504620725463104,0.7043111415669702,0.8056262092285765,0.12474065763000708,0.789078016820759,0.8360297346734696,0.585631633884725
model_a,scenario_a,Emissions|CO2|AFOLU|Agricultural Waste Burning,Mt CO2/yr,model_a|Pacific OECD,0.756359053998216,0.02910879951942491,0.21604118948203788,0.5024757326755934,0.060793491010464495,0.9708752495902377,0.504412916227363,0.8603300323929621,0.49445130732617615,0.825709057665235,0.0483645632273868,0.3696962466700172,0.46142607612241515,0.7128938993097332,0.3383314874665213,0.09254438765583795,0.7868449409459971,0.8976930631935333
model_a,scenario_a,Emissions|CO2|AFOLU|Land|Fires|Forest Burning,Mt CO2/yr,model_a|Pacific OECD,,,,,,,,,,,,,,,,,,
model_a,scenario_a,Emissions|CO2|AFOLU|Land|Fires|Grassland Burning,Mt CO2/yr,model_a|Pacific OECD,,,,,,,,,,,,,,,,,,
model_a,scenario_a,Emissions|CO2|AFOLU|Land|Fires|Peat Burning,Mt CO2/yr,model_a|Pacific OECD,0.11535876554737168,0.6788181942438174,0.1952090752536182,0.23737275531980873,0.4387956374832409,0.6545227241982263,0.3239519251853781,0.7415402846945962,0.6933273737579945,0.5195398774813166,0.1479523369672423,0.6980612773446181,0.5442891424553609,0.6011300973484786,0.47316689528992406,0.6878462244077619,0.40996318932204423,0.18412229132945068
model_a,scenario_a,Emissions|CO2|AFOLU|Land|Land Use and Land-Use Change,Mt CO2/yr,model_a|Pacific OECD,0.9730203066857704,0.11322704804688133,0.3471716836764934,0.3754522599136235,0.3912568185464609,0.351476022689556,0.24107375193810587,0.11900669643980855,0.08099501126809538,0.6935524164807471,0.24998522616063923,0.1446353516620622,0.025519870937654177,0.4811255697432658,0.49131387077165223,0.4837986178289585,0.6813385407163818,0.07879843820285115
model_a,scenario_a,Emissions|CO2|AFOLU|Land|Harvested Wood Products,Mt CO2/yr,model_a|Pacific OECD,0.5044662974762674,0.5942728674134888,0.7406246027284532,0.1694523501720686,0.31146307173452814,0.04077318034279964,0.9180475517389216,0.575033826095838,0.9440384559471738,0.8288083390673422,0.8714668222706193,0.661834328818907,0.3793221311150575,0.21713268439480482,0.7783640058786669,0.08248294057801309,0.9437620503777601,0.7085809394054807
model_a,scenario_a,Emissions|CO2|AFOLU|Land|Other,Mt CO2/yr,model_a|Pacific OECD,0.07434605578435616,0.7757893388851503,0.7082515931769625,0.5844344470524451,0.2703535947225868,0.6856755732745123,0.2736917516452473,0.540204293886209,0.02216904644299622,0.3788496729634142,0.236340294351285,0.6583560790842313,0.46689893662601234,0.24520678190057377,0.9179175330088367,0.5625567781062467,0.9322785855839191,0.8313064497260827
model_a,scenario_a,Emissions|CO2|AFOLU|Land|Wetlands,Mt CO2/yr,model_a|Pacific OECD,0.26676190492830265,0.5326395485892499,0.5879857493445002,0.293053062187547,0.42938609990836074,0.8414414563671403,0.4612256226242435,0.0469945214818378,0.5524537327602973,0.14813110897794612,0.4339259179651588,0.843175706393945,0.17257139845946123,0.764588461191157,0.015294017143742455,0.5228048134756473,0.8012900073158075,0.08154864252314187
model_a,scenario_a,Emissions|CO2|Energy|Demand|Transportation,Mt CO2/yr,model_a|Pacific OECD,0.9584556332565987,1.8154092608049455,1.1786034149054443,0.9861347524785516,0.9051603436430106,1.2398842967803811,1.0889204967639783,1.0922020202164298,0.13024326865022928,0.277707708396599,1.333792109177637,0.9341791782988881,0.8674696470276215,1.3020292181163209,1.3065743227218445,1.0630380323006787,1.5375412655048584,0.7747812625999388
model_a,scenario_a,Emissions|CO2|AFOLU|Land|Fires,Mt CO2/yr,model_a|Pacific OECD,0.11535876554737168,0.6788181942438174,0.1952090752536182,0.23737275531980873,0.4387956374832409,0.6545227241982263,0.3239519251853781,0.7415402846945962,0.6933273737579945,0.5195398774813166,0.1479523369672423,0.6980612773446181,0.5442891424553609,0.6011300973484786,0.47316689528992406,0.6878462244077619,0.40996318932204423,0.18412229132945068
model_a,scenario_a,Emissions|CO2|Energy|Demand|Bunkers,Mt CO2/yr,model_a|Pacific OECD,0.5357723156417464,1.5781256387621132,0.8797554937554997,0.19807524684245315,1.1256695284434846,1.2376757912349956,0.6176605493662707,0.8338232989231938,1.6290658731335097,1.2967809491693543,0.7735866485324511,0.06716056208339871,1.0327651612244653,0.5153370479654911,0.805013244068605,1.1237767005769923,0.9878460780965705,0.5674496062433539
model_a,scenario_a,Emissions|CO2|AFOLU|Land,Mt CO2/yr,model_a|Pacific OECD,1.9339533304220686,2.694746997178588,2.5792427041800274,1.659764874645493,1.8412552223951775,2.5738889568722345,2.2179906031318963,2.0227796225982893,2.292983620176557,2.568881414970766,1.9396705977149447,3.0060627433037634,1.5886014795935461,2.30918359457828,2.676056322092822,2.3394893743966274,3.768632373315912,1.8843567611870071
model_a,scenario_a,Emissions|CO2|Energy|Demand,Mt CO2/yr,model_a|Pacific OECD,3.893642051705359,5.622741575827884,3.2156931033841545,2.836756876494994,3.7654259910729433,4.635229508807403,3.1635781592134373,3.8498495001963877,2.4907425768415377,2.9923195583245064,4.116665654032976,3.101419414962021,3.6387191201241302,4.086018343873098,3.1853881803704316,3.7901246506557538,3.107792556963397,2.508959594899594
model_a,scenario_a,Emissions|CO2|Energy,Mt CO2/yr,model_a|Pacific OECD,4.092248782237165,6.514139064658655,3.9476452992228364,3.0122689938275915,4.735012551349355,5.297230821022577,3.3427208885040285,4.665802202047117,3.024501502985009,3.719903775948075,4.62743505078837,3.3895592291102767,4.351086746117141,4.474639857051297,3.721357947963125,4.482532038503312,3.2611357312264797,2.7576755122747247
model_a,scenario_a,Emissions|CO2|AFOLU,Mt CO2/yr,model_a|Pacific OECD,3.2414251651173607,3.296797660210761,3.0161688889346827,2.207527322771407,2.0159341378030122,4.428273737496682,3.6135240724925235,3.4298092446516426,3.5784629597668403,3.9122370788476406,2.8028790722912467,4.1262210625200915,2.7543386972829316,3.8277037031165895,3.1391284671893507,3.221111778873224,5.391507048935379,3.3676814582652654
model_a,scenario_a,Emissions|N2O|Other,kt N2O/yr,model_a|China,0.5045163647552816,0.1487464270048755,0.862585730508444,0.0452198625070257,0.450251149844771,0.49032941045577694,0.8763177935382722,0.8535731991215689,0.5574782449738511,0.8648270447126881,0.3543551790676607,0.01917036251566928,0.7036028756566348,0.8152608354747112,0.17880915457076618,0.6467216605762588,0.47460374517497783,0.04146564932138852
model_a,scenario_a,Emissions|N2O|Energy|Supply,kt N2O/yr,model_a|China,0.9141347495236942,0.2878332611056761,0.8828165465634287,0.41704468085200685,0.6479399059078181,0.7256517988719496,0.04684140016153637,0.12676427123949752,0.6128759070266782,0.7737967499543615,0.9779441057829231,0.5579672657391495,0.5066579894771338,0.6011352418474115,0.026821261686667652,0.1741046108167409,0.7508167201877395,0.03802585644565537
model_a,scenario_a,Emissions|N2O|Energy|Demand|Industry,kt N2O/yr,model_a|China,0.6242349498579627,0.9735007579080706,0.36351673772374127,0.008825012989701841,0.8807232136582407,0.6279071107806894,0.4100795890524551,0.3121825018949058,0.11339109387758295,0.7207203866578933,0.6800007792180303,0.38802109512608396,0.3289333501806788,0.4459412175879668,0.559676273395047,0.7099533959745695,0.47310666232938636,0.7538511345704523
model_a,scenario_a,Emissions|N2O|Energy|Demand|Other Sector,kt N2O/yr,model_a|China,0.5278812458879546,0.5659781668400133,0.2809027787737991,0.29834578037382753,0.6971873429683118,0.2895358896389941,0.05320079146248158,0.978681607555375,0.6665932449180307,0.8113460277243405,0.6499933422361841,0.3169981352706709,0.572609239327536,0.6919600199501332,0.7353072991689399,0.8885829324176358,0.018790282089276356,0.9346452369942098
model_a,scenario_a,Emissions|N2O|Industrial Processes,kt N2O/yr,model_a|China,0.8654554681643013,0.1799474150655892,0.614844365617213,0.6351156650903035,0.4956174025414396,0.07618161210294094,0.3736480876408801,0.4969109794004605,0.4213878942603356,0.27860000563598586,0.14193263729668182,0.9518068326325605,0.4641698428172618,0.27035845833144123,0.5688132265650335,0.43814416815234125,0.407596479839165,0.22857908126048443
model_a,scenario_a,Emissions|N2O|Energy|Demand|Residential and Commercial and AFOFI,kt N2O/yr,model_a|China,0.14983597320040964,0.04671448247410004,0.46826651288486865,0.5373096488055318,0.4569896665659199,0.1089350650980273,0.7202580536701714,0.7973203246176782,0.7790577548510066,0.3708713968455999,0.29450969852918885,0.08580694526158394,0.02100002227903075,0.9473656166706642,0.4988304054474135,0.7692850240480587,0.38648401764253437,0.47527210920946705
model_a,scenario_a,Emissions|N2O|Product Use,kt N2O/yr,model_a|China,0.6401134882761326,0.4734651125477197,0.17827722940206492,0.26702208575928654,0.08868906804027066,0.8775518584110483,0.8108923223127206,0.756676975573922,0.25391074812368464,0.2278855463454078,0.9262827794105986,0.03982469499735253,0.15462851733854432,0.7043348341620397,0.9726763208915974,0.6209669005387297,0.5929885999614121,0.9439990935496588
model_a,scenario_a,Emissions|N2O|Energy|Demand|Transportation|Domestic Aviation,kt N2O/yr,model_a|China,0.05219883925362745,0.2716996129964401,0.6569963988244593,0.27602167524130816,0.09681920750885598,0.7580213468222348,0.8481967954552998,0.036654275136599135,0.17747855073096885,0.7581712501035182,0.909833887708331,0.7297752402775407,0.19676011877301736,0.9375733239864811,0.5904789654954715,0.6723469836300419,0.42715417282114043,0.380966565707361
model_a,scenario_a,Emissions|N2O|Energy|Demand|Transportation|Rail,kt N2O/yr,model_a|China,0.6702800640423833,0.011319834201638956,0.9616518262239035,0.8096417032789205,0.9568080936237113,0.6407196993943014,0.38398704500150405,0.12347227871956457,0.08457759504178708,0.7358360412587245,0.6828502508326234,0.7161738673721237,0.8238918627239837,0.4312946271971745,0.35416338131979097,0.8579446047203817,0.47760903167283864,0.3213546533744147
model_a,scenario_a,Emissions|N2O|Energy|Demand|Bunkers|International Aviation,kt N2O/yr,model_a|China,0.6261183797269751,0.19443986522826362,0.2230758618969919,0.8769447725912082,0.33909535832013293,0.11675100453563325,0.20387517157802504,0.5798007108214441,0.5668956689128235,0.5908695173248518,0.21397682373334048,0.8853267835940107,0.1023394297727751,0.01351260828133305,0.791288660123422,0.09290555728907679,0.054120088420854695,0.01851758080499888
model_a,scenario_a,Emissions|N2O|Energy|Demand|Bunkers|International Shipping,kt N2O/yr,model_a|China,0.5789679879472026,0.5343681899007328,0.1681803091744326,0.2086986559989319,0.3307419607861193,0.9346861021222228,0.011710913057484729,0.4310295148569031,0.2659230287711789,0.3295268400125363,0.16312334689254215,0.8250815325415987,0.058324211578859364,0.2985648716027497,0.3905443894077474,0.026116563969352358,0.5282134114076207,0.6731847576696842
model_a,scenario_a,Emissions|N2O|Waste,kt N2O/yr,model_a|China,0.41015339748267277,0.9651671392426867,0.3447389667541443,0.6166094094187002,0.726975754021911,0.032842365290832065,0.19621869844524076,0.30211578724815924,0.3546823788253537,0.6188183206625723,0.8523549066541689,0.543019870997687,0.5611180812816304,0.5533588744250464,0.259955119803545,0.5013007372841044,0.2426605442212859,0.9502182290686799
model_a,scenario_a,Emissions|N2O|AFOLU|Agriculture,kt N2O/yr,model_a|China,0.15745080323008842,0.4322540062895951,0.8270619649764546,0.2652546082815411,0.928793584313751,0.6249776198217132,0.06994879340119009,0.14988559066478346,0.2673839582629811,0.298280905195514,0.9082121965301069,0.9927136643151627,0.2519582239758422,0.1441881520706425,0.10314084395111733,0.7475118768703518,0.5148311704756836,0.050751151087075175
model_a,scenario_a,Emissions|N2O|AFOLU|Agricultural Waste Burning,kt N2O/yr,model_a|China,0.11592259119000159,0.8387933256815253,0.46399487943546547,0.6476462630513203,0.6511928324881127,0.27616491885025707,0.6839658284116794,0.008969429751627067,0.6615765695689855,0.9908408331046192,0.7503859032576163,0.245006903194116,0.7087884981416117,0.23807262889351077,0.47585053153630696,0.6844639385712983,0.9876888016552511,0.3498672911058457
model_a,scenario_a,Emissions|N2O|AFOLU|Land|Fires|Forest Burning,kt N2O/yr,model_a|China,0.43383977144693464,0.5662388257954967,0.11843500814410224,0.48019206458029173,0.30260618541553175,0.5200349398114829,0.3919355856582498,0.14643988199045177,0.6343400476203942,0.5702190761657683,0.07872711508280428,0.21196975115581684,0.25109586488840596,0.28280403758078854,0.3735799961277495,0.8015467174937511,0.1478961738447574,0.13195791084984
model_a,scenario_a,Emissions|N2O|AFOLU|Land|Fires|Grassland Burning,kt N2O/yr,model_a|China,0.286783491128881,0.6334574622338531,0.5377159010760397,0.282091185606295,0.705133468950357,0.15961167640648977,0.4472713623790965,0.8366283625906195,0.9171440786364659,0.34945952390973545,0.6326202881367101,0.6801374701998647,0.8125568978273929,0.28045387536940736,0.1478370456410234,0.46776191308026105,0.3736023604921682,0.6453759341002699
model_a,scenario_a,Emissions|N2O|AFOLU|Land|Fires|Peat Burning,kt N2O/yr,model_a|China,0.26876850358435667,0.123427094497637,0.4055030042143588,0.8214612547892022,0.23475762156349145,0.8601246116179689,0.33277021059827316,0.0391937771496248,0.1948755920631403,0.9540636806849655,0.5873327737765067,0.6169839616754305,0.23525054412881408,0.9757602524757466,0.7202807056566175,0.40110929518466354,0.9553277809866925,0.9642820417115591
model_a,scenario_a,Emissions|N2O|AFOLU|Land|Land Use and Land-Use Change,kt N2O/yr,model_a|China,0.5489617896459726,0.9518304990842513,0.04487506880012049,0.9716609086158555,0.41834967057646355,0.2364608131345033,0.14829071809167926,0.5588348045295427,0.27645801521252833,0.8391574587910853,0.2712276899350209,0.13697701549987196,0.11099078446882804,0.8009560582017534,0.7402480622953025,0.2915346059286844,0.6894070720988743,0.4188212851577313
model_a,scenario_a,Emissions|N2O|AFOLU|Land|Harvested Wood Products,kt N2O/yr,model_a|China,0.6101572415268378,0.451833553184119,0.8225573036026869,0.946901939740644,0.7976415123425188,0.11015505105954138,0.5833391041148256,0.9579568259502286,0.03719067272465515,0.4188762276834098,0.6019557532095898,0.4109086396910556,0.26694404412705797,0.15402732641692607,0.8166195212516068,0.48981995143431245,0.8598749785785184,0.35688375677293227
model_a,scenario_a,Emissions|N2O|AFOLU|Land|Other,kt N2O/yr,model_a|China,0.13177017747449804,0.5975555074609782,0.8508579783274578,0.21362499659765755,0.10024364177363265,0.2633212075329794,0.8153889822643556,0.7540603974401171,0.6696397069039393,0.7441475772405446,0.40886285704862446,0.48751686706196307,0.8482535543859159,0.18908163743486073,0.5549988074437021,0.7299607514959389,0.8972816389977136,0.4503566180193146
model_a,scenario_a,Emissions|N2O|AFOLU|Land|Wetlands,kt N2O/yr,model_a|China,0.7195602866282897,0.7863217497958067,0.7046269515753819,0.08006618202396121,0.2546619184355081,0.5907523732826505,0.42552527298083553,0.8401304005164782,0.37062536675399216,0.27243710008943145,0.02481167591552136,0.8754977011325399,0.7153879728668443,0.40608000110157116,0.5249685385682994,0.40803801076486246,0.2190796259510559,0.2902314773281107
model_a,scenario_a,Emissions|N2O|Energy|Demand|Transportation,kt N2O/yr,model_a|China,0.7224789032960107,0.28301944719807903,1.618648225048363,1.0856633785202288,1.0536273011325674,1.3987410462165362,1.2321838404568037,0.1601265538561637,0.26205614577275593,1.4940072913622426,1.5926841385409545,1.4459491076496644,1.020651981497001,1.3688679511836557,0.9446423468152625,1.5302915883504236,0.9047632044939791,0.7023212190817757
model_a,scenario_a,Emissions|N2O|AFOLU|Land|Fires,kt N2O/yr,model_a|China,0.9893917661601723,1.3231233825269868,1.0616539134345007,1.583744504975789,1.2424972759293802,1.5397712278359417,1.1719771586356194,1.022262021730696,1.7463597183200004,1.8737422807604691,1.298680176996021,1.509091183031112,1.298903306844613,1.5390181654259425,1.2416977474253903,1.6704179257586758,1.476826315323618,1.7416158866616689
model_a,scenario_a,Emissions|N2O|Energy|Demand|Bunkers,kt N2O/yr,model_a|China,1.2050863676741779,0.7288080551289964,0.3912561710714245,1.08564342859014,0.6698373191062522,1.051437106657856,0.21558608463550977,1.0108302256783472,0.8328186976840024,0.9203963573373881,0.37710017062588264,1.7104083161356094,0.16066364135163447,0.31207747988408274,1.1818330495311695,0.11902212125842915,0.5823334998284754,0.6917023384746831
model_a,scenario_a,Emissions|N2O|AFOLU|Land,kt N2O/yr,model_a|China,2.999841261435771,4.110664692052142,3.484571215740148,3.795998531953907,2.8133940190575037,2.7404606728456162,3.1445212360873156,4.133244450167062,3.1002734799151153,4.14836064456494,2.6055381531047774,3.4199914064165426,3.240479662693259,3.089163188581054,3.8785326769843014,3.589771245382474,4.142469630949781,3.257909023939758
model_a,scenario_a,Emissions|N2O|Energy|Demand,kt N2O/yr,model_a|China,3.229517439916515,2.598020909549259,3.1225904255021963,3.01578724927943,3.758364843431292,3.476556218392103,2.6313083592774213,3.2591412136024696,2.6539169371033786,4.317341459927465,3.5942881291502404,3.947183599443613,2.103858234635881,3.7662122852765028,3.920289374357832,4.017135062049117,2.3654776663836516,3.557792038330588
model_a,scenario_a,Emissions|N2O|Energy,kt N2O/yr,model_a|China,4.14365218944021,2.885854170654935,4.005406972065625,3.432831930131437,4.40630474933911,4.202208017264053,2.678149759438958,3.385905484841967,3.2667928441300567,5.0911382098818265,4.572232234933163,4.505150865182762,2.610516224113015,4.367347527123914,3.9471106360445,4.191239672865858,3.1162943865713912,3.5958178947762436
model_a,scenario_a,Emissions|N2O|AFOLU,kt N2O/yr,model_a|China,3.2732146558558606,5.381712024023262,4.7756280601520675,4.708899403286768,4.393380435859367,3.6416032115175865,3.898435857900185,4.292099470583473,4.029234007747082,5.437482382865074,4.2641362528925,4.657711973925821,4.201226384810713,3.4714239695452074,4.457524052471726,5.021747060824124,5.644989603080715,3.6585274661326785
model_a,scenario_a,Emissions|N2O|Other,kt N2O/yr,model_a|Pacific OECD,0.5264763626901666,0.48125883380992485,0.5481005723037059,0.7165378972642368,0.8217369285305077,0.41760463046443086,0.3248988154679264,0.2547975521958282,0.2497747489389407,0.32096848390566846,0.6625329345509036,0.7806861594526071,0.2720892931275246,0.9800025102477773,0.6410118411537259,0.9815973331550208,0.23816077729465546,0.5152630271042867
model_a,scenario_a,Emissions|N2O|Energy|Supply,kt N2O/yr,model_a|Pacific OECD,0.3092296289662573,0.2598881920394037,0.05816742632002336,0.4394315665520099,0.3752440640636363,0.9304650183768209,0.04096579596484706,0.6397255842403285,0.4859385014676706,0.5538502785464662,0.4601837099060193,0.7707250144922534,0.8998015830333209,0.6193982932444639,0.14975799089808006,0.8250776218825017,0.4686780180891422,0.8401754923269728
model_a,scenario_a,Emissions|N2O|Energy|Demand|Industry,kt N2O/yr,model_a|Pacific OECD,0.21820157628192194,0.12312132403944864,0.6039974815981062,0.3765298964267524,0.46953887812258,0.21835816425630017,0.23386264471728369,0.9871606648477065,0.6691928817717895,0.4837042531661756,0.9887535129781789,0.1656163232979645,0.6214636464710489,0.3983673885350568,0.9266024761195801,0.15968019638396014,0.4347432011168426,0.4370392342635281
model_a,scenario_a,Emissions|N2O|Energy|Demand|Other Sector,kt N2O/yr,model_a|Pacific OECD,0.9126849597517459,0.7295719735105787,0.15626470130716286,0.21178660844037367,0.7006362430729075,0.37148064495275523,0.7174457930578468,0.5988907224140236,0.5583661989480899,0.8202938562218932,0.031583017805593916,0.7248256355327207,0.5785633962220468,0.09585457167290379,0.43206496975643105,0.22592714508864375,0.7226500091989618,0.6758036897637607
model_a,scenario_a,Emissions|N2O|Industrial Processes,kt N2O/yr,model_a|Pacific OECD,0.17978206649296646,0.7039799746433307,0.20844534542759818,0.1254565138960433,0.3291402143129273,0.9436467317589704,0.08288739348091112,0.33585198006889017,0.9306749279328129,0.3471178693534601,0.3442618936791392,0.37639828837563616,0.05018116404604378,0.11438582911664774,0.5783281211249277,0.21466282549487925,0.17893691022128277,0.5956864652997322
model_a,scenario_a,Emissions|N2O|Energy|Demand|Residential and Commercial and AFOFI,kt N2O/yr,model_a|Pacific OECD,0.11001936070829743,0.8716587110707952,0.34874494196228545,0.10015577503457729,0.8802022409977954,0.7083852841440956,0.172672061862428,0.5906810116533951,0.9789433435866547,0.911802118724348,0.009670492387107932,0.6239935895990537,0.14749486330937034,0.7530328136601981,0.7262521119247489,0.21690878265788094,0.4632688282221402,0.24423819569474436
model_a,scenario_a,Emissions|N2O|Product Use,kt N2O/yr,model_a|Pacific OECD,0.4145872615263274,0.7215644583864114,0.6314960139760052,0.3494776574186288,0.8408823029598989,0.07233810667830176,0.0750981148901525,0.5123593229958783,0.8500215516131554,0.8026209752678606,0.8456442843002188,0.47887107526772765,0.5842183966467113,0.5793446195422701,0.8706176420484134,0.97703970396365,0.1930602062329314,0.07963106282337662
model_a,scenario_a,Emissions|N2O|Energy|Demand|Transportation|Domestic Aviation,kt N2O/yr,model_a|Pacific OECD,0.5329430781593789,0.4908717086404625,0.25911148643830084,0.27253245629685185,0.2552594294089946,0.3216708821601889,0.023457644524313426,0.7779717218905338,0.15980204914557794,0.8911214766099226,0.8071808415083913,0.25063461700611567,0.49377889194551017,0.8296457433080482,0.4154980214744254,0.5780900672283268,0.43781363430889564,0.30878305516023663
model_a,scenario_a,Emissions|N2O|Energy|Demand|Transportation|Rail,kt N2O/yr,model_a|Pacific OECD,0.29921210231567663,0.9675452850864924,0.5754233966465727,0.5078792809215484,0.8894823438091952,0.33232772470955263,0.2780232082030146,0.9657896056775931,0.0958935183814067,0.15095625185748562,0.271082769709327,0.007079283993646657,0.7786631893268938,0.6938917435199903,0.11274381134749134,0.3211208053312292,0.826800966421457,0.2854768845842206
model_a,scenario_a,Emissions|N2O|Energy|Demand|Bunkers|International Aviation,kt N2O/yr,model_a|Pacific OECD,0.6531641875865538,0.45875349828177425,0.8993402276965042,0.4636346906620531,0.043090515778278604,0.9899106758724096,0.40299048935098514,0.4420137301192619,0.9147890215491807,0.7120629233189352,0.15648184651666897,0.13225914516457749,0.7614845223276387,0.73837154350644,0.2745949161891599,0.36704323530123784,0.466292086330924,0.7879961884145388
model_a,scenario_a,Emissions|N2O|Energy|Demand|Bunkers|International Shipping,kt N2O/yr,model_a|Pacific OECD,0.21345237542067153,0.46022479194800914,0.9464894254532494,0.47256029029347835,0.9831050625044564,0.6192935718664903,0.36305153428952286,0.45535306648870666,0.21519255842872498,0.5939386508019238,0.22802676706167269,0.8716582596003482,0.41972140377860145,0.8543151506376284,0.6434414650571136,0.8797247356597899,0.547795753153021,0.21397322974898858
model_a,scenario_a,Emissions|N2O|Waste,kt N2O/yr,model_a|Pacific OECD,0.10018238738318141,0.6993939671660971,0.019945612160998216,0.5404800816022538,0.21296646445484024,0.4186664721017853,0.9862948101411652,0.40848609318737794,0.05496912145316357,0.6104002797531796,0.40381974816771127,0.6159362333095715,0.10889715861698324,0.05565201805293718,0.2128461262935888,0.1890535865732932,0.38662550661211326,0.8160046392411178
model_a,scenario_a,Emissions|N2O|AFOLU|Agriculture,kt N2O/yr,model_a|Pacific OECD,0.6118793571399447,0.6052866355241776,0.7272196130920557,0.035952206047074164,0.6010745412629468,0.09579862241537807,0.6161295873109495,0.7550904979353867,0.40592634601304145,0.7896201476681625,0.16623054795724757,0.8755208920844538,0.011802307361117315,0.6699975956580149,0.23374236200902987,0.6820985396309199,0.4113309748066175,0.6078657421291939
model_a,scenario_a,Emissions|N2O|AFOLU|Agricultural Waste Burning,kt N2O/yr,model_a|Pacific OECD,0.8363992444777641,0.8885948031943858,0.671925826188359,0.8083394236492291,0.6297408351624392,0.12869745843262703,0.04026972890686076,0.4735277033475729,0.7415659583745787,0.39551961396410606,0.14412405969460695,0.3606282008354553,0.5545112257147696,0.08061797590827124,0.3079365946276844,0.42422739958444755,0.5067973619853697,0.9999682624270646
model_a,scenario_a,Emissions|N2O|AFOLU|Land|Fires|Forest Burning,kt N2O/yr,model_a|Pacific OECD,0.8773582864660657,0.3231598545510619,0.48770225442235726,0.4218922640861571,0.2845221757178238,0.442548505292941,0.3423651828365091,0.5442356103824973,0.34198924365571504,0.04189695676832694,0.6442101738483476,0.6446877237049639,0.3053589185267477,0.044736398373956265,0.8952403787214868,0.5933087296369512,0.6250229199089263,0.6996722321197383
model_a,scenario_a,Emissions|N2O|AFOLU|Land|Fires|Grassland Burning,kt N2O/yr,model_a|Pacific OECD,0.7962992940704219,0.45558181528229624,0.3601654692924886,0.5022310555854731,0.8753511179868828,0.92977505545812,0.10094533011222062,0.5828046430126775,0.4878568072358843,0.988522007164775,0.7282026374798346,0.0032476144066754253,0.1605065211802572,0.02346345785116677,0.8734105190617355,0.17852147752059044,0.17595219213721414,0.0800299457209055
model_a,scenario_a,Emissions|N2O|AFOLU|Land|Fires|Peat Burning,kt N2O/yr,model_a|Pacific OECD,0.9542852052988896,0.40666988604975485,0.7304431736928715,0.11686666421985181,0.6758392565381144,0.44558818547641554,0.5422008350734354,0.7216382420987147,0.1374590802079182,0.3308175102007689,0.17638041563968854,0.577339982450525,0.008575363030361216,0.7511229015889465,0.027466437727198367,0.3230248480532917,0.5954764136398643,0.8817035721488947
model_a,scenario_a,Emissions|N2O|AFOLU|Land|Land Use and Land-Use Change,kt N2O/yr,model_a|Pacific OECD,0.5759118133804054,0.46813090018480596,0.9377358316454527,0.9448993205762172,0.3633679076640556,0.7669160878188632,0.8434937770318693,0.9330731861551571,0.5516835132648592,0.7508209002147765,0.6757110386183794,0.612169054559207,0.37827465352288026,0.7244338898812275,0.927052705631738,0.9654349198168518,0.028301945644131132,0.5434680640697651
model_a,scenario_a,Emissions|N2O|AFOLU|Land|Harvested Wood Products,kt N2O/yr,model_a|Pacific OECD,0.8061759928816169,0.2602923352328128,0.31538659177534023,0.7003245108485722,0.849671961027318,0.2697881966794363,0.09019103493747838,0.6260888393023641,0.3305745436429389,0.44028439029254784,0.7490835395166765,0.7737778440069769,0.15265960824593483,0.6585893631362741,0.05630456205996692,0.1038763085761144,0.34330072421115243,0.700889727945508
model_a,scenario_a,Emissions|N2O|AFOLU|Land|Other,kt N2O/yr,model_a|Pacific OECD,0.5589388819265052,0.7130669423529966,0.7799291080697067,0.5158315803628085,0.6560591107602379,0.7261440023669055,0.694875009827725,0.17373190172696729,0.3956200399141717,0.7679130483573267,0.9732582994536044,0.6852169473957195,0.8870728880395663,0.29923820506596077,0.24532528956553568,0.1800876612175184,0.40866733232725083,0.2085548946448319
model_a,scenario_a,Emissions|N2O|AFOLU|Land|Wetlands,kt N2O/yr,model_a|Pacific OECD,0.3805272775397278,0.7478145831512371,0.41455861743845424,0.4257439029923422,0.8087837207334487,0.9979544599387452,0.5411728689470159,0.9386128860876667,0.47473391155095634,0.22842952004349215,0.972439156282507,0.9539921789415835,0.5871580730393525,0.3617869577727082,0.6283843048235409,0.009444110789587734,0.6752826686515877,0.07727824527274962
model_a,scenario_a,Emissions|N2O|Energy|Demand|Transportation,kt N2O/yr,model_a|Pacific OECD,0.8321551804750555,1.4584169937269549,0.8345348830848736,0.7804117372184003,1.1447417732181897,0.6539986068697415,0.30148085272732805,1.743761327568127,0.25569556752698464,1.042077728467408,1.0782636112177184,0.2577139009997623,1.272442081272404,1.5235374868280385,0.5282418328219167,0.899210872559556,1.2646146007303525,0.5942599397444572
model_a,scenario_a,Emissions|N2O|AFOLU|Land|Fires,kt N2O/yr,model_a|Pacific OECD,2.627942785835377,1.185411555883113,1.5783108974077174,1.040989983891482,1.8357125502428209,1.8179117462274763,0.9855113480221651,1.8486784954938895,0.9673051310995175,1.3612364741338707,1.5487932269678706,1.2252753205621643,0.4744408027373661,0.8193227578140695,1.7961173355104205,1.0948550552108334,1.3964515256860048,1.6614057499895385
model_a,scenario_a,Emissions|N2O|Energy|Demand|Bunkers,kt N2O/yr,model_a|Pacific OECD,0.8666165630072253,0.9189782902297834,1.8458296531497536,0.9361949809555314,1.026195578282735,1.6092042477388997,0.766042023640508,0.8973667966079686,1.1299815799779056,1.306001574120859,0.38450861357834165,1.0039174047649255,1.1812059261062402,1.5926866941440685,0.9180363812462735,1.2467679709610278,1.014087839483945,1.0019694181635272
model_a,scenario_a,Emissions|N2O|AFOLU|Land,kt N2O/yr,model_a|Pacific OECD,4.949496751563633,3.3747163168049656,4.025921046336671,3.6277892986714217,4.513595250427882,4.578714493031427,3.1552440387662535,4.520185308766045,2.719917139472444,3.5486843330420137,4.919285260839038,4.2504313454656515,2.4796060255851,2.8633711736702403,3.653184197591202,2.3536980556109057,2.852004196520127,3.191596681922393
model_a,scenario_a,Emissions|N2O|Energy|Demand,kt N2O/yr,model_a|Pacific OECD,2.939677640224246,4.101747292577561,3.789371661102182,2.405078998075635,4.221314713694207,3.561426947961792,2.1915033760053944,4.817860523091221,3.5921795718114247,4.563879530700683,2.492779247966941,2.776066854194427,3.80116991338111,4.363478954840266,3.5311977718689507,2.7484949676510686,3.899364478752242,2.9533104776300174
model_a,scenario_a,Emissions|N2O|Energy,kt N2O/yr,model_a|Pacific OECD,3.2489072691905037,4.361635484616965,3.8475390874222053,2.8445105646276447,4.596558777757844,4.491891966338613,2.2324691719702416,5.457586107331549,4.078118073279096,5.11772980924715,2.95296295787296,3.54679186868668,4.700971496414431,4.98287724808473,3.680955762767031,3.5735725895335704,4.368042496841384,3.7934859699569903
model_a,scenario_a,Emissions|N2O|AFOLU,kt N2O/yr,model_a|Pacific OECD,6.397775353181341,4.868597755523529,5.425066485617085,4.472080928367725,5.744410626853267,4.803210573879432,3.8116433549840636,5.7488035100490045,3.867409443860064,4.733824094674282,5.229639868490892,5.486580438385561,3.045919558660987,3.6139867452365264,4.1948631542279164,3.4600239948262734,3.770132533312114,4.799430686478651
model_a,scenario_a,Emissions|NH3|Other,Mt NH3/yr,model_a|China,0.6601046927447592,0.8802511665360622,0.9116986124663732,0.9572088234190237,0.1388282152734439,0.1540769343202092,0.4807225024926759,0.953067778793186,0.9342841482208363,0.5022401600425114,0.2888529835022112,0.24657526393132445,0.1496964713494331,0.5363058346781913,0.7843555778798733,0.9489865571429617,0.4861510680933927,0.3644098931007246
model_a,scenario_a,Emissions|NH3|Energy|Supply,Mt NH3/yr,model_a|China,0.10264674550976682,0.7843847418088331,0.937314477460006,0.8360544857835605,0.2227713685083469,0.13866358449702032,0.6310951407597541,0.24096752594930804,0.048291023861082416,0.00128618475329767,0.2357833581054053,0.7755252967326627,0.8210695067887519,0.8008380470730778,0.7065025476154609,0.072922238964516,0.4068860104765356,0.39576105341006085
model_a,scenario_a,Emissions|NH3|Energy|Demand|Industry,Mt NH3/yr,model_a|China,0.5382061905227243,0.15431772544781452,0.6182933727074855,0.14687148685550133,0.9791260423652264,0.7229726226350626,0.4019791656247803,0.9423246558300457,0.39436741207757775,0.9694162299955977,0.39985113956542584,0.5844705703289936,0.8850506682386791,0.7738452120841364,0.720211309039575,0.7233117052221796,0.7879201601287219,0.9896730353956371
model_a,scenario_a,Emissions|NH3|Energy|Demand|Other Sector,Mt NH3/yr,model_a|China,0.31237163225778486,0.9174494860440107,0.22185334059534678,0.9570874125631139,0.003993098671926099,0.3539289430692979,0.8506071376326981,0.9498522398823526,0.4774594200506225,0.04629422872862421,0.5525674198707836,0.8110311769994619,0.9811887569232353,0.48987661634451374,0.39989309054050703,0.5754310082204135,0.8391604917088876,0.1147937547932747
model_a,scenario_a,Emissions|NH3|Industrial Processes,Mt NH3/yr,model_a|China,0.5791068610105007,0.9698633796190952,0.3707390126093919,0.01833701678558053,0.8900555234880214,0.7775921773231305,0.7229059252597264,0.991721903647974,0.9574306146145606,0.38407502612228694,0.6164851931828944,0.967911848479937,0.2792157540057749,0.03288779511977302,0.049994494541127366,0.9204952668944909,0.060362355880378304,0.3140098835710472
model_a,scenario_a,Emissions|NH3|Energy|Demand|Residential and Commercial and AFOFI,Mt NH3/yr,model_a|China,0.6034323188506948,0.9702459581722016,0.04299380140145781,0.9525443745925747,0.2598824282472263,0.6177162660487692,0.613214865554612,0.9274084711625515,0.6923415593267911,0.3996490064109325,0.406877700467717,0.6791529824350393,0.47169886510690995,0.7398489078191046,0.603814100505868,0.26903859384135465,0.45351344129939963,0.4988691805745321
model_a,scenario_a,Emissions|NH3|Product Use,Mt NH3/yr,model_a|China,0.9207095433221272,0.6313766055337053,0.5341373931326052,0.22133716577538132,0.26104999416897967,0.29493914991184855,0.9295465593192743,0.3466752748734685,0.3493734293970835,0.15018811802628373,0.966193747997779,0.8464053942075052,0.9939878000756383,0.9625262781851106,0.6557896258249005,0.8066858579256617,0.9345210461703025,0.2791985681323197
model_a,scenario_a,Emissions|NH3|Energy|Demand|Transportation|Domestic Aviation,Mt NH3/yr,model_a|China,0.9804639102726375,0.6115816997943216,0.8720256278933193,0.7396093543156511,0.24797650949957717,0.42102045400927546,0.578300466819025,0.08942403681837563,0.0665358132303171,0.6356322146855307,0.06804867272342885,0.7588764329151257,0.07387442454414062,0.8786449088583197,0.3073059480694831,0.903800456141355,0.17182028584668219,0.4180061334171957
model_a,scenario_a,Emissions|NH3|Energy|Demand|Transportation|Rail,Mt NH3/yr,model_a|China,0.02984891012934865,0.4279064710977004,0.9826834754026118,0.924477012293404,0.19688017573204153,0.5474743609170825,0.3867668265927796,0.9690460466275318,0.681194785206286,0.539957682729852,0.39453845518151165,0.6293545088383481,0.19680646204890384,0.9022032499396093,0.7299859189413782,0.6204408965410652,0.7879663840716172,0.587979701767549
model_a,scenario_a,Emissions|NH3|Energy|Demand|Bunkers|International Aviation,Mt NH3/yr,model_a|China,0.0435174160496391,0.8548777307189885,0.29661128782035595,0.8280001345685527,0.2355082904616993,0.3038855514989178,0.6298237459047235,0.9266613566374569,0.17262464287485302,0.6494835274206612,0.9641036915794748,0.9203118485317681,0.35193544722474235,0.02942638144967258,0.02051988993220688,0.5443438057248845,0.6872521536959894,0.9612864083843867
model_a,scenario_a,Emissions|NH3|Energy|Demand|Bunkers|International Shipping,Mt NH3/yr,model_a|China,0.9848711188454686,0.7486869658657287,0.8554910900252022,0.6075226082461654,0.31364464926659996,0.1310016632568497,0.20097898066900555,0.8829395044839421,0.7591751876615072,0.30127663270753446,0.4806986744113554,0.5813541465619692,0.18067126603468242,0.40735684142622985,0.8706531809299543,0.6367888311099743,0.18613632329756713,0.1333198582395978
model_a,scenario_a,Emissions|NH3|Waste,Mt NH3/yr,model_a|China,0.9960419545824307,0.7901066622620806,0.6004342371195561,0.3400875463383869,0.07385948298578682,0.5355581589342233,0.5003624777321124,0.7724301462699869,0.40933851688801226,0.3719470651789911,0.7973641288071666,0.927647225593179,0.06813114678726129,0.09769241933767814,0.9375798264944015,0.26347660593463096,0.5130843071845077,0.056230926271278237
model_a,scenario_a,Emissions|NH3|AFOLU|Agriculture,Mt NH3/yr,model_a|China,0.48729912892352034,0.471767606212836,0.9302055472806559,0.3742896547935919,0.3068270709501806,0.5354961863978618,0.7928820829859433,0.952639557083268,0.7173133574073534,0.7322322391428583,0.7546423613363791,0.4949354694057908,0.4862902561701712,0.9985097356052075,0.23498263102194117,0.8089555046661785,0.9558270870949318,0.616940563498476
model_a,scenario_a,Emissions|NH3|AFOLU|Agricultural Waste Burning,Mt NH3/yr,model_a|China,0.01882977573674227,0.36602114103495853,0.7449168525215367,0.19615122061688373,0.5763489432448601,0.39300527929182827,0.7111561781615415,0.15234806077256358,0.8631128180653473,0.9950241266569902,0.04272228143075307,0.7726715504573957,0.7798314420690963,0.3632830952114392,0.07978055406114903,0.2888160062630707,0.8988683493816427,0.6852271566504116
model_a,scenario_a,Emissions|NH3|AFOLU|Land|Fires|Forest Burning,Mt NH3/yr,model_a|China,0.3637830193907987,0.39244650731763375,0.6817607506048857,0.7012019983352703,0.4482228866216461,0.25907866709723293,0.6489429693636298,0.5974501049875158,0.04810356928659132,0.9011006873250282,0.09854402643656857,0.10499860836661268,0.8306513789226592,0.916047544941769,0.14362562821536629,0.5975213284409863,0.5360853021197459,0.6834307330431688
model_a,scenario_a,Emissions|NH3|AFOLU|Land|Fires|Grassland Burning,Mt NH3/yr,model_a|China,0.6683567017135068,0.6552250954370481,0.6905613420387196,0.037704595366671145,0.2731098635703869,0.08607576997398525,0.9503192918327997,0.7732166723297335,0.7019183647123763,0.6018255299887202,0.33223533961493423,0.5338130117111203,0.11418864389798167,0.9106510826956417,0.9447904823503444,0.15677704228493383,0.3982906269302019,0.7721132590053241
model_a,scenario_a,Emissions|NH3|AFOLU|Land|Fires|Peat Burning,Mt NH3/yr,model_a|China,0.95821879516165,0.6415536459510875,0.7679581739426473,0.2005234845743724,0.877087629390283,0.15236205954769033,0.4567644170858516,0.15937754466246967,0.5674793730701833,0.30748928268821496,0.10363113810041835,0.1448418678164084,0.6830853351871262,0.1707203370785737,0.22768879805822673,0.8261599751738931,0.5321770248588166,0.4140655324021474
model_a,scenario_a,Emissions|NH3|AFOLU|Land|Land Use and Land-Use Change,Mt NH3/yr,model_a|China,0.11897985373590259,0.37718144406759824,0.8886389933940315,0.6229873956182335,0.9205145819856236,0.14246338613212994,0.7143620863488266,0.44516261884932784,0.585934758644317,0.86532779108731,0.12373937225254483,0.5972500476746129,0.97408947836663,0.1680144599238269,0.0495474711024827,0.992931066802826,0.5263884464236538,0.7612152365548435
model_a,scenario_a,Emissions|NH3|AFOLU|Land|Harvested Wood Products,Mt NH3/yr,model_a|China,0.30879076873755396,0.008470984755494126,0.4584485969986162,0.21311221049164064,0.4494720636271675,0.8608271313825129,0.1177376333399841,0.09586646547454969,0.016535678539725596,0.9108043699948364,0.792165429481584,0.6952592083095639,0.8136151478812866,0.9939992349851202,0.037845998938693115,0.35658383750354716,0.6004238563092748,0.7813448071457612
model_a,scenario_a,Emissions|NH3|AFOLU|Land|Other,Mt NH3/yr,model_a|China,0.8532730133226186,0.28003704242107286,0.7993688817684301,0.4756293975895868,0.8945113822092116,0.7293102849597366,0.9693195562411643,0.8500231811485145,0.9782579140023,0.5086877124410241,0.7384822344855416,0.40159172743074434,0.8344905370770314,0.7943605764704214,0.9507061859036939,0.9725000992624874,0.30674368400495977,0.5512318717104829
model_a,scenario_a,Emissions|NH3|AFOLU|Land|Wetlands,Mt NH3/yr,model_a|China,0.7786842072071203,0.1706556095542342,0.6642301831325005,0.5354549587586779,0.08960329250166876,0.6672174444056636,0.2266717395486697,0.3943415955035511,0.06922860714032364,0.8165387989516434,0.8272348396862576,0.25174643531066176,0.15967068312166588,0.0748932552880941,0.23683016695471537,0.05625637996265942,0.657901487368292,0.7605774085202784
model_a,scenario_a,Emissions|NH3|Energy|Demand|Transportation,Mt NH3/yr,model_a|China,1.0103128204019862,1.039488170892022,1.854709103295931,1.664086366609055,0.4448566852316187,0.9684948149263579,0.9650672934118046,1.0584700834459073,0.7477305984366031,1.1755898974153827,0.4625871279049405,1.388230941753474,0.27068088659304446,1.780848158797929,1.0372918670108613,1.5242413526824201,0.9597866699182994,1.0059858351847448
model_a,scenario_a,Emissions|NH3|AFOLU|Land|Fires,Mt NH3/yr,model_a|China,1.9903585162659554,1.6892252487057695,2.1402802665862524,0.9394300782763139,1.598420379582316,0.4975164966189085,2.056026678282281,1.5300443219797188,1.317501307069151,1.8104155000019633,0.5344105041519212,0.7836534878941414,1.627925358007767,1.9974189647159843,1.3161049086239374,1.5804583458998132,1.4665529539087645,1.8696095244506403
model_a,scenario_a,Emissions|NH3|Energy|Demand|Bunkers,Mt NH3/yr,model_a|China,1.0283885348951078,1.6035646965847172,1.1521023778455581,1.4355227428147181,0.5491529397282993,0.4348872147557675,0.830802726573729,1.809600861121399,0.9317998305363602,0.9507601601281956,1.4448023659908302,1.5016659950937372,0.5326067132594248,0.43678322287590243,0.8911730708621611,1.181132636834859,0.8733884769935565,1.0946062666239844
model_a,scenario_a,Emissions|NH3|AFOLU|Land,Mt NH3/yr,model_a|China,4.050086359269152,2.525570329504169,4.9509669218798305,2.7866140407344524,3.9525216999059873,2.897334743498952,4.084117693760926,3.3154381829556616,2.967458265395817,4.911774172476777,3.0160323800578492,2.7295009066197244,4.409791204454381,4.028686491383447,2.5910347315235223,3.958729729431333,3.5580104280149447,4.723978848382007
model_a,scenario_a,Emissions|NH3|Energy|Demand,Mt NH3/yr,model_a|China,3.492711496928298,4.685066037140766,3.8899519958457796,5.156112383434963,2.237011194244297,3.0979998614352553,3.661671188797624,5.687656311442256,3.243698820427954,3.541709522678733,3.266685753799697,4.964551666610706,3.1412258901212935,4.221202117921586,3.652383437958972,4.273155296801226,3.913769240048865,3.703928072572173
model_a,scenario_a,Emissions|NH3|Energy,Mt NH3/yr,model_a|China,3.595358242438065,5.469450778949599,4.8272664733057855,5.992166869218524,2.4597825627526437,3.2366634459322756,4.292766329557378,5.928623837391564,3.2919898442890365,3.5429957074320306,3.5024691119051026,5.740076963343369,3.9622953969100454,5.022040164994664,4.3588859855744335,4.346077535765742,4.320655250525401,4.099689125982234
model_a,scenario_a,Emissions|NH3|AFOLU,Mt NH3/yr,model_a|China,4.556215263929414,3.3633590767519634,6.626089321682024,3.357054916144928,4.835697714101028,3.825836209188642,5.5881559549084105,4.420425800811493,4.5478844408685175,6.639030538276626,3.813397022824981,3.997107926482911,5.675912902693648,5.390479322200094,2.9057979166066126,5.056501240360582,5.412705864491519,6.026146568530894
model_a,scenario_a,Emissions|NH3|Other,Mt NH3/yr,model_a|Pacific OECD,0.37868098966124497,0.11050707712205798,0.5843817962669885,0.8455859464551922,0.1651175121026921,0.3859911112729789,0.21594052773097983,0.08886060768103998,0.3680476434148473,0.6275569840760018,0.2665546770106979,0.4091664207636937,0.7151934279091563,0.31529316922701456,0.4458359461641803,0.9611532585132516,0.7790768333931392,0.4361969636502555
model_a,scenario_a,Emissions|NH3|Energy|Supply,Mt NH3/yr,model_a|Pacific OECD,0.8069341479367016,0.17005491327892996,0.3598914989422417,0.8563898434494349,0.42548344760983203,0.8796676774250416,0.5955638303238237,0.7786068190181605,0.944248883596331,0.8540327765080817,0.4273085420665348,0.5602530671781946,0.4786650922607938,0.7721343445068827,0.9527813304374787,0.11803917816026499,0.203071691964825,0.34417390616496113
model_a,scenario_a,Emissions|NH3|Energy|Demand|Industry,Mt NH3/yr,model_a|Pacific OECD,0.5596041202048552,0.9751326167606127,0.6206321032540336,0.5621098529580055,0.325172916807437,0.6247087550455537,0.8627477972666334,0.516944873638527,0.11223860842645594,0.5066393980486049,0.7171305877815245,0.6296081358564921,0.6957572509213525,0.8306674787603243,0.8698108432336393,0.5227489659634565,0.924396248869417,0.7822906384349247
model_a,scenario_a,Emissions|NH3|Energy|Demand|Other Sector,Mt NH3/yr,model_a|Pacific OECD,0.17645995944616077,0.9587938565908355,0.7458420647730668,0.30113563992285497,0.051070303439055054,0.8536811479486698,0.8662116074321444,0.5336635171179747,0.4613924303700502,0.6529051408332616,0.9146501115793834,0.7036638940239341,0.68794743821295,0.42989219334356044,0.9772135462287475,0.9799410078468764,0.39814547812823653,0.5347232235726179
model_a,scenario_a,Emissions|NH3|Industrial Processes,Mt NH3/yr,model_a|Pacific OECD,0.11706595990353796,0.5490571326726779,0.07223112558736045,0.9641671117255606,0.3103229047441134,0.962789472331157,0.5540451550560825,0.30940866570917147,0.5925286101044818,0.6268828748049442,0.8332538466868881,0.17037329658496625,0.33763866250010766,0.9037783625678982,0.4627004247943566,0.21663128772656326,0.37196691064797727,0.03163334227883441
model_a,scenario_a,Emissions|NH3|Energy|Demand|Residential and Commercial and AFOFI,Mt NH3/yr,model_a|Pacific OECD,0.6891852507018521,0.7049877107690555,0.30501220076639013,0.30457265361624486,0.5285228275783309,0.8610183284189303,0.7641114728790264,0.13810997417853133,0.36707003971037677,0.6307692355563513,0.4576751318488472,0.39763845138810716,0.05677965451137135,0.6743957175129354,0.788364368988811,0.5586428656940607,0.2825328153289749,0.14049438852912433
model_a,scenario_a,Emissions|NH3|Product Use,Mt NH3/yr,model_a|Pacific OECD,0.9528966288910886,0.08402938473132304,0.0230439298981312,0.5309435811452399,0.45167589025387733,0.8473550706464863,0.3905403959635816,0.5813892174513016,0.5367741149584081,0.9956999000287482,0.4240335787576932,0.3989256513406426,0.5742056107965745,0.7208212405367255,0.9665735526691219,0.05449968212469436,0.24403203097550585,0.7218094393810816
model_a,scenario_a,Emissions|NH3|Energy|Demand|Transportation|Domestic Aviation,Mt NH3/yr,model_a|Pacific OECD,0.39676776959268145,0.22330578527345013,0.3991563382465002,0.8584573899385513,0.8200342014752844,0.6712608910764972,0.5663361557763218,0.37271826228841487,0.4368257080592185,0.13344595060425823,0.5086344183731696,0.2658849168829579,0.5997693382373831,0.6022946048219482,0.001992406127493962,0.5986841054085563,0.6098060651840693,0.8006057338954309
model_a,scenario_a,Emissions|NH3|Energy|Demand|Transportation|Rail,Mt NH3/yr,model_a|Pacific OECD,0.15684797321255373,0.9355599288428791,0.8977543109617016,0.25680276753721776,0.12243129485891757,0.8010226912456582,0.5358507169048631,0.37177998067920437,0.11871581509245799,0.9135260385509798,0.22635039933681222,0.5013565673841062,0.22412589372337788,0.3518720966677823,0.493340227246287,0.841176759251718,0.07680494405555549,0.32275143919652005
model_a,scenario_a,Emissions|NH3|Energy|Demand|Bunkers|International Aviation,Mt NH3/yr,model_a|Pacific OECD,0.5915144285708057,0.7649351160346767,0.8159569770827779,0.36242110368039104,0.35090872218293456,0.6805195554871472,0.7949185976813861,0.5453801405819048,0.3930217768310347,0.1432692930772721,0.41318493496369835,0.8542350723445341,0.5012813937983119,0.9191860932880765,0.21175086283833755,0.5142957969520339,0.06782079034804445,0.9750161149641013
model_a,scenario_a,Emissions|NH3|Energy|Demand|Bunkers|International Shipping,Mt NH3/yr,model_a|Pacific OECD,0.9942771127051289,0.025328231176950045,0.4974087494996594,0.874298836547532,0.7541696559889184,0.7821393428935948,0.38381422521117403,0.9052157753035752,0.11440890619239064,0.9176020309094005,0.45823925210959815,0.7596992211769181,0.29405456544663633,0.38130268359437824,0.6840806898738981,0.5229671583700433,0.9633327775162179,0.6065380206776516
model_a,scenario_a,Emissions|NH3|Waste,Mt NH3/yr,model_a|Pacific OECD,0.5495909429607786,0.3042528747897453,0.7756931519124637,0.8604422810042243,0.3534692752451384,0.4814184806452214,0.5949216000335656,0.5269975403619329,0.24683544384669232,0.5531528453195619,0.2194903735893713,0.7862135517847558,0.7615466014297337,0.953495875065875,0.3793350716980203,0.6893117749636465,0.2449424130127249,0.43977862435120507
model_a,scenario_a,Emissions|NH3|AFOLU|Agriculture,Mt NH3/yr,model_a|Pacific OECD,0.2692660234474411,0.4094848246199472,0.930057811577309,0.15827630275852467,0.18993740141357607,0.5266759948141712,0.5360692286724409,0.5910202374716447,0.3168424062686819,0.2716004499986394,0.7240603569172022,0.6716735003389998,0.9834370659008098,0.5723255892000833,0.4861493857300949,0.10797835446710657,0.007894359811847385,0.1976667332407127
model_a,scenario_a,Emissions|NH3|AFOLU|Agricultural Waste Burning,Mt NH3/yr,model_a|Pacific OECD,0.1113106167528124,0.9120372571186339,0.7179590913025917,0.40033514468805054,0.8477378855039654,0.29302848092655265,0.34016702484113814,0.18538081239492443,0.12782589844619752,0.17419094082640985,0.4050669200542748,0.7347573702941491,0.3939145601360914,0.010783964010637415,0.9973944522048134,0.1399274834388453,0.12074706370624266,0.6997436364441693
model_a,scenario_a,Emissions|NH3|AFOLU|Land|Fires|Forest Burning,Mt NH3/yr,model_a|Pacific OECD,0.9294796419875047,0.5756525364499105,0.9302344388877909,0.040374012660486125,0.4126722662020531,0.8417663083419804,0.8115897272766048,0.3547042054746743,0.9137310622848661,0.9643573761362789,0.5355716787703779,0.6850084742151623,0.4859229053863118,0.13008489404448143,0.04125314557286741,0.7163384287487711,0.34212523650473714,0.7881249539762754
model_a,scenario_a,Emissions|NH3|AFOLU|Land|Fires|Grassland Burning,Mt NH3/yr,model_a|Pacific OECD,0.5983904846769401,0.7485885199447967,0.04266139784336509,0.06623927013854958,0.09247610391660643,0.8476868594701189,0.5630945336062144,0.4543200330551056,0.38410694192696604,0.06597750421818194,0.7968062390342948,0.7445650811510399,0.7808800017013338,0.8718945048299978,0.37941726014892974,0.286225133943544,0.6488645430423463,0.46458549745667044
model_a,scenario_a,Emissions|NH3|AFOLU|Land|Fires|Peat Burning,Mt NH3/yr,model_a|Pacific OECD,0.8630565904582426,0.03781993917140014,0.3608060892843227,0.9773637506047772,0.8647856718402537,0.7493182469292177,0.635116881728686,0.8613252357186075,0.23866659500351772,0.8411131732656237,0.851295135626129,0.5814690154040865,0.3825098035093968,0.03368132216495712,0.7990664982726641,0.6141492429076899,0.1120510811185581,0.9259498499816082
model_a,scenario_a,Emissions|NH3|AFOLU|Land|Land Use and Land-Use Change,Mt NH3/yr,model_a|Pacific OECD,0.07048362434731648,0.08029434982280781,0.4026163128009136,0.7789999641956877,0.5981323241455072,0.41734084358602574,0.1336238927412997,0.5173160757119138,0.6834420427449106,0.22559622656458878,0.016458500261422593,0.3907776146033124,0.2079854979583443,0.1744728932636196,0.5140498351198511,0.4155945087477064,0.8141024570165952,0.18430860094356605
model_a,scenario_a,Emissions|NH3|AFOLU|Land|Harvested Wood Products,Mt NH3/yr,model_a|Pacific OECD,0.8071801044310614,0.7772984577051176,0.8921852490656318,0.41017289109940425,0.35610858182100513,0.9673738189996788,0.0901707765466353,0.5824330352574547,0.8187509057240293,0.29267417647027305,0.11684848310135443,0.11561021105729885,0.38166836769622314,0.37221771413489535,0.06178444489880952,0.6022822736631059,0.42542525445769064,0.6393838801068061
model_a,scenario_a,Emissions|NH3|AFOLU|Land|Other,Mt NH3/yr,model_a|Pacific OECD,0.07720363624661863,0.41216472169678686,0.024890594826875723,0.8443786651631879,0.6284394401543403,0.18362341909480728,0.8936656223338455,0.56954978854763,0.46149978329419217,0.7212118479692624,0.1773881639253576,0.41911110511793337,0.20344730107079279,0.742776029407481,0.09042059663153534,0.9100331362959492,0.37081240463900467,0.6415913853294698
model_a,scenario_a,Emissions|NH3|AFOLU|Land|Wetlands,Mt NH3/yr,model_a|Pacific OECD,0.7475716757812305,0.4455797156565481,0.5880862243297673,0.4956565698621421,0.43227897535181237,0.16009774302946223,0.5181531398982961,0.8096991917679783,0.7279258866383661,0.6226648310695764,0.040673078962207065,0.9556610364444907,0.6802645608097186,0.9195181248922168,0.17856741895518258,0.6387171767277605,0.3073498307866904,0.6255631925559672
model_a,scenario_a,Emissions|NH3|Energy|Demand|Transportation,Mt NH3/yr,model_a|Pacific OECD,0.5536157428052352,1.1588657141163292,1.2969106492082019,1.115260157475769,0.942465496334202,1.4722835823221554,1.1021868726811848,0.7444982429676192,0.5555415231516765,1.046971989155238,0.7349848177099818,0.7672414842670641,0.823895231960761,0.9541667014897305,0.495332633373781,1.4398608646602744,0.6866110092396248,1.123357173091951
model_a,scenario_a,Emissions|NH3|AFOLU|Land|Fires,Mt NH3/yr,model_a|Pacific OECD,2.3909267171226873,1.3620609955661074,1.3337019260154785,1.083977033403813,1.3699340419589132,2.438771414741317,2.009801142611505,1.6703494742483875,1.53650459921535,1.8714480536200844,2.1836730534308018,2.0110425707702886,1.6493127105970424,1.0356607210394362,1.2197369039944612,1.616712805600005,1.1030408606656414,2.178660301414554
model_a,scenario_a,Emissions|NH3|Energy|Demand|Bunkers,Mt NH3/yr,model_a|Pacific OECD,1.5857915412759347,0.7902633472116267,1.3133657265824374,1.236719940227923,1.105078378171853,1.462658898380742,1.17873282289256,1.45059591588548,0.5074306830234253,1.0608713239866727,0.8714241870732965,1.6139342935214522,0.7953359592449483,1.300488776882455,0.8958315527122357,1.0372629553220771,1.0311535678642625,1.581554135641753
model_a,scenario_a,Emissions|NH3|AFOLU|Land,Mt NH3/yr,model_a|Pacific OECD,4.093365757928915,3.077398240447368,3.241480307038667,3.6131851237242354,3.384893363431578,4.167207239451291,3.645414574131582,4.149347565533365,4.228123217616848,3.7335951356937853,2.5350412796811437,3.892202537993324,3.1226784381321213,3.244645482737649,2.06455919959984,4.183339901034527,3.0207308075656227,4.269507360350364
model_a,scenario_a,Emissions|NH3|Energy|Demand,Mt NH3/yr,model_a|Pacific OECD,3.564656614434038,4.58804324544846,4.28176274458413,3.519798244200797,2.952309922330878,5.2743507121160516,4.773990573151549,3.3838125237881322,2.0036732846819847,3.8981570875801284,3.6958648359930337,4.112086259057049,3.0597155348513834,4.189610867989005,4.026552944537214,4.538456659486745,3.3228391194305154,4.16241955927037
model_a,scenario_a,Emissions|NH3|Energy,Mt NH3/yr,model_a|Pacific OECD,4.37159076237074,4.75809815872739,4.6416542435263715,4.376188087650232,3.37779336994071,6.154018389541093,5.369554403475372,4.1624193428062926,2.947922168278316,4.75218986408821,4.123173378059569,4.672339326235244,3.5383806271121774,4.961745212495888,4.979334274974693,4.65649583764701,3.5259108113953403,4.506593465435332
model_a,scenario_a,Emissions|NH3|AFOLU,Mt NH3/yr,model_a|Pacific OECD,4.473942398129168,4.398920322185949,4.889497209918568,4.171796571170811,4.4225686503491195,4.986911715192015,4.521650827645161,4.925748615399934,4.672791522331727,4.179386526518835,3.6641685566526205,5.298633408626473,4.500030064169023,3.82775503594837,3.548103037534748,4.431245738940479,3.1493722310837127,5.166917730035245
model_a,scenario_a,Emissions|NOx|Other,Mt NO2/yr,model_a|China,0.7117665539908989,0.49684203059011034,0.2512869280569393,0.927949621452823,0.14403744095086668,0.6662050345107299,0.9506663218904895,0.04981121420818024,0.41894509795085555,0.9112574302197801,0.3278493225603003,0.985060538498769,0.4436271228372234,0.7240776773976711,0.9893163573660922,0.708712282179987,0.7162830257102065,0.6792854377501114
model_a,scenario_a,Emissions|NOx|Energy|Supply,Mt NO2/yr,model_a|China,0.5566342774546312,0.7214780229063606,0.599428759962132,0.6364779476051674,0.006607185827335993,0.38552761342937436,0.6096390845121841,0.4216076231026318,0.6858683068342756,0.9453929984500419,0.07104399034589226,0.021966830121353143,0.7552709177213882,0.2663886070467322,0.9191097903303689,0.3146397036412606,0.7690988415075081,0.16332416948308903
model_a,scenario_a,Emissions|NOx|Energy|Demand|Industry,Mt NO2/yr,model_a|China,0.5089147538199887,0.270717417933111,0.3072528168643679,0.8550764279727375,0.005278610025759689,0.553353014043978,0.8235551379322782,0.7779861522879679,0.5165015358389511,0.9718813352258642,0.6523230524630532,0.166463397799975,0.4451415100073002,0.9178490215014335,0.4603833109250115,0.5037119509116567,0.5871825145177696,0.0024578924775332522
model_a,scenario_a,Emissions|NOx|Energy|Demand|Other Sector,Mt NO2/yr,model_a|China,0.3237690123655891,0.17943429040906722,0.07610894273623381,0.7254127660813556,0.1523866677124751,0.8840732520125325,0.5214228399006906,0.04663078700128975,0.7284499288360173,0.2308745000468747,0.42891837991132264,0.9633647572175883,0.7095764748123868,0.83486554526315,0.38662086454592015,0.503074147302249,0.9546541403854837,0.7164081041614985
model_a,scenario_a,Emissions|NOx|Industrial Processes,Mt NO2/yr,model_a|China,0.4131997560862427,0.18881966937705852,0.8255863668267303,0.826564220395447,0.34937151319077164,0.9462598465290769,0.66509055767205,0.9862410272122544,0.2949613397879258,0.7591054265555576,0.940793452951153,0.021700461213660982,0.780662510964036,0.4456425719138578,0.8229850166553558,0.6777100710240963,0.358906441237705,0.8584612169840105
model_a,scenario_a,Emissions|NOx|Energy|Demand|Residential and Commercial and AFOFI,Mt NO2/yr,model_a|China,0.7288204186793809,0.3937539041496393,0.5820942196453003,0.5173184140070546,0.0928578127600369,0.0172362710151982,0.37407720490659324,0.9403175060908607,0.40179385966218417,0.5741836222431972,0.37345696000210105,0.2196649538168558,0.8070720153177376,0.5380539484327197,0.037218878525534516,0.5617790527929829,0.04922774874389402,0.6643284172520874
model_a,scenario_a,Emissions|NOx|Product Use,Mt NO2/yr,model_a|China,0.5529143292676116,0.4225251910558595,0.13918562644754207,0.12702607223140117,0.8649242710668625,0.6318655372133588,0.6136987797660132,0.4000711799975806,0.5686183020118,0.17037597731811283,0.1706872484508073,0.5775146517314483,0.8894596752249169,0.8763581771134004,0.12711598618163777,0.1558587968726236,0.5919557463995513,0.9072143899872455
model_a,scenario_a,Emissions|NOx|Energy|Demand|Transportation|Domestic Aviation,Mt NO2/yr,model_a|China,0.547884465788958,0.2003977150679822,0.9201804453770939,0.23638150935030156,0.3878802008071094,0.9865623871365893,0.17731351844378485,0.1468466512090424,0.7937242787256131,0.34224495028131474,0.9267722966510326,0.3389741852745739,0.5203679910819834,0.44745565235610574,0.14948926901238047,0.4421977882592846,0.8268372035015056,0.7056461163834408
model_a,scenario_a,Emissions|NOx|Energy|Demand|Transportation|Rail,Mt NO2/yr,model_a|China,0.026293826095290185,0.5777005044619851,0.22590559233557417,0.6268559182166443,0.9636624464031511,0.14649140250983472,0.03608343489384358,0.1714699621005663,0.7136676843768979,0.08673833434049139,0.14934491290893304,0.717154373101459,0.31051105654120603,0.8718154271069531,0.367309600319224,0.5408879860778446,0.4222398965845491,0.7394903476871859
model_a,scenario_a,Emissions|NOx|Energy|Demand|Bunkers|International Aviation,Mt NO2/yr,model_a|China,0.6222533108990992,0.05863219368369399,0.20941806139733077,0.9643935099236536,0.9330704946934117,0.42646103536876623,0.08153627799783303,0.9403999783354888,0.8773693140397468,0.0022222124151820566,0.9917684761509459,0.6301499868574693,0.821104892482406,0.23772666726532665,0.4010295770148603,0.8617088950475239,0.5893573106261745,0.4520999738282768
model_a,scenario_a,Emissions|NOx|Energy|Demand|Bunkers|International Shipping,Mt NO2/yr,model_a|China,0.17719538645542343,0.81564982140042,0.29610858414379404,0.5535410813845846,0.18013197788961666,0.2311561586082761,0.8872899350217944,0.6155482509343305,0.3055778434543477,0.5460033363389413,0.4584385116054134,0.16321799868013853,0.5733784126075858,0.9589756315743816,0.11097765275932159,0.12379152475363364,0.18450798118513,0.15341291318941486
model_a,scenario_a,Emissions|NOx|Waste,Mt NO2/yr,model_a|China,0.0600850873088159,0.21395632726645297,0.3904218945173277,0.9154731031424841,0.90572083440489,0.5528428543034271,0.2073136723758694,0.6747398130626016,0.632576948484529,0.03323129284171289,0.5936153394673166,0.10434852505435399,0.4133437874158108,0.8186377156589725,0.47542236667382287,0.14327678635971852,0.07523760170969096,0.28262961163385625
model_a,scenario_a,Emissions|NOx|AFOLU|Agriculture,Mt NO2/yr,model_a|China,0.47449894865812925,0.08330181100577261,0.6965174451523976,0.4520963889406747,0.02340643979548851,0.38925207076063306,0.9085364553175018,0.15624247981957406,0.8990316371878284,0.6537565352238254,0.5159517751541037,0.6329608535314053,0.7859580730653258,0.44077845805409943,0.19737249819071823,0.788753594693858,0.6500854081445517,0.8160517424532908
model_a,scenario_a,Emissions|NOx|AFOLU|Agricultural Waste Burning,Mt NO2/yr,model_a|China,0.31068349659965977,0.08079514974916091,0.16064982695997476,0.41333747736314974,0.9829521207822224,0.549858334134318,0.7470119938390628,0.05611247411835829,0.6454265361501909,0.16794911047533856,0.9800980065114947,0.3842896095364513,0.03199242124240742,0.9767159843905397,0.40901942894748333,0.9550719317626067,0.8848629623688326,0.5105659548831629
model_a,scenario_a,Emissions|NOx|AFOLU|Land|Fires|Forest Burning,Mt NO2/yr,model_a|China,0.6045194231368035,0.8782269048338518,0.8437723755859872,0.6216290318126112,0.47122527270203274,0.05628945015697495,0.10347509641628772,0.8912524174373385,0.2745965540797971,0.031402992021459686,0.7763862336642643,0.7043878397565739,0.26172809407493347,0.8845777329449633,0.5480680122528321,0.2027637101008768,0.657942838031023,0.24391927617767517
model_a,scenario_a,Emissions|NOx|AFOLU|Land|Fires|Grassland Burning,Mt NO2/yr,model_a|China,0.530703511677418,0.20681836121358788,0.30298175426424667,0.5976127519893387,0.1170202196029293,0.1536410954320404,0.04955040077644712,0.5749834955474358,0.2890416727111943,0.43657476155091113,0.11255128336748621,0.2488915019356206,0.2885499164867431,0.4405346518710793,0.225878520380293,0.7501400547529846,0.14742514009253593,0.5874367327783245
model_a,scenario_a,Emissions|NOx|AFOLU|Land|Fires|Peat Burning,Mt NO2/yr,model_a|China,0.41459119500114516,0.2920560683733402,0.75648032364831,0.24760743787594208,0.19507863861383945,0.9413448415471428,0.8811373486235323,0.5974758108555945,0.37577175847619304,0.2702318468906849,0.3030786500941465,0.33095506402472463,0.3878305690131224,0.5346684060603464,0.16471946373169033,0.8643986405214894,0.927139892877989,0.3487009031210574
model_a,scenario_a,Emissions|NOx|AFOLU|Land|Land Use and Land-Use Change,Mt NO2/yr,model_a|China,0.9596085065002712,0.19726797468851498,0.44857165525056664,0.20388237168909717,0.37215632833323853,0.7299511987511287,0.9928371200352507,0.6202822529214977,0.5792929911636909,0.6284092632422936,0.3307079204265463,0.17181365757152578,0.6881093856441209,0.9444802391794168,0.8665470932936336,0.4598735986099044,0.3389483737379956,0.01856900251199356
model_a,scenario_a,Emissions|NOx|AFOLU|Land|Harvested Wood Products,Mt NO2/yr,model_a|China,0.021540817138267276,0.586759076070765,0.03591863981605192,0.6335225254623862,0.9820360651955912,0.8123555868796648,0.010954110883335422,0.9370453850549872,0.010850766442984772,0.2465336034225062,0.2814283954889275,0.7501051174346312,0.35221497179842165,0.16568943115019763,0.18684889046188569,0.3655585337886389,0.1739224903165687,0.20022021937883994
model_a,scenario_a,Emissions|NOx|AFOLU|Land|Other,Mt NO2/yr,model_a|China,0.40596438152816017,0.5934687941404234,0.12000047581755546,0.1234429712747277,0.268875250356565,0.8162372647412272,0.36883667582103186,0.3676154185367486,0.1198000602555287,0.7422680183924847,0.5420452964510702,0.5910858704105953,0.03242529923334092,0.04948579005814946,0.5892857313507185,0.07708349494489553,0.6451281037921259,0.9773876273776891
model_a,scenario_a,Emissions|NOx|AFOLU|Land|Wetlands,Mt NO2/yr,model_a|China,0.15518387255454358,0.7080000633289117,0.5800661195796915,0.769362592803125,0.7330767019811928,0.07724430432822571,0.45177499535096977,0.9423728994169827,0.5040178782527153,0.7131350220964027,0.1811427291746781,0.5362127232172141,0.1906177457095828,0.15115356447219774,0.6967823636012042,0.5246021061844574,0.15225661878699503,0.7127675034508894
model_a,scenario_a,Emissions|NOx|Energy|Demand|Transportation,Mt NO2/yr,model_a|China,0.5741782918842482,0.7780982195299673,1.146086037712668,0.8632374275669459,1.3515426472102605,1.1330537896464241,0.21339695333762843,0.3183166133096087,1.507391963102511,0.4289832846218061,1.0761172095599656,1.056128558376033,0.8308790476231894,1.3192710794630589,0.5167988693316045,0.9830857743371292,1.2490771000860548,1.4451364640706266
model_a,scenario_a,Emissions|NOx|AFOLU|Land|Fires,Mt NO2/yr,model_a|China,1.5498141298153667,1.3771013344207799,1.9032344534985437,1.466849221677892,0.7833241309188015,1.1512753871361583,1.034162845816267,2.0637117238403686,0.9394099852671844,0.7382096004630557,1.1920161671258969,1.2842344057169193,0.938108579574799,1.859780790876389,0.9386659963648154,1.8173024053753508,1.732507871001548,1.180056912077057
model_a,scenario_a,Emissions|NOx|Energy|Demand|Bunkers,Mt NO2/yr,model_a|China,0.7994486973545226,0.874282015084114,0.5055266455411248,1.5179345913082383,1.1132024725830285,0.6576171939770423,0.9688262130196275,1.5559482292698195,1.1829471574940946,0.5482255487541233,1.4502069877563593,0.7933679855376078,1.3944833050899919,1.1967022988397082,0.5120072297741819,0.9855004198011575,0.7738652918113045,0.6055128870176917
model_a,scenario_a,Emissions|NOx|AFOLU|Land,Mt NO2/yr,model_a|China,3.092111707536609,3.4625972426493954,3.087791343962409,3.197059682907228,3.139468476785389,3.5870637418364044,2.858565747906855,4.931027679770585,2.1533716813821044,3.068555507616743,2.527340508667119,3.333451774350886,2.2014759819602654,3.1705898157363506,3.2781300750722573,3.244420138903247,3.0427634576352336,3.089001264796469
model_a,scenario_a,Emissions|NOx|Energy|Demand,Mt NO2/yr,model_a|China,2.9351311741037294,2.4962858471058986,2.617068662499695,4.478979626936332,2.7152682102915606,3.2453335206951754,2.9012783490968177,3.6391992879595465,4.337084444933758,2.7541482908918655,3.9810225896928015,3.19898965274806,4.187152352850606,4.806741893500071,1.9130291531022525,3.5371513451451753,3.6140067955445065,3.4338437649794376
model_a,scenario_a,Emissions|NOx|Energy,Mt NO2/yr,model_a|China,3.4917654515583605,3.2177638700122593,3.216497422461827,5.1154575745415,2.7218753961188966,3.63086113412455,3.5109174336090017,4.060806911062178,5.022952751768034,3.6995412893419073,4.0520665800386935,3.220956482869413,4.942423270571994,5.073130500546803,2.8321389434326214,3.8517910487864357,4.383105637052014,3.5971679344625267
model_a,scenario_a,Emissions|NOx|AFOLU,Mt NO2/yr,model_a|China,3.877294152794398,3.626694203404329,3.944958616074781,4.0624935492110525,4.1458270373631,4.526174146731355,4.51411419706342,5.143382633708518,3.6978298547201236,3.890261153315907,4.023390290332717,4.3507022374187425,3.0194264762679985,4.58808425818099,3.884522002210459,4.988245665359711,4.577711828148618,4.415618962132923
model_a,scenario_a,Emissions|NOx|Other,Mt NO2/yr,model_a|Pacific OECD,0.5674592051234523,0.08531126210031281,0.9773266071896685,0.9421178465423008,0.6175723472873408,0.19956791561096066,0.734429233510612,0.5080581735326418,0.10367397224528574,0.2045233212744635,0.49184735914025224,0.18662776313413465,0.8062803823841383,0.18911220117177452,0.1950539078133876,0.21006712902229574,0.8850158807647875,0.06962018713566553
model_a,scenario_a,Emissions|NOx|Energy|Supply,Mt NO2/yr,model_a|Pacific OECD,0.6412856737712778,0.9291733704748772,0.3404758164711096,0.31255694450029736,0.42419702082419597,0.43947839820427903,0.3313510997852258,0.7887887742402517,0.6288800210949737,0.5217671227864802,0.797969266632853,0.6687863070169193,0.8214177461351185,0.8877342902689674,0.23812111391649382,0.16585335421756797,0.7224554324100235,0.6674867180981238
model_a,scenario_a,Emissions|NOx|Energy|Demand|Industry,Mt NO2/yr,model_a|Pacific OECD,0.6514108905864524,0.04950453834103763,0.13820823480596944,0.26680916555918477,0.12391209033333761,0.8965511885968129,0.05724663124057139,0.37012740918641374,0.3681672597334881,0.25955903589449425,0.6614452849324027,0.750213205976428,0.941117105282709,0.8630833385091885,0.4367365416222776,0.5603166796150398,0.8864796489195202,0.4140158196503442
model_a,scenario_a,Emissions|NOx|Energy|Demand|Other Sector,Mt NO2/yr,model_a|Pacific OECD,0.0012859832469672705,0.21071016889648164,0.5258828555633789,0.23620363923771714,0.15368799615394224,0.8931539438518945,0.9700892707585488,0.49066779039418984,0.8705981395964569,0.6071446016395801,0.5552650785720681,0.33632619316028345,0.9083352986570612,0.952377299451951,0.3081824987549031,0.8286227992909015,0.5514111721235234,0.8935531773381696
model_a,scenario_a,Emissions|NOx|Industrial Processes,Mt NO2/yr,model_a|Pacific OECD,0.38287279269474317,0.7343716999357818,0.47973217860119277,0.058495322156641105,0.9714490731435976,0.16149135101995593,0.9268317310377835,0.9899394469213267,0.09875270517688495,0.07382937276195167,0.9499124334401752,0.21112663483778726,0.8954319643924128,0.8006670468154987,0.6252758930779787,0.4088056504262302,0.9982910086897852,0.31364970527106717
model_a,scenario_a,Emissions|NOx|Energy|Demand|Residential and Commercial and AFOFI,Mt NO2/yr,model_a|Pacific OECD,0.2705944210094472,0.3724970589554676,0.914299993147604,0.8937168380320115,0.1536572980516162,0.8576824568303185,0.9840546552942424,0.6629367956776742,0.4670455934231983,0.7722693980800183,0.7302410363565891,0.0649030672335833,0.1713579982330431,0.9801473566650922,0.641944005542639,0.5116107446624497,0.5936058136946579,0.9920374243343265
model_a,scenario_a,Emissions|NOx|Product Use,Mt NO2/yr,model_a|Pacific OECD,0.7896452981951179,0.402581814302165,0.10888087144483927,0.9152499512766704,0.49185658062064175,0.4109040558391016,0.9877347669448278,0.10087195036537366,0.4972556425143776,0.8005145346000019,0.6424765088035173,0.3242408590553153,0.6310615627581466,0.6750440322474394,0.5539448354274842,0.1983623455150415,0.3514201950669419,0.944239085382076
model_a,scenario_a,Emissions|NOx|Energy|Demand|Transportation|Domestic Aviation,Mt NO2/yr,model_a|Pacific OECD,0.4950513783321816,0.14568656685215653,0.0897749515586288,0.989732630479412,0.7350491641930029,0.604927399119034,0.8259203778044322,0.9928870340371847,0.6035140069380619,0.9898844750068738,0.21591900944647424,0.17856044001965132,0.12480198204792636,0.47026091729146335,0.9103380414895423,0.6676106791248302,0.24161917002979783,0.9707067515556477
model_a,scenario_a,Emissions|NOx|Energy|Demand|Transportation|Rail,Mt NO2/yr,model_a|Pacific OECD,0.05547717810410335,0.7316386443376814,0.7886549098767406,0.5778917499201679,0.9158983698321423,0.07832136879125084,0.7182210060476415,0.2259712629072581,0.7147902913518721,0.9746324264048125,0.21737272537124352,0.6597046626838184,0.5631776492987293,0.4336715815131531,0.8108328731758493,0.786845132360074,0.9441306884554052,0.7765676297572326
model_a,scenario_a,Emissions|NOx|Energy|Demand|Bunkers|International Aviation,Mt NO2/yr,model_a|Pacific OECD,0.5144115594405634,0.1970883033082299,0.046792387240220945,0.7832282207442077,0.9029771837008322,0.38884571117251776,0.37226070638955244,0.5092856575483031,0.8853124889879507,0.46100465575956395,0.5978904713841201,0.9459637231425353,0.07711625468787286,0.6829832254958393,0.5421215490178448,0.4302425751707758,0.11209832912569928,0.11411710795342966
model_a,scenario_a,Emissions|NOx|Energy|Demand|Bunkers|International Shipping,Mt NO2/yr,model_a|Pacific OECD,0.32170487024325733,0.5131995267742621,0.9980941882791046,0.409170143285698,0.5161382398641674,0.8940527376138273,0.03569613640630842,0.6002484821780223,0.5310832947431434,0.40086340575293533,0.9654330094106667,0.5896274151349157,0.023359303513195484,0.19669455899038513,0.5971091638802923,0.46514103509369165,0.8989098873363347,0.09943183232196184
model_a,scenario_a,Emissions|NOx|Waste,Mt NO2/yr,model_a|Pacific OECD,0.42377580660935477,0.9970827727099912,0.8543740024306224,0.3268529797544034,0.2706638377638776,0.63895987560014,0.5453035384786681,0.9834242624134194,0.110544047793112,0.5963557478161459,0.6689338423785782,0.4162122386290973,0.5509218767147913,0.10167787956292251,0.27978544887041945,0.3729681879875303,0.024082197294643892,0.4738964459872774
model_a,scenario_a,Emissions|NOx|AFOLU|Agriculture,Mt NO2/yr,model_a|Pacific OECD,0.9254166964960485,0.12461276110806863,0.16191121966165845,0.34881620723431606,0.004090102055286149,0.6825881232604014,0.9539443474290898,0.29906673741824097,0.5918580841717774,0.07033269685595611,0.41592679577959657,0.9027867528376498,0.345391056972573,0.33589775303830893,0.6550247799573685,0.7110837315050516,0.38354671474346724,0.6441726884291598
model_a,scenario_a,Emissions|NOx|AFOLU|Agricultural Waste Burning,Mt NO2/yr,model_a|Pacific OECD,0.7675599255158794,0.1227346593856945,0.04879589269576201,0.15304709299161634,0.6356709855329108,0.24100143562717347,0.48794856160208433,0.06257256254229204,0.64287579410607,0.4899074016663775,0.3531178396116803,0.5175736524482163,0.08838244494712766,0.8042591230961613,0.7437069739129729,0.6938064849335588,0.060759467524777344,0.3611306324910719
model_a,scenario_a,Emissions|NOx|AFOLU|Land|Fires|Forest Burning,Mt NO2/yr,model_a|Pacific OECD,0.3535427153796208,0.15365745545399112,0.46799386147235855,0.030483853413533435,0.05422916880366768,0.7150838440186219,0.10017577503081132,0.03171651218183791,0.6414174855663456,0.7748975183140391,0.6339865464073532,0.7452915833387295,0.02252932064350044,0.45079028965099843,0.355590513593842,0.8703865626932251,0.9909492362829848,0.8689426771548112
model_a,scenario_a,Emissions|NOx|AFOLU|Land|Fires|Grassland Burning,Mt NO2/yr,model_a|Pacific OECD,0.4983655361473406,0.9396534067203274,0.7427497309062212,0.2513594233064754,0.8469735217450363,0.24453277862330247,0.04130197130519775,0.2769485224235275,0.896337507171204,0.2597055936405799,0.009376567333526431,0.7227399806374462,0.7935582805210957,0.0076158856405210695,0.8827628455043542,0.43794806236694805,0.29909623487771275,0.8532248205002152
model_a,scenario_a,Emissions|NOx|AFOLU|Land|Fires|Peat Burning,Mt NO2/yr,model_a|Pacific OECD,0.051750390560214354,0.3331854321006843,0.16274504293519898,0.9509320277947496,0.6986278106962168,0.5214134886713514,0.6402326228271253,0.6789847868654207,0.20249244077961392,0.7218073789174901,0.4847921662467022,0.10179680318930329,0.07184599669369207,0.9798715953990147,0.33121978601793445,0.4356950222697604,0.16925751427001412,0.8287301829255357
model_a,scenario_a,Emissions|NOx|AFOLU|Land|Land Use and Land-Use Change,Mt NO2/yr,model_a|Pacific OECD,0.27871223664298184,0.3873921463780087,0.9284006994053613,0.42619722678527694,0.3921496413540012,0.8609911885705921,0.5470712393526702,0.3709339646152414,0.9065941876588076,0.5655618822786089,0.736180028994458,0.4426461904802652,0.5970832165457705,0.5987928995462701,0.9027927886963716,0.09605775418073437,0.3983088328946892,0.296558348972622
model_a,scenario_a,Emissions|NOx|AFOLU|Land|Harvested Wood Products,Mt NO2/yr,model_a|Pacific OECD,0.9219421167801509,0.9016289519154569,0.7641380085651522,0.7753637951701148,0.8264325013066903,0.2514239209796444,0.15575168963844754,0.45885450170517617,0.6414673765686797,0.12809729256215685,0.11104694524212522,0.15670708774455688,0.9836419525531676,0.7364810285767056,0.7300426018469724,0.3505058181153543,0.646776373655609,0.2538982984641426
model_a,scenario_a,Emissions|NOx|AFOLU|Land|Other,Mt NO2/yr,model_a|Pacific OECD,0.8681428856772394,0.9697132840858015,0.22267738839283557,0.6517691975905341,0.09267582973738464,0.16604451973704992,0.3793420021765658,0.2909361043527102,0.9086909304449465,0.37866845062411725,0.11431293144952415,0.38288193234680046,0.8606191620416845,0.3379073000505608,0.5161337407843588,0.8203263408645304,0.6026870397753257,0.5698385456445719
model_a,scenario_a,Emissions|NOx|AFOLU|Land|Wetlands,Mt NO2/yr,model_a|Pacific OECD,0.5015480602511068,0.035843503637087215,0.08467192840786864,0.07004008042026444,0.46463301312235206,0.3899138135123331,0.5652307720845282,0.33764655426748735,0.3057397221920902,0.4511046873938471,0.25821578631362074,0.4374221853770188,0.3036107263643889,0.02004374419246069,0.049524440903296885,0.2590991376778984,0.19934034147705293,0.12958059283051548
model_a,scenario_a,Emissions|NOx|Energy|Demand|Transportation,Mt NO2/yr,model_a|Pacific OECD,0.550528556436285,0.877325211189838,0.8784298614353694,1.5676243803995797,1.6509475340251454,0.6832487679102849,1.5441413838520737,1.2188582969444428,1.318304298289934,1.9645169014116863,0.43329173481771777,0.8382651027034698,0.6879796313466556,0.9039324988046165,1.7211709146653917,1.4544558114849042,1.1857498584852029,1.7472743813128804
model_a,scenario_a,Emissions|NOx|AFOLU|Land|Fires,Mt NO2/yr,model_a|Pacific OECD,0.9036586420871757,1.4264962942750028,1.373488635313779,1.2327753045147585,1.5998305012449208,1.4810301113132758,0.7817103691631344,0.9876498214707862,1.7402474335171636,1.7564104908721092,1.1281552799875818,1.569828367165479,0.8879335978582882,1.4382777706905343,1.5695731451161306,1.7440296473299337,1.4593029854307118,2.550897680580562
model_a,scenario_a,Emissions|NOx|Energy|Demand|Bunkers,Mt NO2/yr,model_a|Pacific OECD,0.8361164296838207,0.710287830082492,1.0448865755193255,1.1923983640299056,1.4191154235649996,1.282898448786345,0.40795684279586086,1.1095341397263254,1.416395783731094,0.8618680615124993,1.5633234807947867,1.535591138277451,0.10047555820106835,0.8796777844862245,1.1392307128981372,0.8953836102644674,1.011008216462034,0.2135489402753915
model_a,scenario_a,Emissions|NOx|AFOLU|Land,Mt NO2/yr,model_a|Pacific OECD,3.4740039414386548,3.7210741802913567,3.373376660084997,3.1561456044809484,3.3757214867653493,3.1494035541128955,2.429106072415346,2.4460209464114016,4.502739650381688,3.2798428037308396,2.34791097198731,2.9894857631141205,3.6328886553632995,3.1315027430565316,3.7680667173471303,3.2700186981684514,3.3064155732333886,3.800773466492414
model_a,scenario_a,Emissions|NOx|Energy|Demand,Mt NO2/yr,model_a|Pacific OECD,2.3099362809629724,2.2203248074653166,3.5017075204716472,4.156752387258399,3.5013203421290413,4.613534805975656,3.9634887839412976,3.852124431929046,4.440511074774172,4.465357998538278,3.9435666154735647,3.525298707351215,2.8092655917205374,4.5792182779170725,4.247264673483349,4.250389645317762,4.228254709684938,4.260429742911112
model_a,scenario_a,Emissions|NOx|Energy,Mt NO2/yr,model_a|Pacific OECD,2.95122195473425,3.1494981779401936,3.8421833369427567,4.469309331758696,3.9255173629532374,5.053013204179934,4.294839883726524,4.640913206169298,5.069391095869145,4.987125121324758,4.741535882106418,4.1940850143681345,3.630683337855656,5.46695256818604,4.485385787399842,4.41624299953533,4.9507101420949615,4.927916461009236
model_a,scenario_a,Emissions|NOx|AFOLU,Mt NO2/yr,model_a|Pacific OECD,5.166980563450583,3.9684216007851196,3.5840837724424173,3.6580089047068807,4.0154825743535465,4.072993113000471,3.87099898144652,2.8076602463719347,5.737473528659535,3.8400829022531733,3.116955607378587,4.409846168399986,4.066662157283,4.271659619191002,5.166798471217472,4.6749089146070615,3.7507217555016332,4.806076787412646
model_a,scenario_a,Emissions|OC|Other,Mt OC/yr,model_a|China,0.8562480063466164,0.5863725153447863,0.06794149521995518,0.36211318200917486,0.04174654139807532,0.6562185398328367,0.6971023951936028,0.46932251639376277,0.22606110856887984,0.9404266398558577,0.8394786272473753,0.02807204046220757,0.26135510165105424,0.08297249478067481,0.5995915188593103,0.4894993221731304,0.16204316962988918,0.2891303039913139
model_a,scenario_a,Emissions|OC|Energy|Supply,Mt OC/yr,model_a|China,0.38412842556849247,0.7847442660585505,0.5766315304689613,0.8921915524935347,0.30941831921890106,0.027937874203963542,0.24343606624404723,0.8269735929479894,0.2336529111661605,0.1831768917221418,0.9832976720671042,0.9617190940497031,0.9773122519276232,0.23454549085610588,0.22612386474458845,0.5663632228557212,0.4999569161848332,0.7440382630964646
model_a,scenario_a,Emissions|OC|Energy|Demand|Industry,Mt OC/yr,model_a|China,0.08841960924080983,0.5675557261942294,0.3893932894204193,0.9452496240275235,0.41222517118200885,0.6726915107995701,0.8447932603486373,0.9714915442050582,0.6979537737004251,0.6712024938252822,0.3868204800624916,0.8757724136205922,0.5933240379039518,0.3844039028285029,0.7154074630880666,0.45718185869512795,0.5392045503303897,0.2691616691473967
model_a,scenario_a,Emissions|OC|Energy|Demand|Other Sector,Mt OC/yr,model_a|China,0.7653787623532867,0.5636689423139597,0.883332903527427,0.8779694670995174,0.9980489320315282,0.5513267649544218,0.5222353889263168,0.6690142053286365,0.044009002719975765,0.892212966638418,0.8843530774029401,0.9179894024618,0.04545043564783913,0.9183535498449877,0.7664857110102137,0.8646518562305168,0.5576761976199156,0.44185561714731314
model_a,scenario_a,Emissions|OC|Industrial Processes,Mt OC/yr,model_a|China,0.5927685340874311,0.17950209024354968,0.5611429392717023,0.7033590324029884,0.7360015601428952,0.9800396576113335,0.7241619538282615,0.7903681269447338,0.765228077543136,0.6681467564267037,0.05432851357079904,0.06697971269084213,0.7043378385707221,0.629425224067847,0.7570752174802526,0.1664702184468545,0.5332735992150748,0.9084223150068349
model_a,scenario_a,Emissions|OC|Energy|Demand|Residential and Commercial and AFOFI,Mt OC/yr,model_a|China,0.8417368239503654,0.8074894004983508,0.06575864627238781,0.44043300059283286,0.2736201818805135,0.9517270253252013,0.5803622980787179,0.16301306703799046,0.3058040346042703,0.48324675788668126,0.5633589714398336,0.5958270509006778,0.6209773108995765,0.6228462210253899,0.7749493624130663,0.9506394508066308,0.9956715678299765,0.15534219637360913
model_a,scenario_a,Emissions|OC|Product Use,Mt OC/yr,model_a|China,0.5676181495948495,0.6227717985150316,0.519389180037982,0.717436934372305,0.5574522428530067,0.5430295115383184,0.7258293445488122,0.5369850031147456,0.8774386950107114,0.6285933513791913,0.18378711715001417,0.6909401847238685,0.6127836806698009,0.9451145642027627,0.8070177353877918,0.27734357837464985,0.046598816174690305,0.6750716086850663
model_a,scenario_a,Emissions|OC|Energy|Demand|Transportation|Domestic Aviation,Mt OC/yr,model_a|China,0.2249598344421213,0.47777582343963476,0.7729585946022991,0.8768802306858543,0.3294720666247143,0.10093441898986821,0.24590711418799227,0.8766890288015794,0.7506384988682101,0.23348141644748488,0.9031880616369982,0.5925425020634152,0.917353478179818,0.45631255670424964,0.9278802636759879,0.08239393883288038,0.786767273875054,0.18503483696718082
model_a,scenario_a,Emissions|OC|Energy|Demand|Transportation|Rail,Mt OC/yr,model_a|China,0.14202627510701327,0.1682712717649154,0.1807595016109157,0.14173908554562464,0.9087767550149906,0.862248092968455,0.17797634879404745,0.1630871647693385,0.8272845431246031,0.5708595727243447,0.7600735393049408,0.7974967419841397,0.2518753704219434,0.45846254620698823,0.5994861232590952,0.3004396484789258,0.4875363621674784,0.7526187548886388
model_a,scenario_a,Emissions|OC|Energy|Demand|Bunkers|International Aviation,Mt OC/yr,model_a|China,0.37319667027779446,0.23035678015799588,0.14130180826380245,0.27809776636324013,0.06193566065891809,0.24324976813852928,0.36561745756662756,0.0023053320333211724,0.26589324595137576,0.03512653487872486,0.7579555129637346,0.3385766187540785,0.44180478123372924,0.9749690214100433,0.48063468759540806,0.20432800692424646,0.39463616771812093,0.9302862848686574
model_a,scenario_a,Emissions|OC|Energy|Demand|Bunkers|International Shipping,Mt OC/yr,model_a|China,0.5955138209199297,0.9897405266199301,0.8227616330379743,0.09116084058576412,0.029374843545089346,0.5618648882466707,0.4922379891144659,0.0013157617778036812,0.9858758046010342,0.7881701270087667,0.14588254073130724,0.153006428840046,0.6748474378901859,0.49760662057488136,0.1505007384481274,0.9864965463800516,0.055540917853267535,0.42091613191870036
model_a,scenario_a,Emissions|OC|Waste,Mt OC/yr,model_a|China,0.21809817141764487,0.1076689427695845,0.170688910426534,0.6955959612650519,0.45828819351988825,0.37323206874787285,0.20450065465729483,0.8896584699918634,0.4361808646111014,0.0197433511806121,0.23085268180462848,0.6505083445827385,0.5794713224732426,0.4052283180514492,0.8756607492636926,0.0868399773029791,0.17989646454038755,0.5040592621022826
model_a,scenario_a,Emissions|OC|AFOLU|Agriculture,Mt OC/yr,model_a|China,0.6950711432157194,0.230058131626936,0.9311810638074962,0.5523733310828791,0.9400672199032837,0.6477796463784531,0.8602551990758198,0.1819027435272229,0.5431299971730441,0.6439177771149552,0.5565397183300452,0.64601637304985,0.2793229285822749,0.030771763204570535,0.8008847310855397,0.13680226993729994,0.1734631032489964,0.1700353654065878
model_a,scenario_a,Emissions|OC|AFOLU|Agricultural Waste Burning,Mt OC/yr,model_a|China,0.40095535170119256,0.28993279512344317,0.2901369673664437,0.2839354364273201,0.3326954629769242,0.4339457098826567,0.7824061890132178,0.5191455775998998,0.6134039581605204,0.09371555351403016,0.5830075752705434,0.49200456988293795,0.05445324727229761,0.5864199845118399,0.5134217586476514,0.9567280968910449,0.13978255791093075,0.420738555653721
model_a,scenario_a,Emissions|OC|AFOLU|Land|Fires|Forest Burning,Mt OC/yr,model_a|China,0.7498224754238149,0.6972732398236686,0.7965777715563229,0.18607847374411068,0.5412131879751281,0.915358941048109,0.6106358203534659,0.5699172720544774,0.06201491692379657,0.42167684945033135,0.6478655493585604,0.18244557609273904,0.926563211993167,0.5202778018697193,0.7881820007125354,0.8329979209174128,0.5918992209105963,0.09489882847570208
model_a,scenario_a,Emissions|OC|AFOLU|Land|Fires|Grassland Burning,Mt OC/yr,model_a|China,0.5804352426696221,0.5950712735615589,0.14694146661714935,0.2535589106894448,0.30911409250303923,0.030411043882097033,0.36786629095469336,0.2691946902891583,0.954791050221937,0.22522342659148897,0.8978960336532762,0.6022121195052854,0.9203436448617618,0.12635547129346192,0.8603901831261188,0.15056183489821695,0.6602094640179865,0.2752436240942919
model_a,scenario_a,Emissions|OC|AFOLU|Land|Fires|Peat Burning,Mt OC/yr,model_a|China,0.5566131994780781,0.8194723321305527,0.06526671251215477,0.8208974514596796,0.6131907898911152,0.5062547235613546,0.11302374665418258,0.5984790550126037,0.7041082763935674,0.548578517491395,0.5483305415332398,0.6068382449079491,0.12235182518781595,0.938505723111636,0.7810572081047882,0.7003954350325935,0.4924121131963901,0.7114076894942764
model_a,scenario_a,Emissions|OC|AFOLU|Land|Land Use and Land-Use Change,Mt OC/yr,model_a|China,0.02399006173314122,0.8264584606962185,0.9693136128152058,0.915393353339994,0.952340484532634,0.9213475180102008,0.40594149462904905,0.058697318791408715,0.6385616786963274,0.6317830491174182,0.09437175688550303,0.22978978919992898,0.6461948265994244,0.948917805938981,0.30924962908516285,0.1945580299902282,0.6470963015928602,0.6086779951871132
model_a,scenario_a,Emissions|OC|AFOLU|Land|Harvested Wood Products,Mt OC/yr,model_a|China,0.2557300622496552,0.6251149620014629,0.6632114925543607,0.6077419265631092,0.9032216896222923,0.6242915923250992,0.5224950565212798,0.7491964581476679,0.5712580197321256,0.9733338858996364,0.6424273037288805,0.5764505107087108,0.3036512298290791,0.2714582928987985,0.07326808460614476,0.9957384640255089,0.8018128940491474,0.5872008653613725
model_a,scenario_a,Emissions|OC|AFOLU|Land|Other,Mt OC/yr,model_a|China,0.5030970017334219,0.21209585718611212,0.2769542615103804,0.3615219817247285,0.10563012066688404,0.1957201659165051,0.30806704137914076,0.3186924108691701,0.29251761242467433,0.4637456999786531,0.9631521416402553,0.6672398756486622,0.2386087112103884,0.9225188891039762,0.2190274903091235,0.7091395202597877,0.681660655644884,0.37483313031386845
model_a,scenario_a,Emissions|OC|AFOLU|Land|Wetlands,Mt OC/yr,model_a|China,0.6188912386616988,0.6951923220201629,0.4921291410331907,0.8139056302975405,0.3449912273915168,0.8711104832642899,0.363570327010157,0.20719970892435158,0.5488147541210232,0.36240982230426655,0.3103820301163497,0.45282174496023553,0.2988250138374241,0.07987648490915311,0.6734554927434302,0.06867444629610675,0.6336282034882088,0.3991397934475912
model_a,scenario_a,Emissions|OC|Energy|Demand|Transportation,Mt OC/yr,model_a|China,0.3669861095491346,0.6460470952045502,0.9537180962132148,1.018619316231479,1.2382488216397047,0.9631825119583232,0.4238834629820397,1.0397761935709178,1.5779230419928132,0.8043409891718296,1.663261600941939,1.3900392440475549,1.1692288486017615,0.9147751029112379,1.527366386935083,0.38283358731180617,1.2743036360425324,0.9376535918558196
model_a,scenario_a,Emissions|OC|AFOLU|Land|Fires,Mt OC/yr,model_a|China,1.886870917571515,2.11181684551578,1.0087859506856272,1.2605348358932351,1.4635180703692825,1.4520247084915607,1.091525857962342,1.4375910173562394,1.7209142435393008,1.1954787935332152,2.0940921245450763,1.3914959405059735,1.969258682042745,1.5851389962748172,2.4296293919434424,1.683955190848223,1.744520798124973,1.0815501420642704
model_a,scenario_a,Emissions|OC|Energy|Demand|Bunkers,Mt OC/yr,model_a|China,0.9687104911977241,1.220097306777926,0.9640634413017768,0.36925860694900425,0.09131050420400744,0.8051146563852,0.8578554466810935,0.0036210938111248536,1.25176905055241,0.8232966618874915,0.9038380536950419,0.4915830475941245,1.1166522191239152,1.4725756419849247,0.6311354260435355,1.190824553304298,0.45017708557138847,1.3512024167873578
model_a,scenario_a,Emissions|OC|AFOLU|Land,Mt OC/yr,model_a|China,3.288579281949432,4.470678447419736,3.410394458598765,3.959097727818607,3.76970159258261,4.064494468007656,2.6915997775019687,2.7713769140888376,3.7720663085134514,3.6267512508331894,4.104425356916065,3.317797861023511,3.456538463519061,3.8079104691257264,3.7046300886873036,3.652065651419855,4.508718852900073,3.051401926374216
model_a,scenario_a,Emissions|OC|Energy|Demand,Mt OC/yr,model_a|China,3.0312317962913204,3.804858470989016,3.2562663767352253,3.651530014900357,3.0134536109377628,3.9440424694227163,3.2291298570168054,2.846916103953728,3.8774589035698943,3.6742998694097024,4.401632183542246,4.27121115862475,3.5456328521770444,4.312954418595043,4.415344349489964,3.8461313063483797,3.8170330373942027,3.1552154913114965
model_a,scenario_a,Emissions|OC|Energy,Mt OC/yr,model_a|China,3.415360221859813,4.589602737047566,3.8328979072041864,4.5437215673938915,3.322871930156664,3.97198034362668,3.4725659232608526,3.6738896969017176,4.111111814736055,3.8574767611318443,5.38492985560935,5.232930252674453,4.522945104104668,4.547499909451148,4.6414682142345525,4.412494529204101,4.316989953579036,3.899253754407961
model_a,scenario_a,Emissions|OC|AFOLU,Mt OC/yr,model_a|China,4.384605776866344,4.990669374170116,4.6317124897727044,4.795406495328806,5.042464275462818,5.146219824268766,4.334261165591006,3.4724252352159604,4.928600263847016,4.364384581462175,5.243972650516653,4.455818803956299,3.7903146393736336,4.425102216842137,5.018936578420495,4.7455960182482,4.82196451406,3.6421758474345247
model_a,scenario_a,Emissions|OC|Other,Mt OC/yr,model_a|Pacific OECD,0.7437599907446817,0.3742424450999261,0.9974997103456872,0.7159560002218675,0.13529053194157348,0.06481427633901793,0.11328497183151709,0.8463757936199258,0.19098367595714083,0.038182439405779145,0.8854908721563005,0.2080816844354374,0.5029302698210234,0.19279426806259503,0.25801115688636966,0.02844497698251336,0.1789994774302317,0.7837292411139567
model_a,scenario_a,Emissions|OC|Energy|Supply,Mt OC/yr,model_a|Pacific OECD,0.9319161435826835,0.7164175190239633,0.3214279732387664,0.1286397486013363,0.4992856702723151,0.35731632959214543,0.19417068618925415,0.927177207581199,0.9801902356625157,0.8330140284966241,0.7771757118143178,0.7617389842218149,0.995234866069781,0.5638807292184115,0.5233577258624847,0.6587553219764187,0.34605601647744944,0.593445738233539
model_a,scenario_a,Emissions|OC|Energy|Demand|Industry,Mt OC/yr,model_a|Pacific OECD,0.18952216405688038,0.8370957338472574,0.64883535349936,0.7788976275996135,0.1559353228950452,0.5231694237136186,0.4436913016604602,0.9092628340437879,0.0897019369847395,0.8452043004786114,0.2873204433333505,0.9184303198502082,0.24796753728955412,0.7964816251584484,0.20927032845976545,0.8509729716705186,0.10765452418781185,0.7157865926838959
model_a,scenario_a,Emissions|OC|Energy|Demand|Other Sector,Mt OC/yr,model_a|Pacific OECD,0.13445772059551975,0.0474051968113417,0.626618740715783,0.06771949662604804,0.384066330106864,0.12048278082956254,0.41383359039479095,0.38830815672882013,0.6852505242561691,0.9097842430571584,0.25026436377632766,0.724180493664248,0.9202835641844797,0.002315628399280567,0.9381274667495763,0.8942848338893016,0.5348447072988957,0.2336437967974695
model_a,scenario_a,Emissions|OC|Industrial Processes,Mt OC/yr,model_a|Pacific OECD,0.8700833076700577,0.31238265257829145,0.4066900897364504,0.9863693537883821,0.7404954187231504,0.14490866482389497,0.6044675960755436,0.013252807478140505,0.7974974950678182,0.34536615880635246,0.08545402594187035,0.4641875880931341,0.5679373751300061,0.6558107224556162,0.2905828673295341,0.0278192258622858,0.2800150663666652,0.6094675748233185
model_a,scenario_a,Emissions|OC|Energy|Demand|Residential and Commercial and AFOFI,Mt OC/yr,model_a|Pacific OECD,0.4031273852878967,0.3378816474437121,0.8443932955260905,0.7244745431481892,0.7837825887135148,0.9468160409190354,0.2556429434873516,0.26474517218475335,0.4347806529297713,0.27656436213671154,0.25345566196751745,0.0479872972016101,0.949941742891518,0.9161400138487239,0.052668243634772294,0.32913881778618714,0.12553536236772878,0.09360791282610936
model_a,scenario_a,Emissions|OC|Product Use,Mt OC/yr,model_a|Pacific OECD,0.24297256140366008,0.6950434118195427,0.17143812516508705,0.8825551772362737,0.32014135943631417,0.6879332710449442,0.7569301460579221,0.6592769361363421,0.9349193377627065,0.5544551411794958,0.8439110438454956,0.2744617598703807,0.22082393450174165,0.7036722997743314,0.11919939824024905,0.8894529508825416,0.401437883937084,0.8209967561995966
model_a,scenario_a,Emissions|OC|Energy|Demand|Transportation|Domestic Aviation,Mt OC/yr,model_a|Pacific OECD,0.495932548174879,0.9148462082299781,0.21531336859051897,0.7685867407843927,0.5728778569915834,0.09125997477745851,0.17380465942027412,0.6661727710377973,0.8273075090219189,0.3243269300198467,0.4717100362279443,0.2383311314143337,0.8472476234244888,0.5460094180982763,0.13408973226860266,0.5764674525257006,0.21547557728466749,0.4440581410613176
model_a,scenario_a,Emissions|OC|Energy|Demand|Transportation|Rail,Mt OC/yr,model_a|Pacific OECD,0.4472227618251243,0.8959379338947455,0.5660957735502636,0.9791034199237367,0.7584586150219947,0.10999745812217598,0.3287488516016759,0.9570099837380704,0.13131606179518784,0.9199470706317936,0.736596332483459,0.0349294684753404,0.9978304639498066,0.6442354157521983,0.36175475181674643,0.20360937748961117,0.03835730729602138,0.38499964727312797
model_a,scenario_a,Emissions|OC|Energy|Demand|Bunkers|International Aviation,Mt OC/yr,model_a|Pacific OECD,0.6062585472988132,0.8690837964158101,0.017565771544356346,0.36977471107569426,0.528349296469569,0.7275546568816659,0.7006912457566016,0.2760214095403716,0.86058455292715,0.050808109390024225,0.17377298294892418,0.5855295666086779,0.46385264264666093,0.3240648460505573,0.5349379915316594,0.8080043838948083,0.38147656470545366,0.853350928695868
model_a,scenario_a,Emissions|OC|Energy|Demand|Bunkers|International Shipping,Mt OC/yr,model_a|Pacific OECD,0.5844991211139956,0.3430697011082223,0.6999451842644608,0.35209993914826854,0.6467450727351088,0.33396548162914985,0.19650807101649026,0.2666412442299908,0.6218047587773065,0.5212432736837147,0.29549591216087534,0.8716282958369883,0.3941638247586138,0.03830264645150672,0.5664581405374491,0.8054034559993926,0.9387733405439385,0.8166863566551431
model_a,scenario_a,Emissions|OC|Waste,Mt OC/yr,model_a|Pacific OECD,0.9392426842104362,0.3060037020874612,0.9711080563823468,0.047311200478157955,0.46194705600645136,0.2824041382595368,0.781505283305441,0.6191900930506795,0.5563322233616659,0.4738425561944666,0.37319221977054795,0.8749248121947097,0.5202021790304995,0.04750936838304887,0.19358220994644137,0.9221786794413475,0.7868904118618011,0.9080510257023305
model_a,scenario_a,Emissions|OC|AFOLU|Agriculture,Mt OC/yr,model_a|Pacific OECD,0.04884817311149359,0.017088025088863645,0.2506047826476042,0.4043356615441016,0.3758230033826627,0.6047112057879827,0.6390508743958596,0.05413395499392637,0.5190449430407148,0.7352582147325323,0.8742028794482908,0.21178518989443995,0.4916476478748104,0.4566710425413808,0.4458831880023163,0.7979914646991896,0.8787272596426884,0.9590509682125868
model_a,scenario_a,Emissions|OC|AFOLU|Agricultural Waste Burning,Mt OC/yr,model_a|Pacific OECD,0.016977107701267036,0.3472763512916145,0.5213041418108765,0.8533006834465581,0.33913643334681176,0.3882307313136908,0.6376198638768062,0.3694447865297179,0.03488064735528651,0.5536295303714993,0.3948774182326029,0.3402815452348018,0.5620573132451204,0.32232638929430835,0.27196738577364976,0.09826132940379084,0.012875963162702564,0.8727362657253303
model_a,scenario_a,Emissions|OC|AFOLU|Land|Fires|Forest Burning,Mt OC/yr,model_a|Pacific OECD,0.429536878469426,0.463604142920624,0.3763222019103045,0.2768956049415596,0.11116050334324235,0.36818426740798516,0.8468632381017529,0.9529830120336434,0.311098597591985,0.5819017212406392,0.7761234367840508,0.8413213546878455,0.1309137935471657,0.5539217338742862,0.9021523663905795,0.3707723674430903,0.010891139716550424,0.14330179625319217
model_a,scenario_a,Emissions|OC|AFOLU|Land|Fires|Grassland Burning,Mt OC/yr,model_a|Pacific OECD,0.19787509863728692,0.912224078518782,0.03281984278059713,0.7793805337765407,0.6389926834007214,0.832556826261396,0.46415717114736665,0.27383734640277435,0.0719844118559485,0.6160641602602782,0.8306593129726585,0.33334423433301663,0.6451942813118771,0.3427484194866621,0.8553350628166153,0.8045376426878453,0.418494915053062,0.0981523428056702
model_a,scenario_a,Emissions|OC|AFOLU|Land|Fires|Peat Burning,Mt OC/yr,model_a|Pacific OECD,0.9272797251121431,0.4564365328034309,0.9052756670178926,0.8581409744583041,0.4665364416256713,0.3144653609531576,0.3126127178032778,0.8543871680079527,0.11924583982988657,0.3310968179639283,0.4268685454959089,0.1975828415253359,0.06792565996506328,0.05793653468739346,0.4875708913765242,0.4258095562505886,0.5556299440743178,0.2255952719163764
model_a,scenario_a,Emissions|OC|AFOLU|Land|Land Use and Land-Use Change,Mt OC/yr,model_a|Pacific OECD,0.5963870585861153,0.793355030731579,0.8488241619457643,0.4325123141406588,0.5510146527337765,0.979732796586856,0.1206293848560207,0.8262068164549565,0.8783793371414149,0.14644863908582972,0.046703249339379194,0.4947307341307736,0.8156237484162248,0.6507039584422938,0.3625717868994489,0.3379778773804658,0.09871097549374175,0.9457299360532294
model_a,scenario_a,Emissions|OC|AFOLU|Land|Harvested Wood Products,Mt OC/yr,model_a|Pacific OECD,0.9940965517356581,0.9888437813234441,0.44493220244474563,0.6893628684834741,0.6896465575242475,0.34714305914088317,0.8004104923418295,0.9822559207081274,0.8986432767787323,0.9700899020044971,0.2524621974729545,0.9849473370423971,0.8138315461865906,0.3980702456280846,0.3699290982863036,0.09976786622622325,0.4259114950148736,0.27002019714414516
model_a,scenario_a,Emissions|OC|AFOLU|Land|Other,Mt OC/yr,model_a|Pacific OECD,0.5095609642152674,0.5398594936505384,0.7531686863612554,0.7092863730448016,0.19485691454310217,0.7735368553327675,0.5504370281789531,0.7877480542299877,0.975903655935645,0.9926349422334215,0.9155784800426091,0.9267279960167233,0.11080722692779221,0.9569865854774896,0.8362071783944877,0.28310918634204907,0.7520259720411968,0.17075365647390295
model_a,scenario_a,Emissions|OC|AFOLU|Land|Wetlands,Mt OC/yr,model_a|Pacific OECD,0.030526107422833015,0.06639870314065321,0.8230608514818876,0.8431880639003543,0.3687916496984056,0.8241674738139635,0.04294202722792939,0.5492471364433227,0.5880015175635142,0.2446903262738762,0.46626668335670285,0.01705988153198512,0.8295591876463101,0.9585161169722136,0.16872798439639092,0.025099344512909294,0.2750503446376429,0.4714495708830545
model_a,scenario_a,Emissions|OC|Energy|Demand|Transportation,Mt OC/yr,model_a|Pacific OECD,0.9431553100000033,1.8107841421247235,0.7814091421407826,1.7476901607081294,1.3313364720135783,0.2012574328996345,0.50255351102195,1.6231827547758677,0.9586235708171067,1.2442740006516404,1.2083063687114033,0.2732605998896741,1.8450780873742954,1.1902448338504747,0.4958444840853491,0.7800768300153118,0.25383288458068887,0.8290577883344455
model_a,scenario_a,Emissions|OC|AFOLU|Land|Fires,Mt OC/yr,model_a|Pacific OECD,1.554691702218856,1.832264754242837,1.3144177117087943,1.9144171131764045,1.2166896283696351,1.5152064546225388,1.6236331270523974,2.081207526444371,0.5023288492778201,1.5290626994648457,2.0336512952526182,1.3722484305461982,0.844033734824106,0.9546066880483418,2.245058320583719,1.6011195663815243,0.9850159988439302,0.4670494109752388
model_a,scenario_a,Emissions|OC|Energy|Demand|Bunkers,Mt OC/yr,model_a|Pacific OECD,1.1907576684128087,1.2121534975240325,0.7175109558088172,0.7218746502239628,1.1750943692046778,1.0615201385108157,0.8971993167730918,0.5426626537703624,1.4823893117044564,0.5720513830737389,0.4692688951097995,1.4571578624456663,0.8580164674052747,0.362367492502064,1.1013961320691086,1.613407839894201,1.3202499052493921,1.670037285351011
model_a,scenario_a,Emissions|OC|AFOLU|Land,Mt OC/yr,model_a|Pacific OECD,3.6852623841787295,4.220721763089052,4.184403613942447,4.588766732745693,3.020999402869167,4.439786639497009,3.13805205965713,5.226665454280765,3.8432566366971264,3.8829265090624703,3.714661905464264,3.795714379268077,3.413855444001024,3.9188835945684235,3.98249436856035,2.347073840843172,2.5367147860313852,2.3250027715295705
model_a,scenario_a,Emissions|OC|Energy|Demand,Mt OC/yr,model_a|Pacific OECD,2.8610202483531086,4.245320217751067,3.6187674876908336,4.040656478305943,3.8302150829336803,2.8532458168726667,2.5129206633376446,3.728161571503591,3.650745996692243,3.847878289397861,2.4686157328983986,3.421016573051406,4.821287399145122,3.2675495937589916,2.7973066549985717,4.46788129325552,2.342117383684517,3.542133375992931
model_a,scenario_a,Emissions|OC|Energy,Mt OC/yr,model_a|Pacific OECD,3.7929363919357924,4.961737736775031,3.9401954609296,4.169296226907279,4.329500753205996,3.210562146464812,2.7070913495268987,4.65533877908479,4.630936232354759,4.680892317894485,3.2457914447127165,4.182755557273221,5.816522265214903,3.831430322977403,3.3206643808610563,5.126636615231939,2.6881734001619666,4.13557911422647
model_a,scenario_a,Emissions|OC|AFOLU,Mt OC/yr,model_a|Pacific OECD,3.7510876649914904,4.58508613946953,4.956312538400928,5.846403077736353,3.7359588395986414,5.432728576598683,4.414722797929796,5.650244195804409,4.397182227093127,5.171814254166502,4.983742203145158,4.347781114397319,4.467560405120954,4.697881026404112,4.700344942336316,3.2433266349461523,3.428318008836776,4.156790005467488
model_a,scenario_a,Emissions|Sulfur|Other,Mt SO2/yr,model_a|China,0.7903594687896086,0.1753689599878019,0.044272679100014756,0.409860152919578,0.9573059877114928,0.15460993269314005,0.22419940538919236,0.26581636140580844,0.9397260860435404,0.6194360178985601,0.879632834755624,0.6849851487402482,0.2031699230228946,0.7321110312798161,0.7831227461531223,0.8454705495462279,0.435226616703135,0.5388639004495744
model_a,scenario_a,Emissions|Sulfur|Energy|Supply,Mt SO2/yr,model_a|China,0.9613121784061566,0.4754710224426464,0.4838588347570283,0.7565336792854548,0.9935544255196372,0.5171413206805572,0.31739413076848855,0.7974989609226264,0.2848219039901473,0.5399932427443874,0.5566594359095033,0.4906291863868093,0.6829290110275922,0.9914980891365847,0.31063554754541933,0.35038520836651044,0.33465100400456205,0.7523065496599425
model_a,scenario_a,Emissions|Sulfur|Energy|Demand|Industry,Mt SO2/yr,model_a|China,0.7249375146218765,0.8671532461954364,0.4362508229412506,0.9954499193473252,0.009577546950258253,0.5494578480284961,0.8087657146470065,0.9562126643770079,0.47385727577027026,0.23215759001837977,0.5627026979395775,0.32737667022632255,0.2629517154074261,0.38381667711302536,0.2978236336508663,0.8765773245037491,0.8428777021105917,0.4470406424008406
model_a,scenario_a,Emissions|Sulfur|Energy|Demand|Other Sector,Mt SO2/yr,model_a|China,0.41343304636838807,0.6355802665070445,0.8011026853652556,0.9409180364873903,0.13102893167182272,0.6375869261276339,0.1259794214874167,0.7632105009728303,0.5427591291536112,0.7920402617615407,0.6940511977764093,0.6427882700132129,0.4440633470301276,0.2908991140821239,0.9045317043475982,0.9311159403300602,0.720015984762353,0.7955374805659577
model_a,scenario_a,Emissions|Sulfur|Industrial Processes,Mt SO2/yr,model_a|China,0.9818706116320811,0.644998397825292,0.6371695622860886,0.2961291341857225,0.657015120652011,0.6986674937498981,0.989064143146227,0.5805642278756321,0.908744200528419,0.006248305910283025,0.08363435987597612,0.3999737327548174,0.2644070795972838,0.10736639403399939,0.8317126696622377,0.7838625378960785,0.10812089116046264,0.7482586407736957
model_a,scenario_a,Emissions|Sulfur|Energy|Demand|Residential and Commercial and AFOFI,Mt SO2/yr,model_a|China,0.298721945241638,0.9522193683428054,0.20233772833706876,0.23532074325890728,0.24604863105931696,0.42856322747955866,0.37454810670300787,0.8681351860278514,0.8457512951918721,0.6218223043570306,0.9064761181353717,0.3743424825044287,0.5478620674853454,0.3601281319046655,0.7728716433790775,0.8689642090201235,0.6892024694555068,0.05403429294672457
model_a,scenario_a,Emissions|Sulfur|Product Use,Mt SO2/yr,model_a|China,0.6871659870713416,0.539693850359174,0.7200766329047,0.20657707099098965,0.08583626725189353,0.37062893193681656,0.020638272784423317,0.9756949896123356,0.5346659930186202,0.6396708414814432,0.27463184929978424,0.4917644848717261,0.5879228500011168,0.06461905522968914,0.18184737615700863,0.8816580940811939,0.739038214880177,0.9759976480188333
model_a,scenario_a,Emissions|Sulfur|Energy|Demand|Transportation|Domestic Aviation,Mt SO2/yr,model_a|China,0.1472286258480957,0.16015436670380812,0.8424136727970398,0.6176342534450401,0.459865742833134,0.013657894012070293,0.48408293559605053,0.1459475934230976,0.27938587045043184,0.7068170290508599,0.10494477343685604,0.12379646308375547,0.5060977108458921,0.6265493038022363,0.6378863915563064,0.6376590887567126,0.2357139438002097,0.46338547358147575
model_a,scenario_a,Emissions|Sulfur|Energy|Demand|Transportation|Rail,Mt SO2/yr,model_a|China,0.9461744242016835,0.09520981626879577,0.033965500500374834,0.3303891743013352,0.6675936893280519,0.7406979471484134,0.6954771328438148,0.8754066535112839,0.8820291814448296,0.4460942571618265,0.8066356618433473,0.4833783588392826,0.27422888812448065,0.28269001997011556,0.8264692472961994,0.7220854064812746,0.1265629945908554,0.5076475541627966
model_a,scenario_a,Emissions|Sulfur|Energy|Demand|Bunkers|International Aviation,Mt SO2/yr,model_a|China,0.9123715913228692,0.628161414670554,0.37600533820529625,0.9218857159732199,0.6052273195476503,0.29429993417171174,0.8615072633632666,0.23520064958584908,0.953735098203469,0.7239617191668597,0.14280162924358164,0.9191696967811851,0.34839594791144657,0.4586073903793011,0.7724619855296062,0.32569496598008196,0.8619450545008397,0.5546182439214887
model_a,scenario_a,Emissions|Sulfur|Energy|Demand|Bunkers|International Shipping,Mt SO2/yr,model_a|China,0.2190351749201308,0.027278224566218756,0.2563100632101458,0.5959245968039494,0.21926915678020487,0.3812252017892305,0.6323070912911815,0.8445376628301892,0.05258438429123302,0.899096269916128,0.9349158147314043,0.7175928000442171,0.9134318178007342,0.3939918428011979,0.9680196539423901,0.20084271943880305,0.8346214568161099,0.12533868665795767
model_a,scenario_a,Emissions|Sulfur|Waste,Mt SO2/yr,model_a|China,0.09256091272772193,0.5695195586208358,0.17604142463062045,0.9878844219661532,0.857051621034692,0.5183922604879369,0.6736101010620043,0.48490127474909017,0.7727758199483424,0.7834849893849113,0.8809553678683367,0.7145407943303471,0.2860194273503509,0.6555364851609404,0.16925886021062841,0.5408788832812048,0.4098180059574599,0.221072289111099
model_a,scenario_a,Emissions|Sulfur|AFOLU|Agriculture,Mt SO2/yr,model_a|China,0.43726786385130445,0.19407292806442356,0.9121312643266303,0.23060888002887225,0.5169294064331262,0.783476380656807,0.05088705738033561,0.11330344617027033,0.9643524013357915,0.959390262002576,0.33700583839854825,0.698989780524711,0.16030150568933021,0.07729505750819421,0.10765864118764057,0.5097073149098523,0.6100050736325238,0.010893968544271826
model_a,scenario_a,Emissions|Sulfur|AFOLU|Agricultural Waste Burning,Mt SO2/yr,model_a|China,0.814003041368628,0.981193820155526,0.8801636945355777,0.3516785665059101,0.45341178368896307,0.7700450355662534,0.7675284956578751,0.8747606024064856,0.7606951736813639,0.9388586094969898,0.6411013227555263,0.16485578776041598,0.858450143003721,0.5268477591382662,0.18965849824323466,0.03341962043203073,0.15536136295771497,0.5455648622483154
model_a,scenario_a,Emissions|Sulfur|AFOLU|Land|Fires|Forest Burning,Mt SO2/yr,model_a|China,0.7398495272759935,0.5941559493222103,0.056629074565306414,0.6431826786246165,0.4300056974797103,0.27510747707539684,0.1778085888696297,0.3611476348981777,0.014686371674569099,0.8967216465129668,0.7843173684947647,0.08911771689685388,0.4039468206382163,0.7548204136908759,0.7579148888558919,0.5175893735913046,0.9995444052761993,0.9905289628890332
model_a,scenario_a,Emissions|Sulfur|AFOLU|Land|Fires|Grassland Burning,Mt SO2/yr,model_a|China,0.5039455215456379,0.31124991774832644,0.859759041305689,0.12332751294341993,0.12410628488497666,0.40660488221498947,0.10079084479652178,0.8008869361167389,0.5725479052979777,0.7095649845764299,0.22480255447510744,0.3779648629123813,0.33280348995497644,0.06276617673464446,0.8456296739565843,0.09892077070430072,0.4565211733776634,0.7083428998446202
model_a,scenario_a,Emissions|Sulfur|AFOLU|Land|Fires|Peat Burning,Mt SO2/yr,model_a|China,0.28931119968024654,0.9422631974258797,0.8037423010280973,0.1660895455407747,0.8785390539291696,0.23580140472948974,0.1977682820376383,0.8835656228629464,0.14149277242813674,0.9104114228023241,0.11805796478845654,0.6064381427398535,0.6823819836097116,0.735014588418482,0.9622453322277923,0.9854098958638269,0.6021889682945165,0.6784277172030664
model_a,scenario_a,Emissions|Sulfur|AFOLU|Land|Land Use and Land-Use Change,Mt SO2/yr,model_a|China,0.28199178933402924,0.1877645681924638,0.2932072344611889,0.38684708122014533,0.49079374672281173,0.2074442165811221,0.8984819154258615,0.7909592508939383,0.8956411389464493,0.9472722144233244,0.16683834095749062,0.4092236442247773,0.3142302670428666,0.08245894957449817,0.7344336711277869,0.918145505578551,0.9602385539451735,0.9597079670148018
model_a,scenario_a,Emissions|Sulfur|AFOLU|Land|Harvested Wood Products,Mt SO2/yr,model_a|China,0.4606389785611664,0.2876003613828425,0.4248304461854048,0.24552067039391123,0.2522393846946682,0.9619869426468887,0.23499726742464844,0.8286028038580182,0.8357754803234146,0.404719256612432,0.06187158828094785,0.7297368234906347,0.09743551107457993,0.5950490542415076,0.2662140429477927,0.9199996743097912,0.9315145694456668,0.014816971226547793
model_a,scenario_a,Emissions|Sulfur|AFOLU|Land|Other,Mt SO2/yr,model_a|China,0.5486740343362213,0.29920049059370535,0.48190146213474594,0.2535651262634454,0.07713008771527441,0.5284734881839475,0.03999600461993269,0.8252288995155177,0.3733011738617542,0.1553078184884853,0.9599125780001303,0.12966043386383552,0.2612086188819569,0.16026301944953247,0.9289431710798675,0.6431026308490434,0.8053109439081287,0.9429609460057325
model_a,scenario_a,Emissions|Sulfur|AFOLU|Land|Wetlands,Mt SO2/yr,model_a|China,0.538480673785321,0.7611513924191157,0.2512858173298955,0.05441269073150168,0.12333167834228742,0.8373986373884253,0.824691873295867,0.2803624990259669,0.7282990337728704,0.5071151799120568,0.31580846566364806,0.5408380194024347,0.7595536773541361,0.9000082746310025,0.8003835610408438,0.36978948438881554,0.5309386243793465,0.8382300110278694
model_a,scenario_a,Emissions|Sulfur|Energy|Demand|Transportation,Mt SO2/yr,model_a|China,1.0934030500497793,0.2553641829726039,0.8763791732974147,0.9480234277463753,1.127459432161186,0.7543558411604837,1.1795600684398653,1.0213542469343815,1.1614150518952613,1.1529112862126865,0.9115804352802034,0.6071748219230381,0.7803265989703727,0.9092393237723518,1.4643556388525059,1.3597444952379871,0.3622769383910651,0.9710330277442724
model_a,scenario_a,Emissions|Sulfur|AFOLU|Land|Fires,Mt SO2/yr,model_a|China,1.5331062485018778,1.8476690644964164,1.7201304168990927,0.9325997371088112,1.4326510362938567,0.917513764019876,0.4763677157037898,2.045600193877863,0.7287270494006836,2.5166980538917207,1.1271778877583287,1.0735207225490888,1.4191322942029043,1.5526011788440024,2.565789895040268,1.6019200401594322,2.0582545469483793,2.37729957993672
model_a,scenario_a,Emissions|Sulfur|Energy|Demand|Bunkers,Mt SO2/yr,model_a|China,1.1314067662429999,0.6554396392367727,0.6323154014154421,1.5178103127771694,0.8244964763278552,0.6755251359609422,1.493814354654448,1.0797383124160382,1.006319482494702,1.6230579890829877,1.077717443974986,1.6367624968254022,1.2618277657121808,0.852599233180499,1.7404816394719962,0.526537685418885,1.6965665113169495,0.6799569305794464
model_a,scenario_a,Emissions|Sulfur|AFOLU|Land,Mt SO2/yr,model_a|China,3.362891724518616,3.3833858770845437,3.171355377010328,1.8729453057178147,2.3761459337688984,3.4528170488202594,2.474534776470099,4.770753647171304,3.5617438763051723,4.531112523328019,2.6316088606605454,2.882979643530771,2.851560368556444,3.290380476740543,5.295764341236559,4.4529573352856335,5.286257238626694,5.133015475211671
model_a,scenario_a,Emissions|Sulfur|Energy|Demand,Mt SO2/yr,model_a|China,3.6619023225246816,3.365756703254663,2.948385811356432,4.637522439617167,2.338611018170439,3.045488978757115,3.982667665931744,4.688650910728109,4.030102234505717,4.421989431432625,4.152527893106548,3.5884447414924043,3.297031494605453,2.7966824800526657,5.1800642597020445,4.562939654510805,4.310939606036466,2.947602374237242
model_a,scenario_a,Emissions|Sulfur|Energy,Mt SO2/yr,model_a|China,4.623214500930838,3.8412277256973093,3.4322446461134604,5.394056118902622,3.3321654436900765,3.5626302994376724,4.300061796700232,5.486149871650735,4.314924138495865,4.961982674177012,4.709187329016051,4.079073927879214,3.9799605056330454,3.7881805691892505,5.490699807247464,4.913324862877316,4.645590610041028,3.6999089238971843
model_a,scenario_a,Emissions|Sulfur|AFOLU,Mt SO2/yr,model_a|China,4.614162629738549,4.558652625304493,4.963650335872536,2.455232752252597,3.346487123890988,5.00633846504332,3.29295032950831,5.75881769574806,5.286791451322328,6.429361394827586,3.60971602181462,3.746825211815898,3.8703120172494954,3.894523293387003,5.5930814806674345,4.996084270627517,6.051623675216933,5.689474306004258
model_a,scenario_a,Emissions|Sulfur|Other,Mt SO2/yr,model_a|Pacific OECD,0.8605156101394957,0.7103397393520698,0.23555814078234616,0.7612219488799612,0.4677598568907294,0.5149677137682803,0.6926963896084007,0.6895696543500078,0.1378986003419741,0.6840022262821878,0.04785644056087501,0.5885553515845797,0.7807913687964859,0.9452806159380968,0.2788558351041598,0.5233935235820507,0.06233689785000651,0.5767217200755886
model_a,scenario_a,Emissions|Sulfur|Energy|Supply,Mt SO2/yr,model_a|Pacific OECD,0.28199954015725914,0.8827754465093102,0.5783407577527306,0.8348897051371547,0.6025480006785491,0.581665580780456,0.6191038411519892,0.9291663057095519,0.025447547808457482,0.31602099741878154,0.36835116408274093,0.1500636885625557,0.44780933159129266,0.46913454154105616,0.6022310498413952,0.993197098466345,0.18481620586636172,0.38462598289668737
model_a,scenario_a,Emissions|Sulfur|Energy|Demand|Industry,Mt SO2/yr,model_a|Pacific OECD,0.39680515218258594,0.7628257695725541,0.2692604942907644,0.38872223235188186,0.33747477033316375,0.7753053153517371,0.01171856358774559,0.7657012393499415,0.4428794441167362,0.18756792720871385,0.5918910684067323,0.6395063396119514,0.2092665097415456,0.07090482092899875,0.33653643881211837,0.036771097616627335,0.6478925293666652,0.841311575549729
model_a,scenario_a,Emissions|Sulfur|Energy|Demand|Other Sector,Mt SO2/yr,model_a|Pacific OECD,0.5333505851155295,0.9286158515430225,0.03390489212184422,0.7352906575665983,0.3850651825145832,0.5282183264507816,0.15736875984030974,0.519810370720594,0.5045308508293828,0.8731634386761138,0.9726382156094178,0.180532860915959,0.585557686611426,0.5381596066433977,0.9928027763233347,0.12703639225772478,0.49941409813035575,0.1490975810782582
model_a,scenario_a,Emissions|Sulfur|Industrial Processes,Mt SO2/yr,model_a|Pacific OECD,0.9000590931614874,0.5397789859944886,0.124072327096445,0.7826011781744012,0.7333539696473477,0.7986859944892013,0.37839738954356694,0.22437359074122598,0.4505817590323494,0.5063773524866358,0.20413569437207268,0.24232632660388143,0.2403915709659732,0.037845688995607474,0.9262517807915096,0.5110758350230219,0.4584509829814205,0.3566249731629473
model_a,scenario_a,Emissions|Sulfur|Energy|Demand|Residential and Commercial and AFOFI,Mt SO2/yr,model_a|Pacific OECD,0.5161984688115479,0.8992858043750769,0.5829821597321493,0.4286587951123044,0.3383377974672648,0.15679161961267984,0.919642662172564,0.7901689791230767,0.17317756759441727,0.7714211309253955,0.050666977560060666,0.5721552582029004,0.4585489453172773,0.13918200734000785,0.3563786786940425,0.24386987076304922,0.4210540977550088,0.7481513225031879
model_a,scenario_a,Emissions|Sulfur|Product Use,Mt SO2/yr,model_a|Pacific OECD,0.9547078672040085,0.30794400815359146,0.02810034771262182,0.14369806746775327,0.43880954323459775,0.9448523271358437,0.8159896773791057,0.33833649292551027,0.42698471768588186,0.8529269641638626,0.755821147703614,0.4291324588221409,0.9634078423239452,0.5650595587975747,0.5364314459374402,0.5094397207635941,0.7580390956628198,0.866746120581321
model_a,scenario_a,Emissions|Sulfur|Energy|Demand|Transportation|Domestic Aviation,Mt SO2/yr,model_a|Pacific OECD,0.12265150193369989,0.8986725408916649,0.8079291387495566,0.49770235868731616,0.7389797859292709,0.5449477528352876,0.8080327446113482,0.5952060028410204,0.14921078184458436,0.8681086061646908,0.5292905649390065,0.9218957997955803,0.571782130028927,0.08146515392815756,0.9160730486805657,0.9155098125703857,0.472340977751195,0.9313882168488715
model_a,scenario_a,Emissions|Sulfur|Energy|Demand|Transportation|Rail,Mt SO2/yr,model_a|Pacific OECD,0.3613524864307375,0.6881713150713126,0.15250047061083516,0.25223979180301614,0.9110338723604275,0.8016005059789503,0.12506764223447853,0.9962968058781037,0.2353925707677893,0.9056380600402321,0.5276442137401912,0.1209179038509528,0.0727171306774701,0.8597749621937898,0.6675737414626386,0.6399394689466104,0.7017901662462398,0.5614478190233261
model_a,scenario_a,Emissions|Sulfur|Energy|Demand|Bunkers|International Aviation,Mt SO2/yr,model_a|Pacific OECD,0.5392871016496003,0.9301577016659711,0.053502703629567994,0.3056838796224782,0.28041457147011073,0.8900167240551142,0.3575886489824107,0.7420435793095784,0.14177327302821197,0.8831218919632237,0.7769886051682869,0.9995073125058559,0.6071157796165784,0.6151781346564031,0.4971280872020466,0.5098214928766818,0.6581032388249644,0.7865028510805631
model_a,scenario_a,Emissions|Sulfur|Energy|Demand|Bunkers|International Shipping,Mt SO2/yr,model_a|Pacific OECD,0.28864360102481446,0.6014064900268808,0.44704664214917833,0.8505286293204497,0.4560747855331245,0.5470840380296945,0.5281660705969744,0.6976277468113891,0.6264722963248525,0.2500034584168995,0.3625385133982535,0.4688255295966903,0.36164818070152316,0.9974079108018811,0.4701660126049395,0.06142519212569031,0.5604271266757903,0.31742414458980184
model_a,scenario_a,Emissions|Sulfur|Waste,Mt SO2/yr,model_a|Pacific OECD,0.44639934484772203,0.6444461525694878,0.5247461284873729,0.17864723284735806,0.329249213152621,0.809273819848145,0.4066518348547079,0.6434069986393618,0.6862429622821901,0.18506607656122376,0.8386669557772786,0.06636820538542643,0.009659393270621042,0.7007401333078258,0.2458038083313896,0.9422911439917484,0.8819202068253885,0.793068066848682
model_a,scenario_a,Emissions|Sulfur|AFOLU|Agriculture,Mt SO2/yr,model_a|Pacific OECD,0.693036855881456,0.3058937953613501,0.8057532765907993,0.610874227875144,0.12839961013299372,0.4741789054607545,0.3436759023928153,0.6956060374625799,0.37040722428361306,0.13387997639789018,0.10273060157255054,0.9283373305315269,0.5198257788470627,0.4489319551694877,0.5795863637039698,0.19766667437627605,0.9834919353815835,0.3621444354675615
model_a,scenario_a,Emissions|Sulfur|AFOLU|Agricultural Waste Burning,Mt SO2/yr,model_a|Pacific OECD,0.721012656108118,0.003927213897055082,0.649058466119038,0.734123192800364,0.39072731099126956,0.7616080738839393,0.619147565048864,0.463685736769917,0.7925781144543077,0.9278830016296215,0.5535828703068613,0.8433913748607141,0.7151482133195232,0.6257950885404404,0.7180179985197794,0.3085216813567284,0.22616058498838054,0.1325215376140917
model_a,scenario_a,Emissions|Sulfur|AFOLU|Land|Fires|Forest Burning,Mt SO2/yr,model_a|Pacific OECD,0.509933904856786,0.08826044837465608,0.9709437655692482,0.5807831842254484,0.5264779086912977,0.9671382967857016,0.6381354055371729,0.7771464509396455,0.8196550701093436,0.8478966322763194,0.40263424610349763,0.9651158378398454,0.5632533181363426,0.4431319903829902,0.5142181517653296,0.19004284409603311,0.7501018511271035,0.7427849886890696
model_a,scenario_a,Emissions|Sulfur|AFOLU|Land|Fires|Grassland Burning,Mt SO2/yr,model_a|Pacific OECD,0.39112199785266977,0.7247623285020707,0.5340065329433306,0.19965444947875755,0.5074036771459782,0.18324081688229443,0.7087253853473429,0.9255013539858156,0.6901237427062844,0.09145077313601702,0.12906060035906897,0.14104435079047484,0.5166293713275009,0.0189099077491911,0.2787439224008501,0.4269618722794646,0.9384346151740298,0.1563186714714233
model_a,scenario_a,Emissions|Sulfur|AFOLU|Land|Fires|Peat Burning,Mt SO2/yr,model_a|Pacific OECD,0.5659060171299298,0.28492349346390533,0.15848114876112274,0.15400865514199769,0.30182020225299366,0.3491130664324803,0.8320158479601152,0.5227173699395112,0.6427232974293483,0.08054815536648607,0.348895482253448,0.46760200684996545,0.8648699559097446,0.5609165174403234,0.7850319525495328,0.909514937740168,0.7623805535351408,0.3220659523748046
model_a,scenario_a,Emissions|Sulfur|AFOLU|Land|Land Use and Land-Use Change,Mt SO2/yr,model_a|Pacific OECD,0.7425621402768191,0.634669441767535,0.8653881836701004,0.11388264634508716,0.9070983373742286,0.585523934264441,0.9669488366589747,0.8122316422284692,0.9727669938362604,0.30039856758292094,0.2834348803780775,0.5610802458800089,0.25748963466747654,0.9933153344208105,0.7727790584331096,0.4159817605407041,0.41918669276999765,0.1791804468654311
model_a,scenario_a,Emissions|Sulfur|AFOLU|Land|Harvested Wood Products,Mt SO2/yr,model_a|Pacific OECD,0.5803538513156103,0.04734066957178429,0.1775729937562447,0.9490999479824138,0.27775931816305355,0.17568826990621245,0.017129312265283025,0.6748412963871407,0.8743568571480712,0.17357325055642592,0.452506317920239,0.4960729238421948,0.33121854331236067,0.16943407374363606,0.8307284740397393,0.9354138134344386,0.5365815683026296,0.3447867106589704
model_a,scenario_a,Emissions|Sulfur|AFOLU|Land|Other,Mt SO2/yr,model_a|Pacific OECD,0.22808416002052623,0.6023319053249357,0.09458105638110559,0.013198446934875152,0.8959133140266745,0.7147988308769101,0.05670550577896383,0.7904803724508848,0.2799188143690108,0.15176401785858773,0.9183116517493484,0.33468241088491635,0.45229831280222543,0.006214432719546581,0.7581310306368169,0.3913983554276298,0.31124303699911626,0.8491996798558384
model_a,scenario_a,Emissions|Sulfur|AFOLU|Land|Wetlands,Mt SO2/yr,model_a|Pacific OECD,0.3112846865408707,0.2900003481554617,0.005671139175783768,0.41964758622841003,0.6222401319412422,0.34548435213959694,0.32294974125630405,0.7432272886973273,0.31980239353603823,0.48641109972954666,0.7255238224196429,0.6700422425384279,0.4963273568178963,0.41183972158104276,0.6544851029741212,0.8100620358086643,0.02623572411684416,0.8737445452186063
model_a,scenario_a,Emissions|Sulfur|Energy|Demand|Transportation,Mt SO2/yr,model_a|Pacific OECD,0.48400398836443737,1.5868438559629774,0.9604296093603918,0.7499421504903323,1.6500136582896985,1.346548258814238,0.9331003868458267,1.591502808719124,0.38460335261237366,1.7737466662049228,1.0569347786791976,1.0428137036465333,0.6444992607063971,0.9412401161219474,1.5836467901432043,1.555449281516996,1.174131143997435,1.4928360358721977
model_a,scenario_a,Emissions|Sulfur|AFOLU|Land|Fires,Mt SO2/yr,model_a|Pacific OECD,1.4669619198393855,1.097946270340632,1.6634314472737013,0.9344462888462036,1.3357017880902697,1.4994921801004764,2.178876638844631,2.2253651748649723,2.1525021102449764,1.0198955607788225,0.8805903287160146,1.5737621954802856,1.944752645373588,1.0229584155725049,1.5779940267157126,1.5265196541156656,2.450917019836274,1.2211696125352975
model_a,scenario_a,Emissions|Sulfur|Energy|Demand|Bunkers,Mt SO2/yr,model_a|Pacific OECD,0.8279307026744147,1.531564191692852,0.5005493457787463,1.1562125089429278,0.7364893570032353,1.4371007620848086,0.8857547195793851,1.4396713261209675,0.7682455693530644,1.1331253503801233,1.1395271185665403,1.468332842102546,0.9687639603181015,1.612586045458284,0.9672940998069861,0.5712466850023721,1.2185303655007547,1.1039269956703648
model_a,scenario_a,Emissions|Sulfur|AFOLU|Land,Mt SO2/yr,model_a|Pacific OECD,3.3292467579932117,2.6722886351603488,2.8066448202569356,2.4302749163369897,4.038712889595469,3.320987567287637,3.5426100348041567,5.246145774628795,4.599347169134357,2.132042496506304,3.2603670011833223,3.6356400186258337,3.482086492973547,2.6037619780375407,4.594117692799499,4.079375619327102,3.7441640420248614,3.4680809951341436
model_a,scenario_a,Emissions|Sulfur|Energy|Demand,Mt SO2/yr,model_a|Pacific OECD,2.7582888971485153,5.709135473146483,2.347126501283896,3.458826344464045,3.4473807656079454,4.243964282314245,2.9075850920258306,5.106854724033703,2.2734367845059746,4.73902451339527,3.8116581588219485,3.90334100447989,2.8666363626947478,3.3020725964926356,4.236658783779687,2.5343733271567697,3.961022234750219,4.335323510673738
model_a,scenario_a,Emissions|Sulfur|Energy,Mt SO2/yr,model_a|Pacific OECD,3.0402884373057746,6.591910919655793,2.9254672590366266,4.2937160496011995,4.049928766286494,4.825629863094701,3.52668893317782,6.036021029743256,2.298884332314432,5.055045510814051,4.18000932290469,4.053404693042445,3.3144456942860403,3.7712071380336916,4.8388898336210815,3.5275704256231144,4.145838440616581,4.719949493570425
model_a,scenario_a,Emissions|Sulfur|AFOLU,Mt SO2/yr,model_a|Pacific OECD,4.743296269982785,2.982109644418754,4.261456562966773,3.7752723370124976,4.557839810719732,4.556774546632331,4.505433502245836,6.405437548861292,5.762332507872278,3.1938054745338156,3.9166804730627343,5.407368724018075,4.7170604851401325,3.6784890217474686,5.891722055023249,4.585563975060107,4.953816562394826,3.9627469682157965
model_a,scenario_a,Emissions|VOC|Other,Mt VOC/yr,model_a|China,0.16035269288038878,0.8066096673858578,0.6888788200028384,0.714568219493638,0.006177542797852986,0.4131128264265225,0.9294138087698051,0.4345805686917137,0.21935888252474656,0.43016995830388205,0.09507951422447647,0.6712341480748212,0.7042830530857265,0.3266210094381998,0.4715891119189739,0.06458631837661621,0.7340742280942838,0.6757192666480708
model_a,scenario_a,Emissions|VOC|Energy|Supply,Mt VOC/yr,model_a|China,0.6639920152867305,0.13646714639053592,0.9106070074564298,0.8547651509692504,0.7519370804198217,0.5116497006616259,0.8855523270589899,0.7086089053168076,0.46018860833071185,0.6021991786407589,0.8839769858159963,0.2203775719322707,0.8578920583696834,0.2051778321305936,0.010883983438717215,0.9211774752643619,0.45819080559036096,0.27844098677142404
model_a,scenario_a,Emissions|VOC|Energy|Demand|Industry,Mt VOC/yr,model_a|China,0.8273698524019614,0.27371739341980383,0.2377835634793426,0.10993068452117427,0.014412632533010838,0.7019084577607239,0.07217399811662129,0.6744798377086493,0.19494966273283387,0.655191063619223,0.10423942777639417,0.17998905216837868,0.07977306795285866,0.1889599210378795,0.2147132564215929,0.7032092889523054,0.3898248996263439,0.7169122180243873
model_a,scenario_a,Emissions|VOC|Energy|Demand|Other Sector,Mt VOC/yr,model_a|China,0.14412320340768414,0.8163053597406262,0.940451246609928,0.9065855762153627,0.6929456629764023,0.7870044425342875,0.9565943384024284,0.6137632589335749,0.9575437322961096,0.18003576304092528,0.8300597775500824,0.7416805982843622,0.6449241699369886,0.4800210227671575,0.060206770841874646,0.4342444453957961,0.9795548099316452,0.34437296689260943
model_a,scenario_a,Emissions|VOC|Industrial Processes,Mt VOC/yr,model_a|China,0.7747336211684152,0.13353106736226716,0.19316073638050957,0.9146135210833191,0.2049638855456951,0.7368364603459272,0.8040881157300025,0.9921736651936415,0.48275760347955976,0.6847539368374881,0.2889474255862814,0.7355170110942134,0.5825991780359658,0.5068544408495832,0.1350895565978315,0.4769324951195779,0.6905008812840456,0.045952257814641184
model_a,scenario_a,Emissions|VOC|Energy|Demand|Residential and Commercial and AFOFI,Mt VOC/yr,model_a|China,0.4920149825768888,0.04566969186496539,0.5599368757951315,0.7220290664574949,0.09453057385044183,0.48776674629426797,0.9036276550740615,0.6381414592572751,0.375011515849595,0.406892700966895,0.020378273615847098,0.8859583533422352,0.6431372768320127,0.5697241708418667,0.7250892170932628,0.2639667995281302,0.36678038193666096,0.5225986169750851
model_a,scenario_a,Emissions|VOC|Product Use,Mt VOC/yr,model_a|China,0.1924736789086655,0.9317255284764342,0.4687351679916304,0.009023413452552309,0.38815709079193395,0.8015636457888317,0.940922375640712,0.9065381123144999,0.5686320774339572,0.4543097928837827,0.4368248242325592,0.9288416530104302,0.44198493264889316,0.54248943809617,0.4031464531050364,0.5292599515017045,0.2921881343203633,0.38698951982291185
model_a,scenario_a,Emissions|VOC|Energy|Demand|Transportation|Domestic Aviation,Mt VOC/yr,model_a|China,0.8611271138040134,0.7224929807403125,0.20797940159614858,0.5079013682628051,0.7955115268019757,0.6654421243743956,0.9344742918970225,0.6322815044710428,0.41234835225006616,0.31098578842004376,0.5040494051727448,0.6236174271531953,0.838550772141787,0.19239703929030405,0.24770167524736464,0.42301153638511957,0.6065597193719465,0.2510138732711479
model_a,scenario_a,Emissions|VOC|Energy|Demand|Transportation|Rail,Mt VOC/yr,model_a|China,0.72782434083881,0.4328776370338673,0.060256390746188604,0.762260004850618,0.9308423798156009,0.5121612839590564,0.44049851140939555,0.46906422286884253,0.7044452206422707,0.5149223672528677,0.8962349680023209,0.49552404514453396,0.9858466221229778,0.5029167934054719,0.0859652029726895,0.4047037724111343,0.9786688648345938,0.3015240735372644
model_a,scenario_a,Emissions|VOC|Energy|Demand|Bunkers|International Aviation,Mt VOC/yr,model_a|China,0.40525490925468377,0.03174483992840682,0.638239171403104,0.7404525436103823,0.43484611575771903,0.5796791677086114,0.05094974380368367,0.4822683748571718,0.7924684127327042,0.9549407479825357,0.2865254731657154,0.5788186709322536,0.6729990585474038,0.9910223671622339,0.5078497319219872,0.005942697536814978,0.6849614994623995,0.3961539015367148
model_a,scenario_a,Emissions|VOC|Energy|Demand|Bunkers|International Shipping,Mt VOC/yr,model_a|China,0.39933114463270813,0.35317261399714517,0.9637349368544963,0.4058170435421937,0.6238033969249661,0.579149916445904,0.1025608721401281,0.9400162632313614,0.02677596321829301,0.6258476436242941,0.20894141908079844,0.9549349878872564,0.7051468098236827,0.6177070836796291,0.8389198157532972,0.4627030109374094,0.30550109956164595,0.42695810356549047
model_a,scenario_a,Emissions|VOC|Waste,Mt VOC/yr,model_a|China,0.679714828669966,0.9016921936149693,0.192406340887479,0.3442172341829688,0.48226388241905394,0.7970802287041813,0.5763997036483275,0.667920409158676,0.540457519530037,0.049120879477601465,0.03541517955450868,0.08930108170115725,0.9607151521662668,0.13139068372586893,0.2719982489984105,0.28559706261029005,0.7407388898371425,0.28134527726906666
model_a,scenario_a,Emissions|VOC|AFOLU|Agriculture,Mt VOC/yr,model_a|China,0.29666554934959255,0.7425676714084285,0.36947766031755014,0.11589797365243026,0.7569789965394035,0.3064032229864153,0.7184396917936162,0.19513470661281007,0.25433394482524907,0.23871243673898634,0.2835429264298357,0.14619520102089945,0.7739504718684233,0.4489447496547637,0.8106142308166165,0.8466366123852056,0.654715401778315,0.31988046006099735
model_a,scenario_a,Emissions|VOC|AFOLU|Agricultural Waste Burning,Mt VOC/yr,model_a|China,0.20982361235316216,0.1415248059020805,0.9880138873822987,0.8104453559829683,0.1593031944477935,0.07163824761206583,0.27373490596605676,0.42584334242676236,0.7746140413869351,0.43836426030131537,0.6642853666817848,0.6436959297899646,0.012542582184224438,0.9571558319091923,0.4621294460723985,0.6017906262433548,0.4965939653505378,0.07671781153959101
model_a,scenario_a,Emissions|VOC|AFOLU|Land|Fires|Forest Burning,Mt VOC/yr,model_a|China,0.19331081000491934,0.4450834197508794,0.93308755787555,0.9749020724789427,0.009314268217421096,0.8856419342663198,0.45229031315923907,0.11258861502364781,0.6652809630174579,0.333324494446651,0.2663697395226734,0.35413765671527964,0.8470471595697022,0.6758342855375106,0.31053624076041264,0.479576854570825,0.635210665285886,0.016608977757427312
model_a,scenario_a,Emissions|VOC|AFOLU|Land|Fires|Grassland Burning,Mt VOC/yr,model_a|China,0.11720579045083712,0.3175180730012891,0.395659003947726,0.37318550768530023,0.8010895886880527,0.21970989485274817,0.4838056895794349,0.8107631713112453,0.2798301707115781,0.6338540598749314,0.5232666372858641,0.03233819522454806,0.18233197605909413,0.3214829198314404,0.06208287254750722,0.7117453615336622,0.14803043663239857,0.6762490139695728
model_a,scenario_a,Emissions|VOC|AFOLU|Land|Fires|Peat Burning,Mt VOC/yr,model_a|China,0.1879360657797502,0.6888397153658826,0.7077336356639612,0.34960944054325527,0.4472699955929298,0.9026283004450035,0.41085561897822565,0.1509987133527314,0.18746649705804463,0.2011822760446801,0.6273945056621277,0.3499367525196304,0.3666539045342081,0.053527134270073495,0.5901368739805676,0.5111911601680695,0.2527986145943443,0.3599455321246948
model_a,scenario_a,Emissions|VOC|AFOLU|Land|Land Use and Land-Use Change,Mt VOC/yr,model_a|China,0.41606530219459015,0.5739721554702572,0.9213153445785507,0.855430560298411,0.827131266079476,0.6996313288705056,0.06582119306224721,0.4650351993184776,0.4614694058078471,0.3283165437742601,0.844947216871761,0.828956470702975,0.8109480651382714,0.6014460510711898,0.04061508040489914,0.21409217361692578,0.5174285322516564,0.9422701719043377
model_a,scenario_a,Emissions|VOC|AFOLU|Land|Harvested Wood Products,Mt VOC/yr,model_a|China,0.254952855328873,0.6289325447805671,0.3532660624154713,0.5229398461088794,0.027265550310191178,0.33095054052521455,0.38154803939920834,0.353013768366253,0.2053997463087709,0.7919860354202856,0.47092512212385207,0.33565822923741473,0.668615725969859,0.6769788452668376,0.06378106218540747,0.7832990943570419,0.9128972303455545,0.24639770607388478
model_a,scenario_a,Emissions|VOC|AFOLU|Land|Other,Mt VOC/yr,model_a|China,0.6300841619376163,0.4868251436853569,0.19267662587379009,0.32982932760829853,0.16640088438094558,0.9650364824926948,0.48119776352220145,0.14727100101968316,0.6656237172933093,0.07094982944252648,0.9063095132303878,0.7894037836098409,0.048875183234526776,0.4040131944998443,0.5905725314957827,0.11523836165171186,0.3674071424360569,0.16479549254443948
model_a,scenario_a,Emissions|VOC|AFOLU|Land|Wetlands,Mt VOC/yr,model_a|China,0.8598415747176774,0.36015468706142584,0.5202133683054819,0.22104166424938065,0.2790149785258852,0.9739544299196434,0.01914729367506185,0.7951561270631469,0.45622583867600464,0.8988133751195805,0.35896347284013297,0.16724853656272687,0.20887125470837453,0.06356915896548221,0.22564080908775097,0.534246551002187,0.5813201686071898,0.04705968951417849
model_a,scenario_a,Emissions|VOC|Energy|Demand|Transportation,Mt VOC/yr,model_a|China,1.5889514546428234,1.1553706177741798,0.2682357923423372,1.2701613731134231,1.7263539066175766,1.177603408333452,1.374972803306418,1.1013457273398854,1.1167935728923368,0.8259081556729114,1.4002843731750656,1.1191414722977293,1.8243973942647647,0.695313832695776,0.33366687822005414,0.8277153087962539,1.5852285842065403,0.5525379468084123
model_a,scenario_a,Emissions|VOC|AFOLU|Land|Fires,Mt VOC/yr,model_a|China,0.49845266623550666,1.4514412081180512,2.0364801974872373,1.6976970207074982,1.2576738524984035,2.0079801295640713,1.3469516217168995,1.0743504996876245,1.1325776307870807,1.1683608303662625,1.4170308824706652,0.7364126044594581,1.3960330401630043,1.0508443396390246,0.9627559872884874,1.7025133762725568,1.036039716512629,1.0528035238516948
model_a,scenario_a,Emissions|VOC|Energy|Demand|Bunkers,Mt VOC/yr,model_a|China,0.8045860538873919,0.384917453925552,1.6019741082576004,1.146269587152576,1.0586495126826851,1.1588290841545152,0.15351061594381177,1.4222846380885332,0.8192443759509972,1.5807883916068297,0.49546689224651386,1.53375365881951,1.3781458683710865,1.608729450841863,1.3467695476752843,0.4686457084742244,0.9904625990240454,0.8231120051022053
model_a,scenario_a,Emissions|VOC|AFOLU|Land,Mt VOC/yr,model_a|China,2.6593965604142635,3.5013257391156585,4.023951598660531,3.6269384189724674,2.5574865317949014,4.977552911372129,2.2946659113756183,2.8348265954551852,2.9212963388730127,3.2584266141229152,3.9981762075367993,2.8576796245724156,3.133343269214036,2.7968515894423787,1.8833654704623277,3.3493895569004235,3.4150927901530865,2.4533265838885354
model_a,scenario_a,Emissions|VOC|Energy|Demand,Mt VOC/yr,model_a|China,3.8570455469167495,2.675980516725127,3.60838158648434,4.1549762874600304,3.5868922886601164,4.313112139077246,3.460879410843341,4.450014921327917,3.4635428597218727,3.6488160749067844,2.8504287443639034,4.460523134912215,4.570377777357711,3.5427483981845427,2.6804456702520687,2.6977815511467096,4.311851274725235,2.9595337538026993
model_a,scenario_a,Emissions|VOC|Energy,Mt VOC/yr,model_a|China,4.52103756220348,2.812447663115663,4.51898859394077,5.00974143842928,4.338829369079938,4.824761839738872,4.346431737902331,5.158623826644725,3.9237314680525843,4.251015253547544,3.7344057301798994,4.6809007068444854,5.428269835727395,3.7479262303151364,2.691329653690786,3.6189590264110714,4.770042080315596,3.2379747405741233
model_a,scenario_a,Emissions|VOC|AFOLU,Mt VOC/yr,model_a|China,3.165885722117018,4.385418216426167,5.38144314636038,4.553281748607866,3.4737687227820984,5.35559438197061,3.286840509135291,3.4558046444947577,3.9502443250851966,3.9355033111632167,4.94600450064842,3.6475707553832795,3.9198363232666837,4.202952171006334,3.1561091473513425,4.797816795528984,4.5664021572819395,2.8499248554891237
model_a,scenario_a,Emissions|VOC|Other,Mt VOC/yr,model_a|Pacific OECD,0.3238180283066838,0.8241766394291884,0.3214857353182651,0.07230173899524872,0.9372430656297416,0.3123016932510877,0.5169825946240486,0.4251882059412976,0.4895826777118225,0.9954312464281397,0.12838629027456983,0.3738215196817567,0.8691928657858458,0.05182335947515948,0.9818870436496117,0.42568218572996464,0.8707027212834063,0.30338336435623714
model_a,scenario_a,Emissions|VOC|Energy|Supply,Mt VOC/yr,model_a|Pacific OECD,0.3046100481197026,0.02023723082504414,0.5029485369441475,0.16609647937404703,0.3030673675299723,0.16438474234576472,0.24649690802917235,0.9984946751380788,0.9478877573582605,0.897477882561622,0.024470715621750072,0.5546395780721284,0.7253789634336643,0.9013374334037593,0.4106218000100885,0.29038427853856996,0.3650506018227173,0.30063396538339326
model_a,scenario_a,Emissions|VOC|Energy|Demand|Industry,Mt VOC/yr,model_a|Pacific OECD,0.46924809541422796,0.9061581239512714,0.422716084266084,0.35221476089823656,0.6548631753170827,0.36365734898637614,0.4878848372516399,0.570028621383932,0.40519638814877357,0.9727968834497304,0.8074387095294722,0.6801588878906958,0.11787162988656918,0.4862084308789044,0.5511803076346792,0.09210426741023403,0.14641875835250817,0.8239865786462536
model_a,scenario_a,Emissions|VOC|Energy|Demand|Other Sector,Mt VOC/yr,model_a|Pacific OECD,0.8542926564856359,0.4614249597714144,0.7595322054335606,0.7090794875908674,0.20041776158017988,0.37435214663422023,0.8953528050256666,0.358337212380593,0.24304073091545875,0.7211212792135023,0.7844762858182013,0.05826633536621462,0.3112250336504656,0.3666446676555142,0.898665082734367,0.29867233870146803,0.008460591959742136,0.9834007868427872
model_a,scenario_a,Emissions|VOC|Industrial Processes,Mt VOC/yr,model_a|Pacific OECD,0.19003363373390314,0.2055976496207882,0.8339914007824499,0.36094356210463063,0.9022255267558118,0.4384948671830893,0.504047599086195,0.32412524050762215,0.22875956928308383,0.2705441446135659,0.24994465052323356,0.8213612129591188,0.7576491753081432,0.08931015265606368,0.7469018381348148,0.07055247305251688,0.9594631301258607,0.5855512803553631
model_a,scenario_a,Emissions|VOC|Energy|Demand|Residential and Commercial and AFOFI,Mt VOC/yr,model_a|Pacific OECD,0.14714076832669354,0.7072022131251967,0.970790756236302,0.9065409896215214,0.666901415708959,0.5375014374726177,0.8276891168784556,0.29361590987407815,0.10078233218688859,0.48074770859629357,0.3986118120168536,0.32921123352970716,0.45893632382933425,0.93967998473647,0.332888090715027,0.40492573525426867,0.14039536231630279,0.7209790676551013
model_a,scenario_a,Emissions|VOC|Product Use,Mt VOC/yr,model_a|Pacific OECD,0.8222625268978286,0.9489116252642886,0.4413766423644794,0.11599994167096739,0.15742103934403018,0.728601834970215,0.8183114963687561,0.30026517814432063,0.8921261740818778,0.2379672413203836,0.005457261039824135,0.11851729692636126,0.4212863629813375,0.1932526142830563,0.2505519182038891,0.019240609438068934,0.7221711296789158,0.5242644163108209
model_a,scenario_a,Emissions|VOC|Energy|Demand|Transportation|Domestic Aviation,Mt VOC/yr,model_a|Pacific OECD,0.30830479753047124,0.7720695658419671,0.19239897153145658,0.7820011234844109,0.40619149502608987,0.08360652288853954,0.4356681773218841,0.6874227138650056,0.7132011243148256,0.4350126384397248,0.29440795783048546,0.6834848686308319,0.7069514366733327,0.18836777052746156,0.5986726982982042,0.08912569882585308,0.3333613642588905,0.13856818791175363
model_a,scenario_a,Emissions|VOC|Energy|Demand|Transportation|Rail,Mt VOC/yr,model_a|Pacific OECD,0.8977518010334334,0.37895926521752155,0.20333084559178982,0.07809501999493407,0.009086637947208986,0.9870224078282772,0.003314669927037106,0.9664166372202052,0.4546024902733624,0.9077436538120198,0.709505147466954,0.41800188530606963,0.5702414904630918,0.006217328155507795,0.32597330937272795,0.7761891014199744,0.5777046626750457,0.5618696548088699
model_a,scenario_a,Emissions|VOC|Energy|Demand|Bunkers|International Aviation,Mt VOC/yr,model_a|Pacific OECD,0.8124230769242263,0.650981504723657,0.8507117437954447,0.07335263800452663,0.27147069390388623,0.8777773034296452,0.5037071961481234,0.6533016135575411,0.9822048816175726,0.404018179944592,0.07341449078047457,0.35412921694440613,0.6885291852012254,0.29152324511644245,0.2556256480716733,0.39337989234357906,0.2838571432301351,0.4141038060041914
model_a,scenario_a,Emissions|VOC|Energy|Demand|Bunkers|International Shipping,Mt VOC/yr,model_a|Pacific OECD,0.4744727081000586,0.9348658413436076,0.24038587446798299,0.6174434849722535,0.2870983825271052,0.8449180611893498,0.16224138107272634,0.6926095211347536,0.28345113179199743,0.8142903028621985,0.759304574305738,0.5407092660562944,0.1253647051183837,0.858387216404741,0.06837545944032197,0.5464129731926008,0.02788126378221467,0.7806383513260827
model_a,scenario_a,Emissions|VOC|Waste,Mt VOC/yr,model_a|Pacific OECD,0.15531534287224813,0.47906308852935486,0.10800996794998585,0.9028774056772437,0.6499265856360552,0.702050434970964,0.6488917566414889,0.1292737593420321,0.5372677833684367,0.2439108182666282,0.7533805561787944,0.9508530251027497,0.7897512116788732,0.4834024986651626,0.9929124725172722,0.9404112750204904,0.5074231223159557,0.18839812859597937
model_a,scenario_a,Emissions|VOC|AFOLU|Agriculture,Mt VOC/yr,model_a|Pacific OECD,0.8941814432968463,0.9468989171737301,0.07774191457798896,0.8620669477057133,0.5229641338560482,0.5187098065173753,0.694420336693375,0.5398312386180004,0.5373244245940143,0.47378336073266314,0.4563527682037023,0.9320357521741428,0.3505234204340837,0.4321236500939232,0.8665211667643818,0.33772690252748017,0.8228682094651477,0.1789312283962019
model_a,scenario_a,Emissions|VOC|AFOLU|Agricultural Waste Burning,Mt VOC/yr,model_a|Pacific OECD,0.40096601053269754,0.540588947544476,0.9155943912190769,0.6418267445213487,0.9411722825426619,0.15401152887717373,0.7184349995678544,0.5796292426645174,0.9470948566814309,0.4677103428051157,0.47648105745095226,0.2602964526083056,0.46282275181312205,0.48107466754726047,0.4968262770703993,0.20778226471675798,0.11163246958309059,0.03881997034071938
model_a,scenario_a,Emissions|VOC|AFOLU|Land|Fires|Forest Burning,Mt VOC/yr,model_a|Pacific OECD,0.40500576929514587,0.03746012437259183,0.9971736322783873,0.36699038773394854,0.2541090263863305,0.8802865832231933,0.7172449353450131,0.8706932282256529,0.8857464594199501,0.3216271913805461,0.7188302163121586,0.2194246370790105,0.14548370283205325,0.8588613522685242,0.8336923270911547,0.8464490820785989,0.9000827426053322,0.4854323982161408
model_a,scenario_a,Emissions|VOC|AFOLU|Land|Fires|Grassland Burning,Mt VOC/yr,model_a|Pacific OECD,0.02839436575155918,0.41286253076670476,0.5874382061229513,0.3289021911098523,0.6013393796561548,0.982555417474703,0.27687501807729675,0.5041672476849062,0.36587244905995564,0.41796134956214803,0.9826142688944393,0.22273889318860574,0.26446424446004924,0.5640530489501234,0.9572059319041698,0.4305841733881639,0.1703347254237184,0.2544748460936531
model_a,scenario_a,Emissions|VOC|AFOLU|Land|Fires|Peat Burning,Mt VOC/yr,model_a|Pacific OECD,0.5613248807512785,0.2084459414867582,0.8251800194482605,0.08728147553506616,0.4969545119422839,0.7759781803883301,0.35649728653235957,0.7944818456379481,0.3402684695375644,0.67698224573573,0.3561710636043789,0.41901566545230506,0.08448502178010042,0.3360909109354092,0.10952846037142439,0.8285722715736783,0.1477357541141502,0.608024497306863
model_a,scenario_a,Emissions|VOC|AFOLU|Land|Land Use and Land-Use Change,Mt VOC/yr,model_a|Pacific OECD,0.6239271513340598,0.0155323156060303,0.7301738840311968,0.9621190475781477,0.7824330741326158,0.9027930657740295,0.1456894091857679,0.8657284026327353,0.5228302520688937,0.5590358220637753,0.9928960687558134,0.08658071779148124,0.5663621053015429,0.7515115212701841,0.11408915226023897,0.25353418946323514,0.9742390714614041,0.6721670185372842
model_a,scenario_a,Emissions|VOC|AFOLU|Land|Harvested Wood Products,Mt VOC/yr,model_a|Pacific OECD,0.35166918870879693,0.7458890204561427,0.37447493436677504,0.44152943421136737,0.07841325798280308,0.0005625313125128262,0.9136670933040606,0.9251171157379986,0.4188130497030558,0.16200002105485622,0.357806343778832,0.22135131464167312,0.8011260841730433,0.5365389757142394,0.5878363748681462,0.7567343716281584,0.9311235931646671,0.8988221389400094
model_a,scenario_a,Emissions|VOC|AFOLU|Land|Other,Mt VOC/yr,model_a|Pacific OECD,0.2484932829212756,0.9780983191610485,0.17165079652081572,0.17418385530879377,0.06469562859197486,0.058584592173289596,0.6734586054775332,0.9700431153133069,0.7725760275966738,0.10268798228066922,0.12157047784651553,0.8515906648526329,0.10230529579216385,0.8975759919548836,0.627863696668601,0.6504700904561648,0.7479397895287084,0.7132737562861072
model_a,scenario_a,Emissions|VOC|AFOLU|Land|Wetlands,Mt VOC/yr,model_a|Pacific OECD,0.34079728484735505,0.40085584796803664,0.933115888411021,0.11444763670724001,0.07632878650642161,0.7064824382820922,0.01075792992385538,0.35744791365091755,0.38756868930309396,0.5450585816850908,0.8252307880948465,0.9052604288697242,0.18416523160606046,0.508705759796199,0.4291162828990056,0.3003965454418722,0.5793956216131412,0.14702869288823395
model_a,scenario_a,Emissions|VOC|Energy|Demand|Transportation,Mt VOC/yr,model_a|Pacific OECD,1.2060565985639047,1.1510288310594885,0.3957298171232464,0.8600961434793449,0.41527813297329885,1.0706289307168166,0.4389828472489212,1.6538393510852107,1.167803614588188,1.3427562922517446,1.0039131052974395,1.1014867539369015,1.2771929271364244,0.19458509868296936,0.9246460076709322,0.8653148002458275,0.9110660269339362,0.7004378427206235
model_a,scenario_a,Emissions|VOC|AFOLU|Land|Fires,Mt VOC/yr,model_a|Pacific OECD,0.9947250157979836,0.6587685966260548,2.409791857849599,0.783174054378867,1.3524029179847692,2.6388201810862264,1.3506172399546694,2.1693423215485073,1.59188737801747,1.416570786678424,2.057615548810977,0.8611791957199213,0.4944329690722029,1.759005312154057,1.900426719366749,2.1056055270404412,1.2181532221432008,1.347931741616657
model_a,scenario_a,Emissions|VOC|Energy|Demand|Bunkers,Mt VOC/yr,model_a|Pacific OECD,1.286895785024285,1.5858473460672646,1.0910976182634275,0.6907961229767802,0.5585690764309914,1.7226953646189949,0.6659485772208498,1.3459111346922947,1.26565601340957,1.2183084828067905,0.8327190650862125,0.8948384830007006,0.8138938903196091,1.1499104615211835,0.3240011075119953,0.9397928655361799,0.3117384070123498,1.1947421573302741
model_a,scenario_a,Emissions|VOC|AFOLU|Land,Mt VOC/yr,model_a|Pacific OECD,2.559611923609471,2.7991440998173127,4.619207361179408,2.4754540281844157,2.3542736651985843,4.307242808628151,3.0941902778458865,5.287678868883466,3.693675396689187,2.7853531937628153,4.355119227286984,2.925962321875433,2.1483916859450134,4.453337560889564,3.659332226062741,4.066740724029872,4.450851297911122,3.779223348268292
model_a,scenario_a,Emissions|VOC|Energy|Demand,Mt VOC/yr,model_a|Pacific OECD,3.9636339038147472,4.8116614739746355,3.6398664813226205,3.5187275045667503,2.496029562010512,4.068835228429025,3.315858183625533,4.221732229416109,3.1824790792488793,4.7357306463180615,3.8271589777481787,3.0639616937242202,2.9791198048224024,3.137028643475041,3.031380596267001,2.6008100071479783,1.5180791465748391,4.42354643319504
model_a,scenario_a,Emissions|VOC|Energy,Mt VOC/yr,model_a|Pacific OECD,4.2682439519344495,4.83189870479968,4.142815018266768,3.6848239839407975,2.799096929540484,4.2332199707747895,3.5623550916547053,5.220226904554187,4.1303668366071395,5.633208528879684,3.8516296933699286,3.6186012717963485,3.704498768256067,4.0383660768788,3.44200239627709,2.8911942856865482,1.8831297483975564,4.724180398578433
model_a,scenario_a,Emissions|VOC|AFOLU,Mt VOC/yr,model_a|Pacific OECD,3.8547593774390148,4.286631964535519,5.612543666976474,3.9793477204114778,3.8184100815972943,4.979964144022699,4.507045614107116,6.407139350165984,5.178094677964632,3.726846897300594,5.2879530529416385,4.118294526657881,2.961737858192219,5.3665358785307475,5.0226796698975225,4.61224989127411,5.38535197695936,3.9969745470052134
model_a,scenario_a,Emissions|BC,Mt BC/yr,model_a|China,7.291327228534371,11.062162292793495,12.810554282424675,11.016804341775376,12.177063734525179,12.104875114146317,11.832079971790014,10.15318577822635,10.400892028980016,10.851548990455923,10.469928545248308,10.89421120679478,8.318549513258123,10.611142113797893,10.007864770418976,11.885119891766323,11.428006639596406,11.793369445932395
model_a,scenario_a,Emissions|BC,Mt BC/yr,model_a|Pacific OECD,11.71992845511691,10.370635994981225,10.399075095781814,10.854478097460284,11.831633038569272,9.614590081877704,11.201261766256401,10.333932736133235,8.078650498669802,8.675004553580193,8.781054878931908,10.089067147976742,11.614979835905743,12.79470000223315,9.42585894695219,10.993394392728606,9.711542086391251,11.618073667036356
model_a,scenario_a,Emissions|CH4,Mt CH4/yr,model_a|China,10.102386249433223,12.812745244016176,11.037805990815702,11.365527605578198,10.772594472766535,13.547581249346155,9.23580880705967,10.172223278170803,10.47071556469032,12.087348124665379,9.639092354536512,10.033265985871846,11.209774147395859,11.643966269098717,10.256101379674673,10.670586433263209,11.421256954143775,9.214713848978082
model_a,scenario_a,Emissions|CH4,Mt CH4/yr,model_a|Pacific OECD,9.843821604004074,10.051232047598148,11.462136281607282,11.64968833663884,8.609839023311885,11.545890488166421,10.065432799802437,10.599845039654506,8.474897420601,9.290328725640435,9.012812475787305,12.715249360132583,12.543484211871522,7.498498824697116,13.187989917633072,10.591312877192408,11.708791566234204,11.855123409973213
model_a,scenario_a,Emissions|CO,Mt CO/yr,model_a|China,9.79161841401103,10.123540611662566,10.305374212827992,9.7570702447894,7.85880051303491,9.760869103140763,8.616520742505788,12.673870919613488,10.832685332842281,12.554372566599934,10.023092313431116,11.76321574872602,9.589977059531407,10.454907719868736,12.449044255234988,8.6828965355531,10.085035866319668,9.689047921046374
model_a,scenario_a,Emissions|CO,Mt CO/yr,model_a|Pacific OECD,11.170590292532996,10.477023106971593,11.496967552303861,9.487168011221106,11.070290640435605,8.212309250391588,9.699082539169565,7.929482243533738,12.883432052892024,9.615881521127914,12.272260014678288,10.477033549278634,10.925103754806647,11.880982644438891,12.372591125506153,8.275288926291813,9.691524706665955,11.642249646143693
model_a,scenario_a,Emissions|CO2,Mt CO2/yr,model_a|China,7.91269384741285,8.924388369634741,10.40953073691778,8.365252344553127,9.015018068547537,8.435983996007106,9.835887985259774,9.010165315313749,10.108120162983692,10.57623974298188,10.322009392058717,9.103955321415224,9.24156900093276,10.334911052336079,10.301702621522312,8.920725285610532,10.037727172760977,8.77488379534616
model_a,scenario_a,Emissions|CO2,Mt CO2/yr,model_a|Pacific OECD,8.875097041240995,11.14276248176641,7.5695247711370985,6.549980139982043,9.186405084078476,10.819768779443663,9.182105031376379,9.73339546301471,8.66530646730429,9.495564708801478,9.255251909963185,9.528262909632797,8.475530142096549,9.785159032047432,8.186345013809209,9.886747507913952,11.860604674699887,8.768948554462467
model_a,scenario_a,Emissions|N2O,kt N2O/yr,model_a|China,9.837105563974458,10.03489228853907,10.781481324499559,9.70569835619352,10.56121855964687,9.320716475042238,8.833662519276256,10.08728189676955,8.883486118060365,12.518751510103554,11.111293990254774,10.716684600251853,8.6952619260178,10.18208449906236,10.384888510347167,11.420120200241415,10.479133358848948,9.418607414109134
model_a,scenario_a,Emissions|N2O,kt N2O/yr,model_a|Pacific OECD,10.867710700464487,11.836430474146258,10.680593116907598,9.048543643176533,12.545695314869285,11.147358481221534,7.513291660934461,12.717884565828527,10.030967867077232,11.932661512201602,10.438861687061825,11.285264063477783,8.76227706751268,10.32624897028089,10.178622647615605,9.395950033546686,9.13495843051448,10.599501850904154
model_a,scenario_a,Emissions|NH3,Mt NH3/yr,model_a|China,11.307536558027298,12.104407669652506,13.870365050315735,10.886192337681825,8.659273492769904,8.82466607561033,12.514459749269578,13.412944741787673,10.490300994278048,11.59047661507873,9.984762188220135,12.725724622038225,11.129239471821801,12.041931814515511,9.692403426921349,12.342223064024068,11.727479892345501,11.139684965588497
model_a,scenario_a,Emissions|NH3,Mt NH3/yr,model_a|Pacific OECD,10.843767681916558,10.204864950229144,10.986501457109885,11.74912357915126,9.08094760263565,13.818484239628951,11.646652909904741,10.594823989409672,9.364899502934474,11.734868994836301,9.53067441075684,11.735651655335776,10.426994993916772,11.68288889584177,10.78188230783512,11.009337579915645,8.3153012305084,11.302929565131954
model_a,scenario_a,Emissions|NOx,Mt NO2/yr,model_a|China,9.107025331006328,8.166601291706069,8.767936854385148,11.974964140974707,9.131756493095388,10.954208553412498,10.461800962376843,11.315052779251312,10.635884294723269,9.463772569592978,10.108402233800987,9.260282896786387,10.48894284328198,12.525930900811694,9.131500672519989,10.525594650582573,10.703200280257786,10.740377552950672
model_a,scenario_a,Emissions|NOx,Mt NO2/yr,model_a|Pacific OECD,10.281955620807501,9.337267327773564,9.846580769051497,10.370034336195593,10.292541776122242,10.536929515250563,11.360138135144934,10.030867285773994,11.61709099225834,10.502431000030494,10.611661633247527,9.742138678424457,10.581041281388146,11.505113347174676,11.306244343806584,10.281355227093488,10.960241179412753,11.535398672197967
model_a,scenario_a,Emissions|OC,Mt OC/yr,model_a|China,10.0346988601727,11.076587458090634,9.783772921933064,11.817633172772219,10.158824743533348,11.670719945625807,10.15842143707983,9.832649048562784,11.344620824316898,10.478771441436383,11.937349445898821,11.12524933909041,10.471207686843123,11.035342727396019,12.699750013646096,10.178243643749916,10.060766517199077,9.918113091627983
model_a,scenario_a,Emissions|OC,Mt OC/yr,model_a|Pacific OECD,10.34008260095612,11.234496087829783,11.4432439809601,12.647891036368314,9.723333958912127,9.823351073530889,9.37800214472712,12.443678605174288,11.507851191597219,11.264552867647081,10.417581809572088,10.3521925162642,12.095976428819128,10.129098008057106,8.882384955599967,10.237859083346779,7.763834248594524,11.414613717533161
model_a,scenario_a,Emissions|Sulfur,Mt SO2/yr,model_a|China,11.789334110890142,10.329461117794906,9.97345528090742,9.749739651217663,9.235861564231154,10.311267383348785,9.500524048590389,13.55194442104166,12.757627689357115,13.440184223679795,10.437757762630392,10.117163300392251,9.191791802854187,9.242336828280699,13.049722940097896,12.961279198309537,12.389418013959196,11.873575708254645
model_a,scenario_a,Emissions|Sulfur,Mt SO2/yr,model_a|Pacific OECD,10.945266622641274,11.776529450144185,8.099400766082185,9.93515681398317,10.576941159931522,12.450184264968502,10.325857726809437,14.337145315260653,9.762924879529105,10.477223604841777,9.943170034381264,10.78715575945655,10.025756354783198,9.698622156820266,12.71795475880883,10.599334624043635,11.260402186331042,11.27585734245476
model_a,scenario_a,Emissions|VOC,Mt VOC/yr,model_a|China,9.494198105947934,9.971424336381359,11.443612805563607,11.545445575249623,8.894160493416573,12.928949382974944,10.88409625082647,11.615641226498013,9.685181876106082,9.804873132213515,9.536677174426146,10.753365356108388,12.037688474930931,9.458233973431293,7.129262171662381,9.773151649548243,11.79394637113337,7.477905917617938
model_a,scenario_a,Emissions|VOC,Mt VOC/yr,model_a|Pacific OECD,9.614432861184127,11.576279672178819,11.460222431658423,9.116294352800367,9.264323228503418,11.394632945172845,10.55763415248231,12.806218638655444,11.456197719016991,11.107908876808995,10.27675150432799,10.001448853124216,9.504116242202485,10.22269058048899,11.4369353386802,8.959330720201699,10.328241828761055,10.322752135202048
model_a,scenario_a,Emissions|HFC|HFC23,kt HFC23/yr,World,0.7030970900973427,0.8862957904966334,0.5263168321364379,0.23649562728754214,0.4489009059637672,0.5731157164985529,0.1451528782089404,0.5253165882253437,0.8267013908045341,0.12770500926141926,0.7252453293867741,0.5287680583101708,0.941133500081934,0.24927794164463601,0.5626850295699504,0.5791785238474811,0.13996703286097267,0.07806689186932059
model_a,scenario_a,Emissions|HFC,kt HFC134a-equiv/yr,World,0.9126779221891217,0.4089672516837991,0.16706199733430738,0.7252667109234403,0.10183562861015083,0.9824746723451423,0.5926341399937187,0.44562476705448073,0.8805505682568012,0.7837356883820512,0.5103802553562258,0.2858630239372115,0.5952322690275414,0.022355077734193873,0.8956654533409419,0.587799380903834,0.509878499381631,0.45432762561182694
model_a,scenario_a,Emissions|HFC|HFC134a,kt HFC134a/yr,World,0.11164405492006158,0.021905131587299564,0.6573246259406004,0.0016734162801879116,0.5301909914733726,0.9054128124845359,0.4926255878480178,0.5654599073519149,0.7763532454687013,0.8157651595734146,0.31266667721569585,0.5877070391637772,0.9311797288815612,0.23080065401044014,0.02889985635318615,0.15825011761416696,0.4033900582109571,0.6585033197470403
model_a,scenario_a,Emissions|HFC|HFC43-10,kt HFC43-10/yr,World,0.2947876689877056,0.6049616270935098,0.522025131327327,0.31176422502031853,0.3941341755938954,0.12050720476770582,0.8290582389219592,0.5207826174069254,0.6855782655673275,0.6234437026112041,0.30501026845752754,0.7166949420060481,0.5618451426374671,0.06894324075704528,0.76663763901026,0.08582370883363422,0.9261957680173556,0.9568171170906562
model_a,scenario_a,Emissions|PFC,kt CF4-equiv/yr,World,0.6630322735588419,0.4289746854232114,0.7683236309266491,0.5707539824896164,0.036539253692515095,0.1100339470289372,0.7786457050731204,0.5615104834762374,0.534466584698736,0.9948973670035571,0.27327577019021676,0.10075504153244408,0.7877354834932921,0.8210799880711787,0.915688206260778,0.8982138927865483,0.8143269984999484,0.3249658159547456
model_a,scenario_a,Emissions|F-Gases,Mt CO2-equiv/yr,World,0.38149461231830795,0.0677033642360112,0.05758780092337623,0.7730140198682977,0.6165907673289515,0.8549188701050311,0.7523878801748155,0.8408410416486818,0.39565691616083987,0.05170625881282065,0.5020102718101347,0.4105310403801866,0.2397469157142874,0.9082881823690045,0.8164900889772126,0.7947157507831757,0.7809013940958379,0.2545965011527048
model_a,scenario_a,Emissions|SF6,kt SF6/yr,World,0.3381934859886693,0.2799019469956644,0.5816740659256163,0.31367597989903817,0.9731632901371486,0.8130008225191788,0.4586390102892288,0.329409959290336,0.8890022613259384,0.9004810795713638,0.15950464265120945,0.42084754810805236,0.42322381760882555,0.8580700680035683,0.00873017943294041,0.3421931804711643,0.8513080712683501,0.4070878463966777
model_a,scenario_a,Emissions|CF4,kt CF4/yr,World,0.3393434981835859,0.4836561608811929,0.5035403074199536,0.5169065277024792,0.1935601172919309,0.2962417506463534,0.7215305652308917,0.5814664244230773,0.38645273050672124,0.5970546312592556,0.9876426813837308,0.419860227274072,0.8781540275008058,0.8697156086805462,0.8345234575733741,0.3334243126801748,0.7718649645599557,0.864829471168313
model_a,scenario_a,Emissions|C2F6,kt C2F6/yr,World,0.02378604240099369,0.7513755161954934,0.43642051989623476,0.4362108434905898,0.6519338392042248,0.43286638193887017,0.5565610700026569,0.2886847299089186,0.19748921027962418,0.6868761956327357,0.887037870163087,0.09949434836873239,0.6457231403425798,0.284108010715555,0.5522581772653306,0.3305498475992348,0.35409927378249073,0.9006430948431102
model_a,scenario_a,Emissions|C6F14,kt C6F14/yr,World,0.26892512456721995,0.35490903361421255,0.34028032211545334,0.6660056536063901,0.39741351538205416,0.26854790062659606,0.6598747945462397,0.08087772216421518,0.7777571061850993,0.7065680134019359,0.03399203384777505,0.2500115197573086,0.1826327375754877,0.7539051665944906,0.5174578500867181,0.6772096963537945,0.170841443334951,0.08490616620662861
